#
# A fatal error has been detected by the Java Runtime Environment:
#
#  Internal Error (macroAssembler_x86.cpp:864), pid=1269, tid=1315
#  fatal error: DEBUG MESSAGE: illegal bytecode sequence - method not verified
#
# JRE version: OpenJDK Runtime Environment JBR-17.0.10+8-1207.12-jcef (17.0.10+8) (build 17.0.10+8-b1207.12)
# Java VM: OpenJDK 64-Bit Server VM JBR-17.0.10+8-1207.12-jcef (17.0.10+8-b1207.12, mixed mode, tiered, compressed oops, compressed class ptrs, serial gc, linux-amd64)
# Problematic frame:
# V  [libjvm.so+0xb0e551]  MacroAssembler::debug64(char*, long, long*)+0x41
#
# Core dump will be written. Default location: Core dumps may be processed with "/usr/share/apport/apport -p%p -s%s -c%c -d%d -P%P -u%u -g%g -- %E" (or dumping to /home/ilmi/core.1269)
#
# If you would like to submit a bug report, please visit:
#   https://youtrack.jetbrains.com/issues/JBR
#

---------------  S U M M A R Y ------------

Command Line: -XX:ErrorFile=/home/ilmi/java_error_in_pycharm_%p.log -XX:HeapDumpPath=/home/ilmi/java_error_in_pycharm_.hprof -Xms256m -Xmx1500m -XX:+HeapDumpOnOutOfMemoryError -XX:-OmitStackTraceInFastThrow -XX:+IgnoreUnrecognizedVMOptions -ea -Dsun.io.useCanonCaches=false -Dsun.java2d.metal=true -Djbr.catch.SIGABRT=true -Djdk.http.auth.tunneling.disabledSchemes="" -Djdk.attach.allowAttachSelf=true -Djdk.module.illegalAccess.silent=true -Dkotlinx.coroutines.debug=off -XX:CICompilerCount=2 -XX:ReservedCodeCacheSize=512m -XX:CompileCommand=exclude,com/intellij/openapi/vfs/impl/FilePartNodeRoot,trieDescend -XX:SoftRefLRUPolicyMSPerMB=50 -Dide.show.tips.on.startup.default.value=false -Dsun.tools.attach.tmp.only=true -Dawt.lock.fair=true -Xmx2048m -Djb.vmOptionsFile=/home/ilmi/.config/JetBrains/PyCharmCE2024.1/pycharm64.vmoptions -Djava.system.class.loader=com.intellij.util.lang.PathClassLoader -Didea.vendor.name=JetBrains -Didea.paths.selector=PyCharmCE2024.1 -Djna.boot.library.path=/home/ilmi/pycharm-community-2024.1/lib/jna/amd64 -Dpty4j.preferred.native.folder=/home/ilmi/pycharm-community-2024.1/lib/pty4j -Djna.nosys=true -Djna.noclasspath=true -Dintellij.platform.runtime.repository.path=/home/ilmi/pycharm-community-2024.1/modules/module-descriptors.jar -Didea.platform.prefix=PyCharmCore -Dsplash=true -Daether.connector.resumeDownloads=false --add-opens=java.base/java.io=ALL-UNNAMED --add-opens=java.base/java.lang=ALL-UNNAMED --add-opens=java.base/java.lang.ref=ALL-UNNAMED --add-opens=java.base/java.lang.reflect=ALL-UNNAMED --add-opens=java.base/java.net=ALL-UNNAMED --add-opens=java.base/java.nio=ALL-UNNAMED --add-opens=java.base/java.nio.charset=ALL-UNNAMED --add-opens=java.base/java.text=ALL-UNNAMED --add-opens=java.base/java.time=ALL-UNNAMED --add-opens=java.base/java.util=ALL-UNNAMED --add-opens=java.base/java.util.concurrent=ALL-UNNAMED --add-opens=java.base/java.util.concurrent.atomic=ALL-UNNAMED --add-opens=java.base/java.util.concurrent.locks=ALL-UNNAMED --add-opens=java.base/jdk.internal.vm=ALL-UNNAMED --add-opens=java.base/sun.nio.ch=ALL-UNNAMED --add-opens=java.base/sun.nio.fs=ALL-UNNAMED --add-opens=java.base/sun.security.ssl=ALL-UNNAMED --add-opens=java.base/sun.security.util=ALL-UNNAMED --add-opens=java.base/sun.net.dns=ALL-UNNAMED --add-opens=java.desktop/com.sun.java.swing.plaf.gtk=ALL-UNNAMED --add-opens=java.desktop/java.awt=ALL-UNNAMED --add-opens=java.desktop/java.awt.dnd.peer=ALL-UNNAMED --add-opens=java.desktop/java.awt.event=ALL-UNNAMED --add-opens=java.desktop/java.awt.image=ALL-UNNAMED --add-opens=java.desktop/java.awt.peer=ALL-UNNAMED --add-opens=java.desktop/java.awt.font=ALL-UNNAMED --add-opens=java.desktop/javax.swing=ALL-UNNAMED --add-opens=java.desktop/javax.swing.plaf.basic=ALL-UNNAMED --add-opens=java.desktop/javax.swing.text=ALL-UNNAMED --add-opens=java.desktop/javax.swing.text.html=ALL-UNNAMED --add-opens=java.desktop/sun.awt.X11=ALL-UNNAMED --add-opens=java.desktop/sun.awt.datatransfer=ALL-UNNAMED --add-opens=java.desktop/sun.awt.image=ALL-UNNAMED --add-opens=java.desktop/sun.awt=ALL-UNNAMED --add-opens=java.desktop/sun.font=ALL-UNNAMED --add-opens=java.desktop/sun.java2d=ALL-UNNAMED --add-opens=java.desktop/sun.swing=ALL-UNNAMED --add-opens=java.desktop/com.sun.java.swing=ALL-UNNAMED --add-opens=jdk.attach/sun.tools.attach=ALL-UNNAMED --add-opens=jdk.compiler/com.sun.tools.javac.api=ALL-UNNAMED --add-opens=jdk.internal.jvmstat/sun.jvmstat.monitor=ALL-UNNAMED --add-opens=jdk.jdi/com.sun.tools.jdi=ALL-UNNAMED com.intellij.idea.Main

Host: Intel(R) Core(TM) i5-10210U CPU @ 1.60GHz, 1 cores, 4G, Ubuntu 22.04.4 LTS
Time: Wed Apr 24 16:42:42 2024 CET elapsed time: 4244.931424 seconds (0d 1h 10m 44s)

---------------  T H R E A D  ---------------

Current thread (0x00007e4f941edc50):  JavaThread "AWT-EventQueue-0" [_thread_in_Java, id=1315, stack(0x00007e4f55cc3000,0x00007e4f55dc3000)]

Stack: [0x00007e4f55cc3000,0x00007e4f55dc3000],  sp=0x00007e4f55dc0b60,  free space=1014k
Native frames: (J=compiled Java code, j=interpreted, Vv=VM code, C=native code)
V  [libjvm.so+0xb0e551]  MacroAssembler::debug64(char*, long, long*)+0x41
j  com.intellij.internal.statistic.collectors.fus.actions.persistence.ActionsCollectorImpl$Companion.onAfterActionInvoked(Lcom/intellij/openapi/actionSystem/AnAction;Lcom/intellij/openapi/actionSystem/AnActionEvent;Lcom/intellij/openapi/actionSystem/AnActionResult;)V+46
j  com.intellij.openapi.actionSystem.impl.ActionManagerImpl.fireAfterActionPerformed(Lcom/intellij/openapi/actionSystem/AnAction;Lcom/intellij/openapi/actionSystem/AnActionEvent;Lcom/intellij/openapi/actionSystem/AnActionResult;)V+76
j  com.intellij.openapi.actionSystem.impl.ActionManagerImpl.performWithActionCallbacks(Lcom/intellij/openapi/actionSystem/AnAction;Lcom/intellij/openapi/actionSystem/AnActionEvent;Ljava/lang/Runnable;)V+709
j  com.intellij.openapi.actionSystem.ex.ActionUtil.performDumbAwareWithCallbacks(Lcom/intellij/openapi/actionSystem/AnAction;Lcom/intellij/openapi/actionSystem/AnActionEvent;Ljava/lang/Runnable;)V+37
j  com.intellij.openapi.keymap.impl.IdeKeyEventDispatcherKt.doPerformActionInner(Ljava/awt/event/InputEvent;Lcom/intellij/openapi/keymap/impl/ActionProcessor;Lcom/intellij/openapi/actionSystem/DataContext;Lcom/intellij/openapi/actionSystem/AnAction;Lcom/intellij/openapi/actionSystem/AnActionEvent;)V+50
j  com.intellij.openapi.keymap.impl.IdeKeyEventDispatcherKt.access$doPerformActionInner(Ljava/awt/event/InputEvent;Lcom/intellij/openapi/keymap/impl/ActionProcessor;Lcom/intellij/openapi/actionSystem/DataContext;Lcom/intellij/openapi/actionSystem/AnAction;Lcom/intellij/openapi/actionSystem/AnActionEvent;)V+6
j  com.intellij.openapi.keymap.impl.IdeKeyEventDispatcher.processAction$intellij_platform_ide_impl(Ljava/awt/event/InputEvent;Ljava/lang/String;Lcom/intellij/openapi/actionSystem/DataContext;Ljava/util/List;Lcom/intellij/openapi/keymap/impl/ActionProcessor;Lcom/intellij/openapi/actionSystem/impl/PresentationFactory;Lcom/intellij/openapi/actionSystem/Shortcut;)Z+316
j  com.intellij.openapi.keymap.impl.IdeKeyEventDispatcher.processAction(Ljava/awt/event/InputEvent;Lcom/intellij/openapi/keymap/impl/ActionProcessor;)Z+72
j  com.intellij.openapi.keymap.impl.IdeKeyEventDispatcher.processActionOrWaitSecondStroke(Ljavax/swing/KeyStroke;)Z+42
j  com.intellij.openapi.keymap.impl.IdeKeyEventDispatcher.inInitState()Z+317
j  com.intellij.openapi.keymap.impl.IdeKeyEventDispatcher.dispatchKeyEvent(Ljava/awt/event/KeyEvent;)Z+713
j  com.intellij.ide.IdeEventQueue.dispatchKeyEvent(Ljava/awt/event/KeyEvent;)V+5
j  com.intellij.ide.IdeEventQueue._dispatchEvent$lambda$11(Lcom/intellij/ide/IdeEventQueue;Ljava/awt/AWTEvent;)V+19
j  com.intellij.ide.IdeEventQueue$$Lambda$3994+0x0000000101ccf678.run()V+8
J 48526 c2 com.intellij.ide.IdeEventQueue._dispatchEvent(Ljava/awt/AWTEvent;)V (421 bytes) @ 0x00007e4fb99ea084 [0x00007e4fb99e8ec0+0x00000000000011c4]
J 49677 c2 com.intellij.openapi.progress.impl.CoreProgressManager.computePrioritized(Lcom/intellij/openapi/util/ThrowableComputable;)Ljava/lang/Object; (106 bytes) @ 0x00007e4fb9a402c4 [0x00007e4fb9a3fc80+0x0000000000000644]
J 39970 c2 com.intellij.ide.IdeEventQueue$dispatchEvent$processEventRunnable$1$1.invoke()V (48 bytes) @ 0x00007e4fb957b8b0 [0x00007e4fb957b820+0x0000000000000090]
J 38301 c2 com.intellij.ide.IdeEventQueue.dispatchEvent$lambda$7(Lcom/intellij/ide/IdeEventQueue;Ljava/awt/AWTEvent;ZLjava/awt/AWTEvent;Lcom/intellij/diagnostic/EventWatcher;Ljava/lang/Runnable;Ljava/lang/Class;J)V (379 bytes) @ 0x00007e4fb94b2ab4 [0x00007e4fb94b1440+0x0000000000001674]
J 48137 c2 com.intellij.ide.IdeEventQueue.dispatchEvent(Ljava/awt/AWTEvent;)V (595 bytes) @ 0x00007e4fb999e8dc [0x00007e4fb999db40+0x0000000000000d9c]
J 49693 c2 java.awt.EventDispatchThread.pumpOneEventForFilters(I)V java.desktop (113 bytes) @ 0x00007e4fb9a4cc0c [0x00007e4fb9a4c200+0x0000000000000a0c]
J 40333% c2 java.awt.EventDispatchThread.pumpEventsForFilter(ILjava/awt/Conditional;Ljava/awt/EventFilter;)V java.desktop (47 bytes) @ 0x00007e4fb96077a0 [0x00007e4fb96076a0+0x0000000000000100]
j  java.awt.EventDispatchThread.pumpEventsForHierarchy(ILjava/awt/Conditional;Ljava/awt/Component;)V+11 java.desktop
j  java.awt.EventDispatchThread.pumpEvents(ILjava/awt/Conditional;)V+4 java.desktop
j  java.awt.EventDispatchThread.pumpEvents(Ljava/awt/Conditional;)V+3 java.desktop
j  java.awt.EventDispatchThread.run()V+18 java.desktop
v  ~StubRoutines::call_stub
V  [libjvm.so+0x82fc95]  JavaCalls::call_helper(JavaValue*, methodHandle const&, JavaCallArguments*, JavaThread*)+0x315
V  [libjvm.so+0x83148b]  JavaCalls::call_virtual(JavaValue*, Handle, Klass*, Symbol*, Symbol*, JavaThread*)+0x1cb
V  [libjvm.so+0x8f50d0]  thread_entry(JavaThread*, JavaThread*)+0x70
V  [libjvm.so+0xe648bb]  JavaThread::thread_main_inner()+0xdb
V  [libjvm.so+0xe68128]  Thread::call_run()+0xa8
V  [libjvm.so+0xc29bc1]  thread_native_entry(Thread*)+0xe1

Registers:
RAX=0x00007e4fd30b9000, RBX=0x00007e4fd2a197b8, RCX=0x00007e4fd29f1ab5, RDX=0x0000000000000360
RSP=0x00007e4f55dc0b60, RBP=0x00007e4f55dc0b80, RSI=0x00007e4fd29f1c28, RDI=0x00000000e0000000
R8 =0x00007e4fd2a197b8, R9 =0x0000000000000000, R10=0x00007e4fd2d43c00, R11=0x0000000000000000
R12=0x0000000000000000, R13=0x00007e4fa7f17021, R14=0x00007e4f55dc0c58, R15=0x00007e4f941edc50
RIP=0x00007e4fd250e551, EFLAGS=0x0000000000010246, CSGSFS=0x002b000000000033, ERR=0x0000000000000006
  TRAPNO=0x000000000000000e


Register to memory mapping:

RAX=0x00007e4fd30b9000 points into unknown readable memory: 0x0000000000000058 | 58 00 00 00 00 00 00 00
RBX=0x00007e4fd2a197b8: <offset 0x00000000010197b8> in /home/ilmi/pycharm-community-2024.1/jbr/lib/server/libjvm.so at 0x00007e4fd1a00000
RCX=0x00007e4fd29f1ab5: <offset 0x0000000000ff1ab5> in /home/ilmi/pycharm-community-2024.1/jbr/lib/server/libjvm.so at 0x00007e4fd1a00000
RDX=0x0000000000000360 is an unknown value
RSP=0x00007e4f55dc0b60 is pointing into the stack for thread: 0x00007e4f941edc50
RBP=0x00007e4f55dc0b80 is pointing into the stack for thread: 0x00007e4f941edc50
RSI=0x00007e4fd29f1c28: <offset 0x0000000000ff1c28> in /home/ilmi/pycharm-community-2024.1/jbr/lib/server/libjvm.so at 0x00007e4fd1a00000
RDI=0x00000000e0000000 is an unallocated location in the heap
R8 =0x00007e4fd2a197b8: <offset 0x00000000010197b8> in /home/ilmi/pycharm-community-2024.1/jbr/lib/server/libjvm.so at 0x00007e4fd1a00000
R9 =0x0 is NULL
R10=0x00007e4fd2d43c00: <offset 0x0000000001343c00> in /home/ilmi/pycharm-community-2024.1/jbr/lib/server/libjvm.so at 0x00007e4fd1a00000
R11=0x0 is NULL
R12=0x0 is NULL
R13=0x00007e4fa7f17021 is pointing into metadata
R14=0x00007e4f55dc0c58 is pointing into the stack for thread: 0x00007e4f941edc50
R15=0x00007e4f941edc50 is a thread


Top of Stack: (sp=0x00007e4f55dc0b60)
0x00007e4f55dc0b60:   00000000ad73c1f8 0000000000000033
0x00007e4f55dc0b70:   0000000000000000 00007e4fa7f17021
0x00007e4f55dc0b80:   00007e4f55dc0c20 00007e4fb8540da7
0x00007e4f55dc0b90:   00007e4f0d33cc80 00000000b988a7d8
0x00007e4f55dc0ba0:   0000000087179888 000000008719cd48
0x00007e4f55dc0bb0:   000000008719cd48 000000008708b640
0x00007e4f55dc0bc0:   00000000b9c56118 00000000ad728428
0x00007e4f55dc0bd0:   00000000ad6cd5b8 00007e4f55dc0bd8
0x00007e4f55dc0be0:   00007e4fa7f17006 00007e4f55dc0c58
0x00007e4f55dc0bf0:   00007e4fa7f18000 0000000000000000
0x00007e4f55dc0c00:   00000000ad5a8e98 00007e4fa7f17090
0x00007e4f55dc0c10:   0000000000000000 00007e4f55dc0c40
0x00007e4f55dc0c20:   00007e4f55dc0ca8 00007e4fb854122c
0x00007e4f55dc0c30:   00000000ad728428 0000000087179888
0x00007e4f55dc0c40:   00000000b988a7d8 000000008708b640
0x00007e4f55dc0c50:   00000000b9c56118 00000000ad6cd5b8
0x00007e4f55dc0c60:   00007e4f55dc0c60 00007e4fa7249404
0x00007e4f55dc0c70:   00007e4f55dc0d00 00007e4fa7e80f40
0x00007e4f55dc0c80:   0000000000000000 00000000ac331b20
0x00007e4f55dc0c90:   00007e4fa72494f8 00007e4f55dc0c40
0x00007e4f55dc0ca0:   00007e4f55dc0ce8 00007e4f55dc0d50
0x00007e4f55dc0cb0:   00007e4fb854122c 0000000000000000
0x00007e4f55dc0cc0:   0000000000000000 0000000000000000
0x00007e4f55dc0cd0:   000000008719cd38 0000000000000000
0x00007e4f55dc0ce0:   000000008719cd38 00000000b988a7d8
0x00007e4f55dc0cf0:   000000008708b640 00000000b9c56118
0x00007e4f55dc0d00:   00000000ad62b790 00007e4f55dc0d08
0x00007e4f55dc0d10:   00007e4fa7249e3d 00007e4f55dc0e00
0x00007e4f55dc0d20:   00007e4fa7e80f40 0000000000000000
0x00007e4f55dc0d30:   00000000ac331b20 00007e4fa724a048
0x00007e4f55dc0d40:   00007e4f55dc0ce8 00007e4f55dc0de8
0x00007e4f55dc0d50:   00007e4f55dc0e50 00007e4fb854122c 

Instructions: (pc=0x00007e4fd250e551)
0x00007e4fd250e451:   a6 e0 00 00 00 48 89 45 c8 66 0f 1f 44 00 00 4d
0x00007e4fd250e461:   8d 74 24 e0 48 8b 3b 48 8d 35 2e 36 4e 00 31 c0
0x00007e4fd250e471:   4c 89 f2 4c 89 f1 4c 29 fa e8 51 89 12 00 48 8b
0x00007e4fd250e481:   3b 49 8b 16 49 83 c6 08 31 c0 4c 89 ee e8 3d 89
0x00007e4fd250e491:   12 00 4d 39 e6 75 e7 48 8b 3b 4d 8d 66 20 e8 2c
0x00007e4fd250e4a1:   90 12 00 4c 39 65 c8 75 b6 4c 8b 7d b0 31 c9 31
0x00007e4fd250e4b1:   d2 49 8d 7f c0 4c 89 fe e8 42 27 b8 ff 48 8b 3b
0x00007e4fd250e4c1:   31 c0 48 8d 35 a8 47 4b 00 e8 81 8a 12 00 4c 89
0x00007e4fd250e4d1:   ff 49 8d 77 20 31 c9 31 d2 e8 21 27 b8 ff 0f b6
0x00007e4fd250e4e1:   4d c7 48 8d 05 fa 64 7f 00 48 8b 7d b8 88 08 48
0x00007e4fd250e4f1:   83 c4 28 5b 41 5c 41 5d 41 5e 41 5f 5d e9 0d af
0x00007e4fd250e501:   12 00 90 66 66 2e 0f 1f 84 00 00 00 00 00 90 55
0x00007e4fd250e511:   48 89 e5 41 55 41 54 53 48 89 fb 48 83 ec 08 48
0x00007e4fd250e521:   8d 05 25 0e 80 00 80 38 00 75 44 48 8d 05 35 9e
0x00007e4fd250e531:   7b 00 49 89 d8 48 8d 0d 78 35 4e 00 ba 60 03 00
0x00007e4fd250e541:   00 48 8d 35 df 36 4e 00 bf 00 00 00 e0 48 8b 00
0x00007e4fd250e551:   c6 00 58 31 c0 e8 c5 cc af ff 48 83 c4 08 5b 41
0x00007e4fd250e561:   5c 41 5d 5d e9 f6 5f 11 00 66 0f 1f 44 00 00 49
0x00007e4fd250e571:   89 f4 49 89 d5 66 48 8d 3d 2a 5a 7b 00 66 66 48
0x00007e4fd250e581:   e8 ca 4f 74 ff 48 8d 35 73 36 4e 00 48 89 df 48
0x00007e4fd250e591:   8b 00 8b 90 40 03 00 00 c7 80 40 03 00 00 06 00
0x00007e4fd250e5a1:   00 00 e8 78 6e 12 00 84 c0 74 80 4c 89 ee 4c 89
0x00007e4fd250e5b1:   e7 e8 79 fb ff ff e8 a4 5f 11 00 e9 6b ff ff ff
0x00007e4fd250e5c1:   66 66 2e 0f 1f 84 00 00 00 00 00 0f 1f 40 00 55
0x00007e4fd250e5d1:   48 89 e5 41 57 4c 8d 3d 4e 07 4b 00 41 56 41 55
0x00007e4fd250e5e1:   41 54 53 48 89 fb 48 8d 3d d2 be 49 00 48 83 ec
0x00007e4fd250e5f1:   38 64 48 8b 04 25 28 00 00 00 48 89 45 c8 31 c0
0x00007e4fd250e601:   e8 aa 57 74 ff 48 8d 3d 05 35 4e 00 31 c0 e8 6c
0x00007e4fd250e611:   4a 74 ff 8b b3 8c 00 00 00 48 8d 3d fa 34 4e 00
0x00007e4fd250e621:   31 c0 89 f2 e8 56 4a 74 ff bf 0a 00 00 00 e8 dc
0x00007e4fd250e631:   58 74 ff 48 8d 3d eb 34 4e 00 31 c0 e8 3e 4a 74
0x00007e4fd250e641:   ff 8b b3 80 00 00 00 48 8d 3d cc 34 4e 00 31 c0 


Stack slot to memory mapping:
stack at sp + 0 slots: 0x00000000ad73c1f8 is an oop: com.intellij.openapi.actionSystem.impl.PostInitActionRegistrar 
{0x00000000ad73c1f8} - klass: 'com/intellij/openapi/actionSystem/impl/PostInitActionRegistrar'
 - ---- fields (total size 3 words):
 - private volatile 'boundShortcuts' 'Ljava/util/Map;' @12  a 'java/util/HashMap'{0x00000000ad8b7060} (ad8b7060)
 - private final 'state' 'Lcom/intellij/openapi/actionSystem/impl/ActionManagerState;' @16  a 'com/intellij/openapi/actionSystem/impl/ActionManagerState'{0x00000000ad8b7090} (ad8b7090)
 - private final 'idToAction' 'Ljava/util/concurrent/ConcurrentHashMap;' @20  a 'java/util/concurrent/ConcurrentHashMap'{0x00000000ad8b70b8} (ad8b70b8)
stack at sp + 1 slots: 0x0000000000000033 is an unknown value
stack at sp + 2 slots: 0x0 is NULL
stack at sp + 3 slots: 0x00007e4fa7f17021 is pointing into metadata
stack at sp + 4 slots: 0x00007e4f55dc0c20 is pointing into the stack for thread: 0x00007e4f941edc50
stack at sp + 5 slots: 0x00007e4fb8540da7 is at code_begin+39 in an Interpreter codelet
error exits  [0x00007e4fb8540d80, 0x00007e4fb8540dc0]  64 bytes
stack at sp + 6 slots: 0x00007e4f0d33cc80 is pointing into metadata
stack at sp + 7 slots: 0x00000000b988a7d8 is an oop: com.intellij.openapi.actionSystem.AnActionResult 
{0x00000000b988a7d8} - klass: 'com/intellij/openapi/actionSystem/AnActionResult'
 - ---- fields (total size 2 words):
 - private final 'myFailureCause' 'Ljava/lang/Throwable;' @12  NULL (0)


Compiled method (c2) 4244935 48526       4       com.intellij.ide.IdeEventQueue::_dispatchEvent (421 bytes)
 total in heap  [0x00007e4fb99e8910,0x00007e4fb99ef428] = 27416
 relocation     [0x00007e4fb99e8a70,0x00007e4fb99e8eb0] = 1088
 main code      [0x00007e4fb99e8ec0,0x00007e4fb99ec8a0] = 14816
 stub code      [0x00007e4fb99ec8a0,0x00007e4fb99eca10] = 368
 oops           [0x00007e4fb99eca10,0x00007e4fb99eca80] = 112
 metadata       [0x00007e4fb99eca80,0x00007e4fb99ecf48] = 1224
 scopes data    [0x00007e4fb99ecf48,0x00007e4fb99ee310] = 5064
 scopes pcs     [0x00007e4fb99ee310,0x00007e4fb99eee40] = 2864
 dependencies   [0x00007e4fb99eee40,0x00007e4fb99eefb0] = 368
 handler table  [0x00007e4fb99eefb0,0x00007e4fb99ef298] = 744
 nul chk table  [0x00007e4fb99ef298,0x00007e4fb99ef428] = 400

[Constant Pool (empty)]

[MachCode]
[Entry Point]
  # {method} {0x00007e4fa4872538} '_dispatchEvent' '(Ljava/awt/AWTEvent;)V' in 'com/intellij/ide/IdeEventQueue'
  # this:     rsi:rsi   = 'com/intellij/ide/IdeEventQueue'
  # parm0:    rdx:rdx   = 'java/awt/AWTEvent'
  #           [sp+0x90]  (sp of caller)
  0x00007e4fb99e8ec0: 448b 5608 | 49c1 e203 

  0x00007e4fb99e8ec8: ;   {runtime_call ic_miss_stub}
  0x00007e4fb99e8ec8: 493b c20f | 85af fbb9 | fe66 6690 | 0f1f 8400 | 0000 0000 | 6666 6690 
[Verified Entry Point]
  0x00007e4fb99e8ee0: 8984 2400 | c0fe ff55 | 4881 ec80 | 0000 0048 | 8934 2448 | 8954 2408 | 0f1f 8400 | 0000 0000 
  0x00007e4fb99e8f00: ; implicit exception: dispatches to 0x00007e4fb99ec28c
  0x00007e4fb99e8f00: 448b 5a10 | 4181 fbfa | 0100 000f | 84b4 1400 | 004c 8b1c | 2441 ff43 | 684c 8b54 | 2408 418b 
  0x00007e4fb99e8f20: ;   {metadata('java/awt/event/KeyEvent')}
  0x00007e4fb99e8f20: 5208 81fa | 38e1 0320 | 0f85 8700 | 0000 41ba | 0100 0000 | 4588 5371 | 4c8b 5424 | 0845 8b42 
  0x00007e4fb99e8f40: ;   {metadata('java/awt/event/KeyEvent')}
  0x00007e4fb99e8f40: 1081 fa38 | e103 2075 | 2a41 81f8 | 9201 0000 

  0x00007e4fb99e8f50: ;   {metadata('java/awt/event/KeyEvent')}
  0x00007e4fb99e8f50: 7521 81fa | 38e1 0320 | 0f85 0e33 | 0000 458b | 4a50 4183 | f910 750b | 458b 8b84 | 0000 0045 
  0x00007e4fb99e8f70: ;   {metadata('java/awt/event/MouseWheelEvent')}
  0x00007e4fb99e8f70: 8961 0c81 | faae 200d | 200f 8577 | 0000 0089 | 5424 1048 | 8b74 2408 | 488b ee90 

  0x00007e4fb99e8f8c: ;   {static_call}
  0x00007e4fb99e8f8c: c5f8 77e8 

  0x00007e4fb99e8f90: ; ImmutableOopMap {rbp=Oop [0]=Oop [8]=Oop }
                      ;*invokestatic processMouseWheelEvent {reexecute=0 rethrow=0 return_oop=0}
                      ; - com.intellij.ide.IdeEventQueueKt::access$processMouseWheelEvent@1 (line 1)
                      ; - com.intellij.ide.IdeEventQueue::_dispatchEvent@139 (line 557)
  0x00007e4fb99e8f90: 0c39 0000 | 85c0 0f84 | 4900 0000 | c5f8 7748 | 81c4 8000 

  0x00007e4fb99e8fa4: ;   {poll_return}
  0x00007e4fb99e8fa4: 0000 5d49 | 3ba7 4803 | 0000 0f87 | bc38 0000 | c345 8b83 | 8c00 0000 | 0f1f 4000 

  0x00007e4fb99e8fc0: ; implicit exception: dispatches to 0x00007e4fb99ec3b4
  0x00007e4fb99e8fc0: 458b 500c | 458b 8b90 | 0000 0045 | 8b41 0c45 | 3bd0 0f8f | 56ff ffff | 4533 d20f | 1f44 0000 
  0x00007e4fb99e8fe0: e94f ffff | ff4c 8b54 | 2408 458b | 4210 4c8b | 1c24 8b54 | 2410 4833 | c948 8d0c | d148 8b79 
  0x00007e4fb99e9000: 5041 81f8 | 9101 0000 | 0f84 4e00 | 0000 4181 | f890 0100 | 0074 4566 | 0f1f 8400 | 0000 0000 
  0x00007e4fb99e9020: 4181 f8f5 | 0100 0074 | 3341 81f8 | f601 0000 | 742a 6666 | 0f1f 8400 | 0000 0000 | 6666 6690 
  0x00007e4fb99e9040: 4181 f8f4 | 0100 0074 

  0x00007e4fb99e9048: ;   {metadata('java/awt/event/WindowEvent')}
  0x00007e4fb99e9048: 1349 ba30 | 5f46 0001 | 0000 0049 | 3bfa 0f85 | 4010 0000 

  0x00007e4fb99e905c: ;   {oop(a 'com/intellij/ide/ActivityTracker'{0x00000000ad50ba28})}
  0x00007e4fb99e905c: 49ba 28ba | 50ad 0000 | 0000 41b8 | 0100 0000 | f04d 0fc1 | 4210 418b | 9b88 0000 | 008b 6b10 
  0x00007e4fb99e907c: 0f1f 4000 

  0x00007e4fb99e9080: ; implicit exception: dispatches to 0x00007e4fb99ec32c
  0x00007e4fb99e9080: 448b 4508 

  0x00007e4fb99e9084: ;   {metadata('com/intellij/util/containers/LockFreeCopyOnWriteArrayList')}
  0x00007e4fb99e9084: 4181 f8df | 5004 200f | 85bb 2500 | 004c 8bc5 | 458b 500c | 0f1f 8400 | 0000 0000 

  0x00007e4fb99e90a0: ; implicit exception: dispatches to 0x00007e4fb99ec33c
  0x00007e4fb99e90a0: 458b 4a08 

  0x00007e4fb99e90a4: ;   {metadata('java/lang/Object'[])}
  0x00007e4fb99e90a4: 4181 f954 | b300 200f | 8573 3000 | 0048 8beb | 4d8b ca45 | 8b51 0c0f | 1f44 0000 | 4585 d20f 
  0x00007e4fb99e90c4: 86e8 0f00 | 004c 894c | 2430 4889 | 6c24 284c | 8944 2420 | 895c 2404 | 4889 7c24 | 1848 894c 
  0x00007e4fb99e90e4: 2410 8914 | 2449 8beb | 4d8b 8f08 | 0100 004d | 8bd1 4983 | c220 660f | 1f44 0000 | 4d3b 9718 
  0x00007e4fb99e9104: 0100 000f | 83cf 2100 | 004d 8997 | 0801 0000 | 410f 0d8a | 0001 0000 | 49c7 0101 

  0x00007e4fb99e9120: ;   {metadata('com/intellij/util/containers/LockFreeCopyOnWriteArrayList$COWIterator')}
  0x00007e4fb99e9120: 0000 0041 | c741 0864 | 6406 2045 | 8961 0c4d | 8961 184c | 8b54 2420 | 4d8b da4c | 8b54 2430 
  0x00007e4fb99e9140: 4d8b c241 | baff ffff | ff4d 8951 | 104d 8bd1 | 4589 5a18 | 4589 4214 | 4d8b da49 | c1eb 0949 
  0x00007e4fb99e9160: b800 20c2 | d04f 7e00 | 0047 8824 | 184c 8bdd | 8b14 2448 | 8b4c 2410 | 488b 7c24 | 188b 5c24 
  0x00007e4fb99e9180: 0448 8b6c | 2428 498b | c245 8b41 

  0x00007e4fb99e918c: ;   {metadata('java/util/Collections$EmptyIterator')}
  0x00007e4fb99e918c: 0841 81f8 | 0c18 0120 | 0f85 300f | 0000 41b9 | 0100 0000 | 8b6b 1044 

  0x00007e4fb99e91a4: ;   {metadata('com/intellij/util/containers/LockFreeCopyOnWriteArrayList')}
  0x00007e4fb99e91a4: 8b45 0841 | 81f8 df50 | 0420 0f85 | b024 0000 | 4c8b d541 | 8b6a 0c0f | 1f44 0000 

  0x00007e4fb99e91c0: ; implicit exception: dispatches to 0x00007e4fb99ec370
  0x00007e4fb99e91c0: 448b 4508 

  0x00007e4fb99e91c4: ;   {metadata('java/lang/Object'[])}
  0x00007e4fb99e91c4: 4181 f854 | b300 200f | 857b 2f00 | 004c 8bd5 | 458b 520c | 4585 d20f | 1f44 0000 | 0f87 f210 
  0x00007e4fb99e91e4: ;   {metadata('java/awt/event/WindowEvent')}
  0x00007e4fb99e91e4: 0000 49ba | 305f 4600 | 0100 0000 | 493b fa0f | 85c3 0700 | 000f 1f80 | 0000 0000 

  0x00007e4fb99e9200: ;   {metadata('java/awt/event/WindowEvent')}
  0x00007e4fb99e9200: 81fa e6cb | 0820 0f85 | 7030 0000 | 4489 0c24 | 498b eb48 | 8b74 2408 | 4889 7424 | 1066 6690 
  0x00007e4fb99e9220: ;   {static_call}
  0x00007e4fb99e9220: c5f8 77e8 

  0x00007e4fb99e9224: ; ImmutableOopMap {rbp=Oop [8]=Oop [16]=Oop }
                      ;*invokestatic processAppActivationEvent {reexecute=0 rethrow=0 return_oop=0}
                      ; - com.intellij.ide.IdeEventQueueKt::access$processAppActivationEvent@1 (line 1)
                      ; - com.intellij.ide.IdeEventQueue::_dispatchEvent@213 (line 574)
  0x00007e4fb99e9224: 8736 0000 | 4c8b dd4c | 895c 2410 | 498b f348 | 8b54 2408 

  0x00007e4fb99e9238: ;   {optimized virtual_call}
  0x00007e4fb99e9238: c5f8 77e8 

  0x00007e4fb99e923c: ; ImmutableOopMap {[8]=Oop [16]=Oop }
                      ;*invokespecial dispatchByCustomDispatchers {reexecute=0 rethrow=0 return_oop=0}
                      ; - com.intellij.ide.IdeEventQueue::_dispatchEvent@218 (line 576)
  0x00007e4fb99e923c: c04b 86ff | 85c0 0f85 | 54fd ffff | 4c8b 5c24 | 0845 8b53 

  0x00007e4fb99e9250: ;   {metadata('java/awt/event/InputMethodEvent')}
  0x00007e4fb99e9250: 0841 81fa | 2574 0320 | 0f84 da23 | 0000 4c8b | 5c24 1045 | 8b5b 7c44 | 895c 2404 

  0x00007e4fb99e926c: ;   {oop([B{0x00000000ab32da78})}
  0x00007e4fb99e926c: 49bb 78da | 32ab 0000 

  0x00007e4fb99e9274: ;   {oop([B{0x00000000ab32da78})}
  0x00007e4fb99e9274: 0000 49b8 | 78da 32ab | 0000 0000 | 4983 c010 | 4c89 4424 

  0x00007e4fb99e9288: ;   {oop([B{0x00000000aaac6228})}
  0x00007e4fb99e9288: 1849 bb28 | 62ac aa00 

  0x00007e4fb99e9290: ;   {oop([B{0x00000000aaac6228})}
  0x00007e4fb99e9290: 0000 0049 | b828 62ac | aa00 0000 | 0049 83c0 | 104c 8944 

  0x00007e4fb99e92a4: ;   {oop(a 'java/lang/Class'{0x00000000aaaa0ed0} = 'java/lang/System')}
  0x00007e4fb99e92a4: 2420 49bb | d00e aaaa | 0000 0000 | 458b 437c | 4489 4424 | 284d 33c9 | 4f8d 0cd1 | 4d8b 5958 
  0x00007e4fb99e92c4: ;   {metadata('java/awt/event/MouseEvent')}
  0x00007e4fb99e92c4: 49b8 f0b6 | 2700 0100 | 0000 4d3b | d80f 85ee | 0600 0044 | 8b54 2404 | 0f1f 4000 

  0x00007e4fb99e92e0: ; implicit exception: dispatches to 0x00007e4fb99ec380
  0x00007e4fb99e92e0: 458b 4208 

  0x00007e4fb99e92e4: ;   {metadata('com/intellij/openapi/application/impl/RwLockHolder')}
  0x00007e4fb99e92e4: 4181 f811 | 4905 200f | 859f 2300 | 004d 8bca | 8b6c 2428 | 85ed 660f | 1f44 0000 | 0f85 da24 
  0x00007e4fb99e9304: ;   {oop(a 'java/lang/Class'{0x00000000aaaa0ed0} = 'java/lang/System')}
  0x00007e4fb99e9304: 0000 49ba | d00e aaaa | 0000 0000 | 418b aa88 | 0000 0044 | 8b5d 080f | 1f44 0000 

  0x00007e4fb99e9320: ;   {metadata('java/util/Properties')}
  0x00007e4fb99e9320: 4181 fbdb | 9100 200f | 8583 2300 | 0048 8bd5 | 448b 5230 

  0x00007e4fb99e9334: ; implicit exception: dispatches to 0x00007e4fb99ec3a4
  0x00007e4fb99e9334: 458b 5228 

  0x00007e4fb99e9338: ;   {oop("idea.disable.implicit.read.on.edt"{0x00000000ab32da60})}
  0x00007e4fb99e9338: 49bb 60da | 32ab 0000 | 0000 418b | 5b0c 85db | 0f85 e900 | 0000 450f | b65b 1145 | 85db 0f85 
  0x00007e4fb99e9358: 750f 0000 | 41bb 0100 | 0000 b9b7 | 0c00 0044 | 8bc1 488b | caeb 0e90 | 448b c341 | c1e0 0544 
  0x00007e4fb99e9378: 2bc3 448b | da49 63f3 

  0x00007e4fb99e9380: ;   {oop([B{0x00000000ab32da78})}
  0x00007e4fb99e9380: 48bb 78da | 32ab 0000 | 0000 0fb6 

  0x00007e4fb99e938c: ;   {oop([B{0x00000000ab32da78})}
  0x00007e4fb99e938c: 5c33 1048 | bf78 da32 | ab00 0000 | 000f b67c 

  0x00007e4fb99e939c: ;   {oop([B{0x00000000ab32da78})}
  0x00007e4fb99e939c: 3713 48ba | 78da 32ab | 0000 0000 | 0fb6 5432 

  0x00007e4fb99e93ac: ;   {oop([B{0x00000000ab32da78})}
  0x00007e4fb99e93ac: 1148 b878 | da32 ab00 | 0000 000f | b644 3012 | 4403 c341 | 8bd8 c1e3 | 0541 2bd8 | 03da 8bd3 
  0x00007e4fb99e93cc: c1e2 052b | d303 d08b | f2c1 e605 | 2bf2 8bde | 03df 418b | d383 c204 | 83fa 1e7c | 8783 fa21 
  0x00007e4fb99e93ec: 7d2a 4183 | c304 6690 

  0x00007e4fb99e93f4: ;   {oop([B{0x00000000ab32da78})}
  0x00007e4fb99e93f4: 49b8 78da | 32ab 0000 | 0000 430f | b67c 1810 | 8bf3 c1e6 | 052b f38b | de03 df41 | ffc3 4183 
  0x00007e4fb99e9414: fb21 7cdc | 85db 660f | 1f44 0000 | 0f84 f120 

  0x00007e4fb99e9424: ;   {oop("idea.disable.implicit.read.on.edt"{0x00000000ab32da60})}
  0x00007e4fb99e9424: 0000 49bb | 60da 32ab | 0000 0000 | 4189 5b0c | 488b d145 | 85d2 660f | 1f44 0000 | 0f84 a704 
  0x00007e4fb99e9444: 0000 458b | 420c 448b | db41 c1eb | 1044 33db | 4181 e3ff | ffff 7f0f | 1f44 0000 | 4585 c00f 
  0x00007e4fb99e9464: 8643 2300 | 0041 ffc8 | 4523 c34d | 63c0 478b | 4482 1045 | 85c0 660f | 1f44 0000 | 0f84 6704 
  0x00007e4fb99e9484: 0000 418b | 480c 413b | cb0f 84bf | 0100 0085 | c90f 8c3a | 0400 0045 | 8b68 1890 | 4585 ed0f 
  0x00007e4fb99e94a4: 8444 0400 | 004d 8bc5 | 498b bf50 | 0300 0041 

  0x00007e4fb99e94b4: ;   {oop([B{0x00000000ab32da78})}
  0x00007e4fb99e94b4: 8b58 0c48 | be78 da32 | ab00 0000 

  0x00007e4fb99e94c0: ;   {oop([B{0x00000000aaac6228})}
  0x00007e4fb99e94c0: 0048 b828 | 62ac aa00 

  0x00007e4fb99e94c8: ; ImmutableOopMap {r8=Oop r9=Oop rdx=Oop rsi=Oop rax=Oop [8]=Oop [16]=Oop [24]=Derived_oop_rsi [32]=Derived_oop_rax }
                      ;*if_icmpne {reexecute=1 rethrow=0 return_oop=0}
                      ; - (reexecute) java.util.concurrent.ConcurrentHashMap::get@127 (line 946)
                      ; - java.util.Properties::getProperty@5 (line 1141)
                      ; - java.lang.System::getProperty@21 (line 919)
                      ; - com.intellij.platform.ide.bootstrap.StartupUtil::isImplicitReadOnEDTDisabled@6 (line 394)
                      ; - com.intellij.openapi.application.impl.RwLockHolder::runWithImplicitRead@6 (line 125)
                      ; - com.intellij.ide.IdeEventQueue::_dispatchEvent@268 (line 584)
                      ;   {poll}
  0x00007e4fb99e94c8: 0000 0085 | 0745 8b68 | 1841 3bdb | 740e 4585 | ed0f 840e | 0400 004d | 8bc5 ebc8 | 418b 6810 
  0x00007e4fb99e94e8: ;   {oop("idea.disable.implicit.read.on.edt"{0x00000000ab32da60})}
  0x00007e4fb99e94e8: 81fd 60da | 32ab 0f84 | 4a01 0000 

  0x00007e4fb99e94f4: ; implicit exception: dispatches to 0x00007e4fb99ec4cc
  0x00007e4fb99e94f4: 8b4d 0866 | 0f1f 8400 | 0000 0000 

  0x00007e4fb99e9500: ;   {oop("idea.disable.implicit.read.on.edt"{0x00000000ab32da60})}
  0x00007e4fb99e9500: 81fd 60da | 32ab 750a | bb01 0000 | 00e9 0701 

  0x00007e4fb99e9510: ;   {metadata('java/lang/String')}
  0x00007e4fb99e9510: 0000 81f9 | bf83 0020 | 0f85 f900 | 0000 4c8b | d541 807a | 1000 0f85 | eb00 0000 | 458b 5214 
  0x00007e4fb99e9530: 418b 4a0c | 83f9 210f | 85da 0000 | 0049 8bca | 498d 7210 | 488b 7c24 | 18b9 2100 | 0000 85c9 
  0x00007e4fb99e9550: 0f84 a500 | 0000 8bc1 | 83e0 1f83 | e1e0 0f84 | 4b00 0000 | 488d 3c0f | 488d 340e | 48f7 d9c5 
  0x00007e4fb99e9570: fe6f 0c0f | c5fe 6f04 | 0ec5 f5ef | c8c4 e27d | 17c9 0f85 | 7a00 0000 | 4883 c120 | 75e1 85c0 
  0x00007e4fb99e9590: 0f84 6500 | 0000 c5fe | 6f4c 07e0 | c5fe 6f44 | 06e0 c5f5 | efc8 c4e2 | 7d17 c975 | 55eb 4c8b 
  0x00007e4fb99e95b0: c883 e1fc | 7419 488d | 3c0f 488d | 340e 48f7 | d98b 1c0f | 3b1c 0e75 | 3948 83c1 | 0475 f2f7 
  0x00007e4fb99e95d0: c002 0000 | 0074 120f | b71f 0fb7 | 0e3b d975 | 2148 8d7f | 0248 8d76 | 02f7 c001 | 0000 0074 
  0x00007e4fb99e95f0: 0a0f b61f | 0fb6 0e3b | d975 07b8 | 0100 0000 | eb02 33c0 | c5f5 efc9 | c5fd efc0 | 85c0 7407 
  0x00007e4fb99e9610: bb01 0000 | 00eb 0233 | db49 8bbf | 5003 0000 

  0x00007e4fb99e9620: ;   {oop([B{0x00000000ab32da78})}
  0x00007e4fb99e9620: 48be 78da | 32ab 0000 

  0x00007e4fb99e9628: ;   {oop([B{0x00000000aaac6228})}
  0x00007e4fb99e9628: 0000 48b8 | 2862 acaa 

  0x00007e4fb99e9630: ; ImmutableOopMap {r8=Oop r9=Oop rdx=Oop rsi=Oop rax=Oop r13=NarrowOop [8]=Oop [16]=Oop [24]=Derived_oop_rsi [32]=Derived_oop_rax }
                      ;*ifeq {reexecute=1 rethrow=0 return_oop=0}
                      ; - (reexecute) java.util.concurrent.ConcurrentHashMap::get@152 (line 947)
                      ; - java.util.Properties::getProperty@5 (line 1141)
                      ; - java.lang.System::getProperty@21 (line 919)
                      ; - com.intellij.platform.ide.bootstrap.StartupUtil::isImplicitReadOnEDTDisabled@6 (line 394)
                      ; - com.intellij.openapi.application.impl.RwLockHolder::runWithImplicitRead@6 (line 125)
                      ; - com.intellij.ide.IdeEventQueue::_dispatchEvent@268 (line 584)
  0x00007e4fb99e9630: 0000 0000 

  0x00007e4fb99e9634: ;   {poll}
  0x00007e4fb99e9634: 8507 85db | 0f84 61fe | ffff 418b | 6814 85ed | 0f85 4a01 | 0000 8b6a | 2ce9 9e02 | 0000 418b 
  0x00007e4fb99e9654: 6810 6666 | 0f1f 8400 | 0000 0000 

  0x00007e4fb99e9660: ;   {oop("idea.disable.implicit.read.on.edt"{0x00000000ab32da60})}
  0x00007e4fb99e9660: 81fd 60da | 32ab 0f84 | 1c01 0000 

  0x00007e4fb99e966c: ; implicit exception: dispatches to 0x00007e4fb99ec468
  0x00007e4fb99e966c: 448b 5508 

  0x00007e4fb99e9670: ;   {oop("idea.disable.implicit.read.on.edt"{0x00000000ab32da60})}
  0x00007e4fb99e9670: 81fd 60da | 32ab 0f84 | 0c01 0000 | 0f1f 4000 

  0x00007e4fb99e9680: ;   {metadata('java/lang/String')}
  0x00007e4fb99e9680: 4181 fabf | 8300 200f | 850e feff | ff4c 8bd5 | 4180 7a10 | 000f 8500 | feff ff41 | 8b4a 1444 
  0x00007e4fb99e96a0: 8b51 0c41 | 83fa 210f | 85ee fdff | ff4c 8bd1 | 488d 7110 | 488b 7c24 | 18b9 2100 | 0000 85c9 
  0x00007e4fb99e96c0: 0f84 a500 | 0000 8bc1 | 83e0 1f83 | e1e0 0f84 | 4b00 0000 | 488d 3c0f | 488d 340e | 48f7 d9c5 
  0x00007e4fb99e96e0: fe6f 040f | c5fe 6f0c | 0ec5 fdef | c1c4 e27d | 17c0 0f85 | 7a00 0000 | 4883 c120 | 75e1 85c0 
  0x00007e4fb99e9700: 0f84 6500 | 0000 c5fe | 6f44 07e0 | c5fe 6f4c | 06e0 c5fd | efc1 c4e2 | 7d17 c075 | 55eb 4c8b 
  0x00007e4fb99e9720: c883 e1fc | 7419 488d | 3c0f 488d | 340e 48f7 | d98b 1c0f | 3b1c 0e75 | 3948 83c1 | 0475 f2f7 
  0x00007e4fb99e9740: c002 0000 | 0074 120f | b71f 0fb7 | 0e3b d975 | 2148 8d7f | 0248 8d76 | 02f7 c001 | 0000 0074 
  0x00007e4fb99e9760: 0a0f b61f | 0fb6 0e3b | d975 07b8 | 0100 0000 | eb02 33c0 | c5fd efc0 | c5f5 efc9 | 0f1f 4000 
  0x00007e4fb99e9780: 85c0 0f84 | 13fd ffff | 418b 6814 | 85ed 0f84 | 121b 0000 | 448b 5d08 | 0f1f 8400 | 0000 0000 
  0x00007e4fb99e97a0: ;   {metadata('java/lang/String')}
  0x00007e4fb99e97a0: 4181 fbbf | 8300 200f | 8547 2a00 | 004c 8bd5 

  0x00007e4fb99e97b0: ;   {oop("false"{0x00000000aaac6210})}
  0x00007e4fb99e97b0: 49bb 1062 | acaa 0000 | 0000 660f | 1f44 0000 | 4d3b d30f | 84a6 1f00 

  0x00007e4fb99e97c8: ;   {oop(a 'java/lang/Class'{0x00000000ab517d68} = 'com/intellij/openapi/application/impl/RwLockHolder')}
  0x00007e4fb99e97c8: 0049 bb68 | 7d51 ab00 | 0000 0045 | 8b43 7866 | 0f1f 8400 | 0000 0000 | 4180 7a10 | 000f 851b 
  0x00007e4fb99e97e8: 0100 0045 | 8b5a 1445 | 8b53 0c41 | 83fa 050f | 8509 0100 | 004d 8bd3 | 498d 7310 | 488b 7c24 
  0x00007e4fb99e9808: 20b9 0500 | 0000 85c9 | 0f84 a500 | 0000 8bc1 | 83e0 1f83 | e1e0 0f84 | 4b00 0000 | 488d 3c0f 
  0x00007e4fb99e9828: 488d 340e | 48f7 d9c5 | fe6f 0c0f | c5fe 6f04 | 0ec5 f5ef | c8c4 e27d | 17c9 0f85 | 7a00 0000 
  0x00007e4fb99e9848: 4883 c120 | 75e1 85c0 | 0f84 6500 | 0000 c5fe | 6f4c 07e0 | c5fe 6f44 | 06e0 c5f5 | efc8 c4e2 
  0x00007e4fb99e9868: 7d17 c975 | 55eb 4c8b | c883 e1fc | 7419 488d | 3c0f 488d | 340e 48f7 | d98b 1c0f | 3b1c 0e75 
  0x00007e4fb99e9888: 3948 83c1 | 0475 f2f7 | c002 0000 | 0074 120f | b71f 0fb7 | 0e3b d975 | 2148 8d7f | 0248 8d76 
  0x00007e4fb99e98a8: 02f7 c001 | 0000 0074 | 0a0f b61f | 0fb6 0e3b | d975 07b8 | 0100 0000 | eb02 33c0 | c5f5 efc9 
  0x00007e4fb99e98c8: c5fd efc0 | 85c0 7436 | e99a 1e00 | 0045 8b50 | 080f 1f80 | 0000 0000 

  0x00007e4fb99e98e0: ;   {metadata('java/util/concurrent/ConcurrentHashMap$ReservationNode')}
  0x00007e4fb99e98e0: 4181 fa5f | cb00 200f | 85d7 2600 | 008b 6a2c | 85ed 0f85 | 961f 0000 

  0x00007e4fb99e98f8: ;   {oop(a 'java/lang/Class'{0x00000000ab517d68} = 'com/intellij/openapi/application/impl/RwLockHolder')}
  0x00007e4fb99e98f8: 49ba 687d | 51ab 0000 | 0000 458b | 4278 410f | b648 0e4c | 8b5c 2408 | 41c6 400e | 01f0 8344 
  0x00007e4fb99e9918: 24c0 0045 | 8b53 104d | 8bc8 4181 | faf5 0100 | 000f 8439 | 1300 004c | 8b5c 2408 | 458b 5340 
  0x00007e4fb99e9938: 0f1f 8400 | 0000 0000 | 4183 fa01 | 740d 418b | 6b44 83fd | 030f 8fa9 | 1e00 0048 | 8b6c 2410 
  0x00007e4fb99e9958: 448b 9584 | 0000 0090 | 4585 d20f | 840f 1d00 | 004c 895c | 2410 4c89 | 4c24 0889 | 4c24 0444 
  0x00007e4fb99e9978: 8904 2449 | 8bf2 498b | d366 6690 

  0x00007e4fb99e9984: ;   {optimized virtual_call}
  0x00007e4fb99e9984: c5f8 77e8 

  0x00007e4fb99e9988: ; ImmutableOopMap {rbp=Oop [0]=NarrowOop [8]=Oop [16]=Oop }
                      ;*invokevirtual dispatchMouseEvent {reexecute=0 rethrow=0 return_oop=0}
                      ; - com.intellij.ide.IdeEventQueue::dispatchMouseEvent@56 (line 636)
                      ; - com.intellij.ide.IdeEventQueue::_dispatchEvent$lambda$10@19 (line 584)
                      ; - com.intellij.ide.IdeEventQueue$$Lambda$3922/0x0000000101ca39b8::run@8
                      ; - com.intellij.openapi.application.impl.RwLockHolder::runWithEnabledImplicitRead@34 (line 138)
                      ; - com.intellij.openapi.application.impl.RwLockHolder::runWithImplicitRead@21 (line 129)
                      ; - com.intellij.ide.IdeEventQueue::_dispatchEvent@268 (line 584)
  0x00007e4fb99e9988: 147a 4c00 | 85c0 0f85 | fc1d 0000 | 488b f548 | 8b54 2410 

  0x00007e4fb99e999c: ;   {optimized virtual_call}
  0x00007e4fb99e999c: c5f8 77e8 

  0x00007e4fb99e99a0: ; ImmutableOopMap {[0]=NarrowOop [8]=Oop }
                      ;*invokespecial defaultDispatchEvent {reexecute=0 rethrow=0 return_oop=0}
                      ; - com.intellij.ide.IdeEventQueue::dispatchMouseEvent@67 (line 637)
                      ; - com.intellij.ide.IdeEventQueue::_dispatchEvent$lambda$10@19 (line 584)
                      ; - com.intellij.ide.IdeEventQueue$$Lambda$3922/0x0000000101ca39b8::run@8
                      ; - com.intellij.openapi.application.impl.RwLockHolder::runWithEnabledImplicitRead@34 (line 138)
                      ; - com.intellij.openapi.application.impl.RwLockHolder::runWithImplicitRead@21 (line 129)
                      ; - com.intellij.ide.IdeEventQueue::_dispatchEvent@268 (line 584)
  0x00007e4fb99e99a0: 5c26 d2ff | 448b 1c24 | 448b 5424 | 0445 8853 | 0ef0 8344 | 24c0 00e9 | e0f5 ffff | 4489 0c24 
  0x00007e4fb99e99c0: e966 f8ff 

  0x00007e4fb99e99c4: ;   {metadata('java/awt/event/KeyEvent')}
  0x00007e4fb99e99c4: ff41 81fa | 38e1 0320 | 0f85 6c0a | 0000 4d8b | 8708 0100 | 004d 8bd0 | 4983 c218 | 4d3b 9718 
  0x00007e4fb99e99e4: 0100 000f | 83db 1a00 | 004d 8997 | 0801 0000 | 410f 0d8a | 0001 0000 | 49c7 0001 

  0x00007e4fb99e9a00: ;   {metadata('com/intellij/ide/IdeEventQueue$$Lambda$3994+0x0000000101ccf678')}
  0x00007e4fb99e9a00: 0000 0041 | c740 08cf | 9e39 2045 | 8960 144c | 8b54 2410 | 4d8b da45 | 8958 0c4c | 8b54 2408 
  0x00007e4fb99e9a20: 4d8b da45 | 8958 1044 | 8b54 2404 

  0x00007e4fb99e9a2c: ; implicit exception: dispatches to 0x00007e4fb99ec438
  0x00007e4fb99e9a2c: 458b 5a08 

  0x00007e4fb99e9a30: ;   {metadata('com/intellij/openapi/application/impl/RwLockHolder')}
  0x00007e4fb99e9a30: 4181 fb11 | 4905 200f | 8508 1f00 | 004d 8bca | 448b 5424 | 2845 85d2 | 0f85 5e21 

  0x00007e4fb99e9a4c: ;   {oop(a 'java/lang/Class'{0x00000000aaaa0ed0} = 'java/lang/System')}
  0x00007e4fb99e9a4c: 0000 49ba | d00e aaaa | 0000 0000 | 418b aa88 | 0000 0090 

  0x00007e4fb99e9a60: ; implicit exception: dispatches to 0x00007e4fb99ec448
  0x00007e4fb99e9a60: 448b 5d08 

  0x00007e4fb99e9a64: ;   {metadata('java/util/Properties')}
  0x00007e4fb99e9a64: 4181 fbdb | 9100 200f | 85eb 1e00 | 004c 8bed | 458b 5530 | 0f1f 8400 | 0000 0000 

  0x00007e4fb99e9a80: ; implicit exception: dispatches to 0x00007e4fb99ec458
  0x00007e4fb99e9a80: 418b 4a28 

  0x00007e4fb99e9a84: ;   {oop("idea.disable.implicit.read.on.edt"{0x00000000ab32da60})}
  0x00007e4fb99e9a84: 49ba 60da | 32ab 0000 | 0000 418b | 5a0c 85db | 0f85 e700 | 0000 450f | b652 1190 | 4585 d20f 
  0x00007e4fb99e9aa4: 851f 1200 | 0041 ba01 | 0000 0041 | bbb7 0c00 | 0049 8bfd | eb13 660f | 1f44 0000 | 448b db41 
  0x00007e4fb99e9ac4: c1e3 0544 | 2bdb 448b | d649 63c2 

  0x00007e4fb99e9ad0: ;   {oop([B{0x00000000ab32da78})}
  0x00007e4fb99e9ad0: 48bb 78da | 32ab 0000 | 0000 0fb6 

  0x00007e4fb99e9adc: ;   {oop([B{0x00000000ab32da78})}
  0x00007e4fb99e9adc: 5c03 1048 | ba78 da32 | ab00 0000 | 000f b654 

  0x00007e4fb99e9aec: ;   {oop([B{0x00000000ab32da78})}
  0x00007e4fb99e9aec: 0213 48be | 78da 32ab | 0000 0000 | 0fb6 7406 

  0x00007e4fb99e9afc: ;   {oop([B{0x00000000ab32da78})}
  0x00007e4fb99e9afc: 1148 bd78 | da32 ab00 | 0000 000f | b66c 0512 | 4403 db41 | 8bdb c1e3 | 0541 2bdb | 03de 8bf3 
  0x00007e4fb99e9b1c: c1e6 052b | f303 f58b | c6c1 e005 | 2bc6 8bd8 | 03da 418b | f283 c604 | 83fe 1e7c | 8783 fe21 
  0x00007e4fb99e9b3c: 7d2a 4183 | c204 6690 

  0x00007e4fb99e9b44: ;   {oop([B{0x00000000ab32da78})}
  0x00007e4fb99e9b44: 49bb 78da | 32ab 0000 | 0000 430f | b654 1310 | 8bc3 c1e0 | 052b c38b | d803 da41 | ffc2 4183 
  0x00007e4fb99e9b64: fa21 7cdc | 85db 0f84 | cb19 0000 

  0x00007e4fb99e9b70: ;   {oop("idea.disable.implicit.read.on.edt"{0x00000000ab32da60})}
  0x00007e4fb99e9b70: 49ba 60da | 32ab 0000 | 0000 4189 | 5a0c 4c8b | ef85 c90f | 84a4 0400 | 0044 8b51 | 0c8b d3c1 
  0x00007e4fb99e9b90: ea10 33d3 | 81e2 ffff | ff7f 660f | 1f44 0000 | 4585 d20f | 86db 1f00 | 0041 ffca | 4423 d24d 
  0x00007e4fb99e9bb0: 63d2 468b | 5c91 1045 | 85db 660f | 1f44 0000 | 0f84 6704 | 0000 418b | 5b0c 3bda | 0f84 dd01 
  0x00007e4fb99e9bd0: 0000 85db | 0f8c 3b04 | 0000 4d8b | f345 8b56 | 1845 85d2 | 0f84 4304 | 0000 4d8b | f249 8bbf 
  0x00007e4fb99e9bf0: 5003 0000 | 458b 560c 

  0x00007e4fb99e9bf8: ;   {oop([B{0x00000000ab32da78})}
  0x00007e4fb99e9bf8: 48be 78da | 32ab 0000 

  0x00007e4fb99e9c00: ;   {oop([B{0x00000000aaac6228})}
  0x00007e4fb99e9c00: 0000 48b8 | 2862 acaa 

  0x00007e4fb99e9c08: ; ImmutableOopMap {r8=Oop r9=Oop rsi=Oop rax=Oop r13=Oop r14=Oop [24]=Derived_oop_rsi [32]=Derived_oop_rax }
                      ;*if_icmpne {reexecute=1 rethrow=0 return_oop=0}
                      ; - (reexecute) java.util.concurrent.ConcurrentHashMap::get@127 (line 946)
                      ; - java.util.Properties::getProperty@5 (line 1141)
                      ; - java.lang.System::getProperty@21 (line 919)
                      ; - com.intellij.platform.ide.bootstrap.StartupUtil::isImplicitReadOnEDTDisabled@6 (line 394)
                      ; - com.intellij.openapi.application.impl.RwLockHolder::runWithImplicitRead@6 (line 125)
                      ; - com.intellij.ide.IdeEventQueue::_dispatchEvent@294 (line 585)
  0x00007e4fb99e9c08: 0000 0000 

  0x00007e4fb99e9c0c: ;   {poll}
  0x00007e4fb99e9c0c: 8507 443b | d274 1845 | 8b5e 1845 | 85db 660f | 1f44 0000 | 0f84 0704 | 0000 4d8b | f3eb c241 
  0x00007e4fb99e9c2c: ;   {oop("idea.disable.implicit.read.on.edt"{0x00000000ab32da60})}
  0x00007e4fb99e9c2c: 8b6e 1081 | fd60 da32 | ab0f 845a | 0100 000f | 1f44 0000 

  0x00007e4fb99e9c40: ; implicit exception: dispatches to 0x00007e4fb99ec560
  0x00007e4fb99e9c40: 448b 5508 

  0x00007e4fb99e9c44: ;   {oop("idea.disable.implicit.read.on.edt"{0x00000000ab32da60})}
  0x00007e4fb99e9c44: 81fd 60da | 32ab 750b | 41bb 0100 | 0000 e918 | 0100 0066 | 0f1f 8400 | 0000 0000 

  0x00007e4fb99e9c60: ;   {metadata('java/lang/String')}
  0x00007e4fb99e9c60: 4181 fabf | 8300 200f | 85ff 0000 | 004c 8bd5 | 4180 7a10 | 000f 85f1 | 0000 0045 | 8b5a 1445 
  0x00007e4fb99e9c80: 8b53 0c41 | 83fa 210f | 85df 0000 | 004d 8bd3 | 498d 7310 | 488b 7c24 | 18b9 2100 | 0000 85c9 
  0x00007e4fb99e9ca0: 0f84 a500 | 0000 8bc1 | 83e0 1f83 | e1e0 0f84 | 4b00 0000 | 488d 3c0f | 488d 340e | 48f7 d9c5 
  0x00007e4fb99e9cc0: fe6f 0c0f | c5fe 6f04 | 0ec5 f5ef | c8c4 e27d | 17c9 0f85 | 7a00 0000 | 4883 c120 | 75e1 85c0 
  0x00007e4fb99e9ce0: 0f84 6500 | 0000 c5fe | 6f4c 07e0 | c5fe 6f44 | 06e0 c5f5 | efc8 c4e2 | 7d17 c975 | 55eb 4c8b 
  0x00007e4fb99e9d00: c883 e1fc | 7419 488d | 3c0f 488d | 340e 48f7 | d98b 1c0f | 3b1c 0e75 | 3948 83c1 | 0475 f2f7 
  0x00007e4fb99e9d20: c002 0000 | 0074 120f | b71f 0fb7 | 0e3b d975 | 2148 8d7f | 0248 8d76 | 02f7 c001 | 0000 0074 
  0x00007e4fb99e9d40: 0a0f b61f | 0fb6 0e3b | d975 07b8 | 0100 0000 | eb02 33c0 | c5f5 efc9 | c5fd efc0 | 0f1f 4000 
  0x00007e4fb99e9d60: 85c0 7408 | 41bb 0100 | 0000 eb03 | 4533 db49 | 8bbf 5003 

  0x00007e4fb99e9d74: ;   {oop([B{0x00000000ab32da78})}
  0x00007e4fb99e9d74: 0000 48be | 78da 32ab | 0000 0000 

  0x00007e4fb99e9d80: ;   {oop([B{0x00000000aaac6228})}
  0x00007e4fb99e9d80: 48b8 2862 | acaa 0000 

  0x00007e4fb99e9d88: ; ImmutableOopMap {r8=Oop r9=Oop rsi=Oop rax=Oop r13=Oop r14=Oop [24]=Derived_oop_rsi [32]=Derived_oop_rax }
                      ;*ifeq {reexecute=1 rethrow=0 return_oop=0}
                      ; - (reexecute) java.util.concurrent.ConcurrentHashMap::get@152 (line 947)
                      ; - java.util.Properties::getProperty@5 (line 1141)
                      ; - java.lang.System::getProperty@21 (line 919)
                      ; - com.intellij.platform.ide.bootstrap.StartupUtil::isImplicitReadOnEDTDisabled@6 (line 394)
                      ; - com.intellij.openapi.application.impl.RwLockHolder::runWithImplicitRead@6 (line 125)
                      ; - com.intellij.ide.IdeEventQueue::_dispatchEvent@294 (line 585)
                      ;   {poll}
  0x00007e4fb99e9d88: 0000 8507 | 4585 db0f | 8448 feff | ff41 8b6e | 1485 ed0f | 1f44 0000 | 0f85 4001 | 0000 418b 
  0x00007e4fb99e9da8: 6d2c e982 | 0200 0041 

  0x00007e4fb99e9db0: ;   {oop("idea.disable.implicit.read.on.edt"{0x00000000ab32da60})}
  0x00007e4fb99e9db0: 8b6b 1081 | fd60 da32 | ab0f 8415 | 0100 0090 

  0x00007e4fb99e9dc0: ; implicit exception: dispatches to 0x00007e4fb99ec508
  0x00007e4fb99e9dc0: 448b 5508 

  0x00007e4fb99e9dc4: ;   {oop("idea.disable.implicit.read.on.edt"{0x00000000ab32da60})}
  0x00007e4fb99e9dc4: 81fd 60da | 32ab 0f84 | 0401 0000 

  0x00007e4fb99e9dd0: ;   {metadata('java/lang/String')}
  0x00007e4fb99e9dd0: 4181 fabf | 8300 200f | 85fd fdff | ff4c 8bd5 | 4180 7a10 | 000f 85ef | fdff ff41 | 8b4a 1444 
  0x00007e4fb99e9df0: 8b51 0c41 | 83fa 210f | 85dd fdff | ff4c 8bd1 | 488d 7110 | 488b 7c24 | 18b9 2100 | 0000 85c9 
  0x00007e4fb99e9e10: 0f84 a500 | 0000 8bc1 | 83e0 1f83 | e1e0 0f84 | 4b00 0000 | 488d 3c0f | 488d 340e | 48f7 d9c5 
  0x00007e4fb99e9e30: fe6f 0c0f | c5fe 6f04 | 0ec5 f5ef | c8c4 e27d | 17c9 0f85 | 7a00 0000 | 4883 c120 | 75e1 85c0 
  0x00007e4fb99e9e50: 0f84 6500 | 0000 c5fe | 6f4c 07e0 | c5fe 6f44 | 06e0 c5f5 | efc8 c4e2 | 7d17 c975 | 55eb 4c8b 
  0x00007e4fb99e9e70: c883 e1fc | 7419 488d | 3c0f 488d | 340e 48f7 | d98b 1c0f | 3b1c 0e75 | 3948 83c1 | 0475 f2f7 
  0x00007e4fb99e9e90: c002 0000 | 0074 120f | b71f 0fb7 | 0e3b d975 | 2148 8d7f | 0248 8d76 | 02f7 c001 | 0000 0074 
  0x00007e4fb99e9eb0: 0a0f b61f | 0fb6 0e3b | d975 07b8 | 0100 0000 | eb02 33c0 | c5f5 efc9 | c5fd efc0 | 85c0 0f84 
  0x00007e4fb99e9ed0: 06fd ffff | 418b 6b14 | 85ed 660f | 1f44 0000 | 0f84 a215 | 0000 448b 

  0x00007e4fb99e9ee8: ;   {metadata('java/lang/String')}
  0x00007e4fb99e9ee8: 5d08 4181 | fbbf 8300 | 200f 851d | 2300 004c 

  0x00007e4fb99e9ef8: ;   {oop("false"{0x00000000aaac6210})}
  0x00007e4fb99e9ef8: 8bd5 49bb | 1062 acaa | 0000 0000 | 4d3b d30f | 8463 1c00 

  0x00007e4fb99e9f0c: ;   {oop(a 'java/lang/Class'{0x00000000ab517d68} = 'com/intellij/openapi/application/impl/RwLockHolder')}
  0x00007e4fb99e9f0c: 0049 bb68 | 7d51 ab00 | 0000 0041 | 8b53 780f | 1f44 0000 | 4180 7a10 | 000f 851c | 0100 0045 
  0x00007e4fb99e9f2c: 8b5a 1445 | 8b53 0c41 | 83fa 050f | 850a 0100 | 004d 8bd3 | 498d 7310 | 488b 7c24 | 20b9 0500 
  0x00007e4fb99e9f4c: 0000 85c9 | 0f84 a500 | 0000 8bc1 | 83e0 1f83 | e1e0 0f84 | 4b00 0000 | 488d 3c0f | 488d 340e 
  0x00007e4fb99e9f6c: 48f7 d9c5 | fe6f 040f | c5fe 6f0c | 0ec5 fdef | c1c4 e27d | 17c0 0f85 | 7a00 0000 | 4883 c120 
  0x00007e4fb99e9f8c: 75e1 85c0 | 0f84 6500 | 0000 c5fe | 6f44 07e0 | c5fe 6f4c | 06e0 c5fd | efc1 c4e2 | 7d17 c075 
  0x00007e4fb99e9fac: 55eb 4c8b | c883 e1fc | 7419 488d | 3c0f 488d | 340e 48f7 | d98b 1c0f | 3b1c 0e75 | 3948 83c1 
  0x00007e4fb99e9fcc: 0475 f2f7 | c002 0000 | 0074 120f | b71f 0fb7 | 0e3b d975 | 2148 8d7f | 0248 8d76 | 02f7 c001 
  0x00007e4fb99e9fec: 0000 0074 | 0a0f b61f | 0fb6 0e3b | d975 07b8 | 0100 0000 | eb02 33c0 | c5fd efc0 | c5f5 efc9 
  0x00007e4fb99ea00c: 85c0 7437 | e95b 1b00 | 0045 8b53 | 080f 1f80 | 0000 0000 

  0x00007e4fb99ea020: ;   {metadata('java/util/concurrent/ConcurrentHashMap$ReservationNode')}
  0x00007e4fb99ea020: 4181 fa5f | cb00 200f | 85c7 1f00 | 0041 8b6d | 2c85 ed0f | 8533 1c00 

  0x00007e4fb99ea038: ;   {oop(a 'java/lang/Class'{0x00000000ab517d68} = 'com/intellij/openapi/application/impl/RwLockHolder')}
  0x00007e4fb99ea038: 0049 ba68 | 7d51 ab00 | 0000 0041 | 8b52 7844 | 0fb6 5a0e | 458b 5008 | c642 0e01 | f083 4424 
  0x00007e4fb99ea058: c000 660f | 1f44 0000 

  0x00007e4fb99ea060: ;   {metadata('com/intellij/ide/IdeEventQueue$$Lambda$3994+0x0000000101ccf678')}
  0x00007e4fb99ea060: 4181 facf | 9e39 200f | 8507 1900 | 0044 895c | 2404 488b | ea89 1424 | 498b f090 

  0x00007e4fb99ea07c: ;   {optimized virtual_call}
  0x00007e4fb99ea07c: c5f8 77e8 

  0x00007e4fb99ea080: ; ImmutableOopMap {rbp=Oop [0]=NarrowOop }
                      ;*invokeinterface run {reexecute=0 rethrow=0 return_oop=0}
                      ; - com.intellij.openapi.application.impl.RwLockHolder::runWithEnabledImplicitRead@34 (line 138)
                      ; - com.intellij.openapi.application.impl.RwLockHolder::runWithImplicitRead@21 (line 129)
                      ; - com.intellij.ide.IdeEventQueue::_dispatchEvent@294 (line 585)
  0x00007e4fb99ea080: 6728 0000 | 448b 1424 | 448b 4424 | 0445 8842 | 0ef0 8344 | 24c0 00e9 | 00ef ffff | 0f1f 4000 
  0x00007e4fb99ea0a0: ;   {metadata('java/awt/event/FocusEvent')}
  0x00007e4fb99ea0a0: 81fa 3dcc | 0820 0f84 | b0ef ffff | e9c1 efff 

  0x00007e4fb99ea0b0: ;   {oop(a 'java/util/Collections$EmptyIterator'{0x00000000aac5bd10})}
  0x00007e4fb99ea0b0: ff48 b810 | bdc5 aa00 

  0x00007e4fb99ea0b8: ;   {oop(a 'java/util/Collections$EmptyIterator'{0x00000000aac5bd10})}
  0x00007e4fb99ea0b8: 0000 0049 | b910 bdc5 | aa00 0000 | 00e9 bff0 

  0x00007e4fb99ea0c8: ;   {metadata('com/intellij/util/containers/LockFreeCopyOnWriteArrayList$COWIterator')}
  0x00007e4fb99ea0c8: ffff 4181 | f864 6406 | 200f 854d | 1b00 0045 | 8b51 140f | 1f44 0000 

  0x00007e4fb99ea0e0: ; implicit exception: dispatches to 0x00007e4fb99ec4bc
  0x00007e4fb99ea0e0: 458b 520c | 458b 490c | 453b ca0f | 8da9 f0ff | ff44 8b40 | 0866 6666 | 0f1f 8400 | 0000 0000 
  0x00007e4fb99ea100: ;   {metadata('com/intellij/util/containers/LockFreeCopyOnWriteArrayList$COWIterator')}
  0x00007e4fb99ea100: 4181 f864 | 6406 200f | 853b 1b00 | 0041 ba01 | 0000 00eb | 2b66 6666 | 0f1f 8400 | 0000 0000 
  0x00007e4fb99ea120: 4c8b 1c24 | 8b54 2410 | 448b 5424 | 1448 8b4c | 2418 488b | 7c24 208b | 5c24 2848 | 8b6c 2430 
  0x00007e4fb99ea140: 448b 4014 

  0x00007e4fb99ea144: ; implicit exception: dispatches to 0x00007e4fb99ec29c
  0x00007e4fb99ea144: 458b 480c | 4889 4424 | 3848 896c | 2430 895c | 2428 4889 | 7c24 2048 | 894c 2418 | 4489 5424 
  0x00007e4fb99ea164: 1489 5424 | 104c 891c | 248b 680c | 413b e90f | 8d53 1500 | 0089 6810 | 448b d541 | ffc2 4489 
  0x00007e4fb99ea184: 500c 413b | e90f 83c7 | 1300 0041 | 8b6c a810 

  0x00007e4fb99ea194: ; implicit exception: dispatches to 0x00007e4fb99ec2ac
  0x00007e4fb99ea194: 448b 5d08 | 0f1f 8400 | 0000 0000 

  0x00007e4fb99ea1a0: ;   {metadata('com/intellij/ui/popup/StackingPopupDispatcherImpl')}
  0x00007e4fb99ea1a0: 4181 fb36 | e33a 200f | 85f3 1f00 | 004c 8bd5 | 418b 6a0c | 4c89 5424 | 400f 1f80 | 0000 0000 
  0x00007e4fb99ea1c0: ; implicit exception: dispatches to 0x00007e4fb99ec2c8
  0x00007e4fb99ea1c0: 448b 5510 | 4585 d20f | 8433 1500 | 0044 8b55 

  0x00007e4fb99ea1d0: ;   {metadata('com/intellij/util/containers/Stack')}
  0x00007e4fb99ea1d0: 0841 81fa | 7d49 0520 | 0f85 0614 | 0000 4c8b | d545 8b42 | 1045 85c0 | 0f84 3615 | 0000 458b 
  0x00007e4fb99ea1f0: d841 ffcb | 4585 c00f | 8c03 1400 | 0066 6690 | 453b d80f | 835f 1300 | 0045 8b52 | 1445 8b4a 
  0x00007e4fb99ea210: 0c45 3bd9 | 0f83 8613 | 0000 438b | 6c9a 1090 

  0x00007e4fb99ea220: ; implicit exception: dispatches to 0x00007e4fb99ec2e8
  0x00007e4fb99ea220: 448b 5d08 

  0x00007e4fb99ea224: ;   {metadata('com/intellij/ui/popup/AbstractPopup')}
  0x00007e4fb99ea224: 4181 fbce | 5715 200f | 857f 1f00 | 004c 8bd5 | 458b 5238 | 0f1f 8400 | 0000 0000 

  0x00007e4fb99ea240: ; implicit exception: dispatches to 0x00007e4fb99ec3d4
  0x00007e4fb99ea240: 450f b642 | 3145 85c0 | 0f84 8613 | 0000 453b | 6240 0f84 | 7c13 0000 | 418b 6a44 | 0f1f 4000 
  0x00007e4fb99ea260: 85ed 0f84 | f014 0000 | 488b f566 | 6690 c5f8 | 7748 b890 | 6b69 0001 

  0x00007e4fb99ea278: ;   {virtual_call}
  0x00007e4fb99ea278: 0000 00e8 

  0x00007e4fb99ea27c: ; ImmutableOopMap {[0]=Oop [8]=Oop [40]=NarrowOop [48]=Oop [56]=Oop [64]=Oop }
                      ;*invokevirtual isShowing {reexecute=0 rethrow=0 return_oop=0}
                      ; - java.awt.Component::isShowing@24 (line 1501)
                      ; - com.intellij.ide.IdePopupManager::isPopupActive@44 (line 30)
                      ; - com.intellij.ide.IdeEventQueue::_dispatchEvent@164 (line 566)
  0x00007e4fb99ea27c: a08d 39ff | 85c0 0f84 | e014 0000 | 4d8b 9750 

  0x00007e4fb99ea28c: ; ImmutableOopMap {[0]=Oop [8]=Oop [40]=NarrowOop [48]=Oop [56]=Oop }
                      ;*goto {reexecute=1 rethrow=0 return_oop=0}
                      ; - (reexecute) com.intellij.ide.IdePopupManager::isPopupActive@61 (line 33)
                      ; - com.intellij.ide.IdeEventQueue::_dispatchEvent@164 (line 566)
                      ;   {poll}
  0x00007e4fb99ea28c: 0300 0041 | 8502 488b | 4424 3844 | 8b58 140f | 1f44 0000 

  0x00007e4fb99ea2a0: ; implicit exception: dispatches to 0x00007e4fb99ec30c
  0x00007e4fb99ea2a0: 458b 530c | 448b 400c | 453b c20f | 8c6f feff | ff4c 8b1c | 248b 5424 | 1044 8b4c | 2414 488b 
  0x00007e4fb99ea2c0: 4c24 1848 | 8b7c 2420 | 8b5c 2428 | e9cf eeff | ff33 dbe9 | 5ff1 ffff | 418b ab88 | 0000 0090 
  0x00007e4fb99ea2e0: 85ed 0f84 | 9c19 0000 | 4889 7c24 | 2048 894c | 2418 4489 | 4c24 1489 | 5424 104c | 891c 244c 
  0x00007e4fb99ea300: 8bd5 4c89 | 5424 2849 | 8bf2 6690 

  0x00007e4fb99ea30c: ;   {optimized virtual_call}
  0x00007e4fb99ea30c: c5f8 77e8 

  0x00007e4fb99ea310: ; ImmutableOopMap {rbp=NarrowOop [0]=Oop [8]=Oop [40]=Oop }
                      ;*invokevirtual isPopupActive {reexecute=0 rethrow=0 return_oop=0}
                      ; - com.intellij.ide.IdePopupManager::dispatch@12 (line 40)
                      ; - com.intellij.ide.IdeEventQueue::_dispatchEvent@175 (line 566)
  0x00007e4fb99ea310: 8cbc b0ff | 85c0 0f84 | 481a 0000 | 4c8b 5424 | 0845 8b52 | 1041 81fa | d000 0000 | 0f84 fb09 
  0x00007e4fb99ea330: 0000 6666 | 0f1f 8400 | 0000 0000 | 6666 6690 | 4181 face | 0000 000f | 84e0 0900 | 008b 5424 
  0x00007e4fb99ea350: ;   {metadata('java/awt/event/KeyEvent')}
  0x00007e4fb99ea350: 1081 fa38 | e103 200f | 8517 0a00 | 0044 0fb6 | 450c 4585 | c074 1141 | 81fa 9001 | 0000 0f84 
  0x00007e4fb99ea370: 9c18 0000 | 4488 650c | 448b 5510 | 498b f266 | 6690 c5f8 | 7748 b8f8 | 8622 0001 

  0x00007e4fb99ea38c: ;   {virtual_call}
  0x00007e4fb99ea38c: 0000 00e8 

  0x00007e4fb99ea390: ; ImmutableOopMap {rbp=NarrowOop [0]=Oop [8]=Oop [40]=Oop }
                      ;*invokeinterface size {reexecute=0 rethrow=0 return_oop=0}
                      ; - com.intellij.ide.IdePopupManager::dispatch@254 (line 95)
                      ; - com.intellij.ide.IdeEventQueue::_dispatchEvent@175 (line 566)
  0x00007e4fb99ea390: 0cab 5cff | ffc8 85c0 | 7c0b 8944 | 2438 6690 | e909 0800 | 008b 5424 | 10eb 048b | 5424 104c 
  0x00007e4fb99ea3b0: 8b1c 2444 | 8b4c 2414 | 488b 7c24 | 2066 6690 | e921 eeff 

  0x00007e4fb99ea3c4: ;   {oop(a 'java/lang/Class'{0x00000000ab524a10} = 'com/intellij/ide/IdeEventQueueKt')}
  0x00007e4fb99ea3c4: ff49 ba10 | 4a52 ab00 | 0000 0041 | 0fb6 6a7a | 85ed 0f84 | 9c19 0000 

  0x00007e4fb99ea3dc: ;   {oop(a 'java/lang/Class'{0x00000000ab52df40} = 'com/intellij/openapi/application/ApplicationManager')}
  0x00007e4fb99ea3dc: 49ba 40df | 52ab 0000 | 0000 458b | 5270 498b 

  0x00007e4fb99ea3ec: ;   {oop(a 'java/lang/Class'{0x00000000aeae1958} = 'com/intellij/ide/dnd/DnDManager')}
  0x00007e4fb99ea3ec: f248 ba58 | 19ae ae00 | 0000 0048 | 8b2c 2466 | 6690 c5f8 | 7748 b800 | 901d 0001 

  0x00007e4fb99ea408: ;   {virtual_call}
  0x00007e4fb99ea408: 0000 00e8 

  0x00007e4fb99ea40c: ; ImmutableOopMap {rbp=Oop [0]=Oop [8]=Oop }
                      ;*invokeinterface getService {reexecute=0 rethrow=0 return_oop=1}
                      ; - com.intellij.ide.dnd.DnDManager::getInstance@5 (line 14)
                      ; - com.intellij.ide.IdeEventQueue::_dispatchEvent@16 (line 547)
  0x00007e4fb99ea40c: b076 3bff | 4c8b c844 

  0x00007e4fb99ea414: ;   {metadata('com/intellij/ide/dnd/DnDManager')}
  0x00007e4fb99ea414: 8b50 0849 | bb10 19f5 | 0001 0000 | 004d 33c0 | 4f8d 04d0 | 4d8b 5038 | 4d3b d30f | 8563 1800 
  0x00007e4fb99ea434: 0045 8961 | 44e9 d3ea 

  0x00007e4fb99ea43c: ;   {oop(a 'java/lang/Class'{0x00000000ab524a10} = 'com/intellij/ide/IdeEventQueueKt')}
  0x00007e4fb99ea43c: ffff 49ba | 104a 52ab | 0000 0000 | 410f b66a | 7a85 ed0f | 8467 1900 

  0x00007e4fb99ea454: ;   {oop(a 'java/lang/Class'{0x00000000ab52df40} = 'com/intellij/openapi/application/ApplicationManager')}
  0x00007e4fb99ea454: 0049 ba40 | df52 ab00 | 0000 0041 | 8b6a 7044 

  0x00007e4fb99ea464: ;   {metadata('com/intellij/openapi/application/impl/ApplicationImpl')}
  0x00007e4fb99ea464: 8b5d 0841 | 81fb 00b2 | 0320 0f85 | ec1c 0000 | 4d8b 5148 

  0x00007e4fb99ea478: ;   {metadata('java/awt/event/ComponentEvent')}
  0x00007e4fb99ea478: 49bb c89b | 1b00 0100 | 0000 4d3b | d30f 8585 | 0800 0044 

  0x00007e4fb99ea48c: ;   {metadata('com/intellij/openapi/application/impl/ApplicationImpl')}
  0x00007e4fb99ea48c: 8b5d 0841 | 81fb 00b2 | 0320 0f85 | 6c18 0000 | 4c8b d541 | 0fb6 6a44 | 85ed 0f85 | 4419 0000 
  0x00007e4fb99ea4ac: 4c89 5424 | 2849 8bf2 

  0x00007e4fb99ea4b4: ;   {oop(a 'java/lang/Class'{0x00000000ad5dcf60} = 'com/intellij/openapi/wm/WindowManager')}
  0x00007e4fb99ea4b4: 48ba 60cf | 5dad 0000 | 0000 33c9 

  0x00007e4fb99ea4c0: ;   {oop([B{0x00000000aaac6228})}
  0x00007e4fb99ea4c0: 48bd 2862 | acaa 0000 

  0x00007e4fb99ea4c8: ;   {oop([B{0x00000000ab32da78})}
  0x00007e4fb99ea4c8: 0000 49ba | 78da 32ab | 0000 0000 | 4c89 5424 | 3066 6690 

  0x00007e4fb99ea4dc: ;   {optimized virtual_call}
  0x00007e4fb99ea4dc: c5f8 77e8 

  0x00007e4fb99ea4e0: ; ImmutableOopMap {rbp=Oop [8]=Oop [16]=Oop [24]=Derived_oop_[48] [32]=Derived_oop_rbp [40]=Oop [48]=Oop }
                      ;*invokevirtual doGetService {reexecute=0 rethrow=0 return_oop=1}
                      ; - com.intellij.serviceContainer.ComponentManagerImpl::getServiceIfCreated@10 (line 714)
                      ; - com.intellij.ide.IdeEventQueue::_dispatchEvent@346 (line 1271)
  0x00007e4fb99ea4e0: 7cbb 3dff | 4c8b d048 | 85c0 0f84 | b508 0000 | b9b7 0c00 | 0045 8b42 | 080f 1f80 | 0000 0000 
  0x00007e4fb99ea500: ;   {metadata('com/intellij/openapi/wm/impl/WindowManagerImpl')}
  0x00007e4fb99ea500: 4181 f88e | 3a0e 200f | 853f 1d00 | 004c 8b5c | 2408 458b | 4214 4585 | c00f 84c1 | 1700 0089 
  0x00007e4fb99ea520: 0c24 498b | f049 8bd3 

  0x00007e4fb99ea528: ;   {oop([B{0x00000000aaac6228})}
  0x00007e4fb99ea528: 48bd 2862 | acaa 0000 

  0x00007e4fb99ea530: ;   {oop([B{0x00000000ab32da78})}
  0x00007e4fb99ea530: 0000 49ba | 78da 32ab | 0000 0000 | 4c89 5424 | 2866 6690 

  0x00007e4fb99ea544: ;   {optimized virtual_call}
  0x00007e4fb99ea544: c5f8 77e8 

  0x00007e4fb99ea548: ; ImmutableOopMap {rbp=Oop [8]=Oop [16]=Oop [24]=Derived_oop_[40] [32]=Derived_oop_rbp [40]=Oop }
                      ;*invokevirtual dispatchComponentEvent {reexecute=0 rethrow=0 return_oop=0}
                      ; - com.intellij.openapi.wm.impl.WindowManagerImpl::dispatchComponentEvent@12 (line 215)
                      ; - com.intellij.ide.IdeEventQueue::_dispatchEvent@378 (line 590)
  0x00007e4fb99ea548: b494 83f1 | 488b 5424 | 1044 8b52 | 7c45 85d2 | 0f84 9717 | 0000 8b0c | 2445 8b5a 

  0x00007e4fb99ea564: ;   {metadata('com/intellij/openapi/application/impl/RwLockHolder')}
  0x00007e4fb99ea564: 0841 81fb | 1149 0520 | 0f85 3617 

  0x00007e4fb99ea570: ;   {oop(a 'java/lang/Class'{0x00000000aaaa0ed0} = 'java/lang/System')}
  0x00007e4fb99ea570: 0000 49bb | d00e aaaa | 0000 0000 | 458b 4b7c | 4d8b da45 | 85c9 0f85 | 4018 0000 

  0x00007e4fb99ea58c: ;   {oop(a 'java/lang/Class'{0x00000000aaaa0ed0} = 'java/lang/System')}
  0x00007e4fb99ea58c: 49ba d00e | aaaa 0000 | 0000 418b | aa88 0000 | 0066 6690 

  0x00007e4fb99ea5a0: ; implicit exception: dispatches to 0x00007e4fb99ec540
  0x00007e4fb99ea5a0: 448b 5508 

  0x00007e4fb99ea5a4: ;   {metadata('java/util/Properties')}
  0x00007e4fb99ea5a4: 4181 fadb | 9100 200f | 8517 1700 | 004c 8bed | 458b 4530 | 0f1f 8400 | 0000 0000 

  0x00007e4fb99ea5c0: ; implicit exception: dispatches to 0x00007e4fb99ec550
  0x00007e4fb99ea5c0: 458b 5028 

  0x00007e4fb99ea5c4: ;   {oop("idea.disable.implicit.read.on.edt"{0x00000000ab32da60})}
  0x00007e4fb99ea5c4: 49b8 60da | 32ab 0000 | 0000 418b | 580c 85db | 0f85 dd00 | 0000 450f | b648 1190 | 4585 c90f 
  0x00007e4fb99ea5e4: 8526 0c00 | 0041 b901 | 0000 004c | 8bc2 8bd9 | 498b cb49 | 8bfd 418b | f2eb 1190 | 448b d341 
  0x00007e4fb99ea604: c1e2 0544 | 2bd3 448b | ca41 8bda 

  0x00007e4fb99ea610: ;   {oop([B{0x00000000ab32da78})}
  0x00007e4fb99ea610: 4963 e949 | ba78 da32 | ab00 0000 | 0041 0fb6 | 442a 1045 | 0fb6 5c2a | 1341 0fb6 | 542a 1141 
  0x00007e4fb99ea630: 0fb6 6c2a | 1244 8bd3 | 4403 d041 | 8bda c1e3 | 0541 2bda | 03da 8bd3 | c1e2 052b | d303 d58b 
  0x00007e4fb99ea650: c2c1 e005 | 2bc2 8bd8 | 4103 db41 | 8bd1 83c2 | 0483 fa1e | 7c9a 83fa | 217d 2a41 | 83c1 0490 
  0x00007e4fb99ea670: ;   {oop([B{0x00000000ab32da78})}
  0x00007e4fb99ea670: 49ba 78da | 32ab 0000 | 0000 470f | b65c 0a10 | 8bc3 c1e0 | 052b c38b | d841 03db | 41ff c141 
  0x00007e4fb99ea690: 83f9 217c | db85 db0f | 8483 1100 

  0x00007e4fb99ea69c: ;   {oop("idea.disable.implicit.read.on.edt"{0x00000000ab32da60})}
  0x00007e4fb99ea69c: 0049 ba60 | da32 ab00 | 0000 0041 | 895a 0c49 | 8bd0 4c8b | d94c 8bef | 448b d645 | 85d2 660f 
  0x00007e4fb99ea6bc: 1f44 0000 | 0f84 2706 | 0000 418b | 4a0c 448b | c341 c1e8 | 1044 33c3 | 4181 e0ff | ffff 7f85 
  0x00007e4fb99ea6dc: c966 6690 | 0f86 a216 | 0000 ffc9 | 4123 c84c | 63c9 478b | 548a 1045 | 85d2 0f84 | f105 0000 
  0x00007e4fb99ea6fc: 418b 4a0c | 413b c80f | 84c8 0100 | 0085 c90f | 8cc7 0500 | 0045 8b4a | 1845 85c9 | 0f84 cf05 
  0x00007e4fb99ea71c: 0000 4d8b | f149 8bb7 | 5003 0000 | 418b 4e0c 

  0x00007e4fb99ea72c: ;   {oop([B{0x00000000ab32da78})}
  0x00007e4fb99ea72c: 48b8 78da | 32ab 0000 

  0x00007e4fb99ea734: ;   {oop([B{0x00000000aaac6228})}
  0x00007e4fb99ea734: 0000 48bd | 2862 acaa 

  0x00007e4fb99ea73c: ; ImmutableOopMap {r11=Oop rdx=Oop rax=Oop rbp=Oop r13=Oop r14=Oop [8]=Oop [24]=Derived_oop_rax [32]=Derived_oop_rbp }
                      ;*if_icmpne {reexecute=1 rethrow=0 return_oop=0}
                      ; - (reexecute) java.util.concurrent.ConcurrentHashMap::get@127 (line 946)
                      ; - java.util.Properties::getProperty@5 (line 1141)
                      ; - java.lang.System::getProperty@21 (line 919)
                      ; - com.intellij.platform.ide.bootstrap.StartupUtil::isImplicitReadOnEDTDisabled@6 (line 394)
                      ; - com.intellij.openapi.application.impl.RwLockHolder::runWithoutImplicitRead@6 (line 104)
                      ; - com.intellij.ide.IdeEventQueue::_dispatchEvent@396 (line 593)
  0x00007e4fb99ea73c: 0000 0000 

  0x00007e4fb99ea740: ;   {poll}
  0x00007e4fb99ea740: 8506 458b | 4e18 413b | c874 0e45 | 85c9 0f84 | 9905 0000 | 4d8b f1eb | c841 8b6e | 1066 6690 
  0x00007e4fb99ea760: ;   {oop("idea.disable.implicit.read.on.edt"{0x00000000ab32da60})}
  0x00007e4fb99ea760: 81fd 60da | 32ab 0f84 | 4c01 0000 

  0x00007e4fb99ea76c: ; implicit exception: dispatches to 0x00007e4fb99ec5f0
  0x00007e4fb99ea76c: 448b 5508 

  0x00007e4fb99ea770: ;   {oop("idea.disable.implicit.read.on.edt"{0x00000000ab32da60})}
  0x00007e4fb99ea770: 81fd 60da | 32ab 750d | b901 0000 | 0066 6690 | e90e 0100 

  0x00007e4fb99ea784: ;   {metadata('java/lang/String')}
  0x00007e4fb99ea784: 0041 81fa | bf83 0020 | 0f85 ff00 | 0000 4c8b | d541 807a | 1000 660f | 1f44 0000 | 0f85 eb00 
  0x00007e4fb99ea7a4: 0000 458b | 5214 418b | 5a0c 83fb | 210f 85da | 0000 0049 | 8bca 498d | 7210 488b | 7c24 18b9 
  0x00007e4fb99ea7c4: 2100 0000 | 85c9 0f84 | a500 0000 | 8bc1 83e0 | 1f83 e1e0 | 0f84 4b00 | 0000 488d | 3c0f 488d 
  0x00007e4fb99ea7e4: 340e 48f7 | d9c5 fe6f | 0c0f c5fe | 6f04 0ec5 | f5ef c8c4 | e27d 17c9 | 0f85 7a00 | 0000 4883 
  0x00007e4fb99ea804: c120 75e1 | 85c0 0f84 | 6500 0000 | c5fe 6f4c | 07e0 c5fe | 6f44 06e0 | c5f5 efc8 | c4e2 7d17 
  0x00007e4fb99ea824: c975 55eb | 4c8b c883 | e1fc 7419 | 488d 3c0f | 488d 340e | 48f7 d98b | 1c0f 3b1c | 0e75 3948 
  0x00007e4fb99ea844: 83c1 0475 | f2f7 c002 | 0000 0074 | 120f b71f | 0fb7 0e3b | d975 2148 | 8d7f 0248 | 8d76 02f7 
  0x00007e4fb99ea864: c001 0000 | 0074 0a0f | b61f 0fb6 | 0e3b d975 | 07b8 0100 | 0000 eb02 | 33c0 c5f5 | efc9 c5fd 
  0x00007e4fb99ea884: efc0 85c0 | 7407 b901 | 0000 00eb | 0233 c949 | 8bb7 5003 

  0x00007e4fb99ea898: ;   {oop([B{0x00000000ab32da78})}
  0x00007e4fb99ea898: 0000 48b8 | 78da 32ab | 0000 0000 

  0x00007e4fb99ea8a4: ;   {oop([B{0x00000000aaac6228})}
  0x00007e4fb99ea8a4: 48bd 2862 | acaa 0000 

  0x00007e4fb99ea8ac: ; ImmutableOopMap {r11=Oop r9=NarrowOop rdx=Oop rax=Oop rbp=Oop r13=Oop r14=Oop [8]=Oop [24]=Derived_oop_rax [32]=Derived_oop_rbp }
                      ;*ifeq {reexecute=1 rethrow=0 return_oop=0}
                      ; - (reexecute) java.util.concurrent.ConcurrentHashMap::get@152 (line 947)
                      ; - java.util.Properties::getProperty@5 (line 1141)
                      ; - java.lang.System::getProperty@21 (line 919)
                      ; - com.intellij.platform.ide.bootstrap.StartupUtil::isImplicitReadOnEDTDisabled@6 (line 394)
                      ; - com.intellij.openapi.application.impl.RwLockHolder::runWithoutImplicitRead@6 (line 104)
                      ; - com.intellij.ide.IdeEventQueue::_dispatchEvent@396 (line 593)
                      ;   {poll}
  0x00007e4fb99ea8ac: 0000 8506 | 85c9 0f84 | 5dfe ffff | 418b 6e14 | 0f1f 4000 | 85ed 0f85 | 4a01 0000 | 418b 6d2c 
  0x00007e4fb99ea8cc: e920 0400 | 0041 8b6a | 1066 6666 | 0f1f 8400 | 0000 0000 

  0x00007e4fb99ea8e0: ;   {oop("idea.disable.implicit.read.on.edt"{0x00000000ab32da60})}
  0x00007e4fb99ea8e0: 81fd 60da | 32ab 0f84 | 1a01 0000 

  0x00007e4fb99ea8ec: ; implicit exception: dispatches to 0x00007e4fb99ec584
                      ;   {oop("idea.disable.implicit.read.on.edt"{0x00000000ab32da60})}
  0x00007e4fb99ea8ec: 8b4d 0881 | fd60 da32 | ab0f 840b | 0100 000f | 1f44 0000 

  0x00007e4fb99ea900: ;   {metadata('java/lang/String')}
  0x00007e4fb99ea900: 81f9 bf83 | 0020 0f85 | 05fe ffff | 4c8b cd41 | 8079 1000 | 0f85 f7fd | ffff 458b | 4914 418b 
  0x00007e4fb99ea920: 590c 83fb | 210f 85e6 | fdff ff49 | 8bc9 498d | 7110 488b | 7c24 18b9 | 2100 0000 | 85c9 0f84 
  0x00007e4fb99ea940: a500 0000 | 8bc1 83e0 | 1f83 e1e0 | 0f84 4b00 | 0000 488d | 3c0f 488d | 340e 48f7 | d9c5 fe6f 
  0x00007e4fb99ea960: 0c0f c5fe | 6f04 0ec5 | f5ef c8c4 | e27d 17c9 | 0f85 7a00 | 0000 4883 | c120 75e1 | 85c0 0f84 
  0x00007e4fb99ea980: 6500 0000 | c5fe 6f4c | 07e0 c5fe | 6f44 06e0 | c5f5 efc8 | c4e2 7d17 | c975 55eb | 4c8b c883 
  0x00007e4fb99ea9a0: e1fc 7419 | 488d 3c0f | 488d 340e | 48f7 d98b | 1c0f 3b1c | 0e75 3948 | 83c1 0475 | f2f7 c002 
  0x00007e4fb99ea9c0: 0000 0074 | 120f b71f | 0fb7 0e3b | d975 2148 | 8d7f 0248 | 8d76 02f7 | c001 0000 | 0074 0a0f 
  0x00007e4fb99ea9e0: b61f 0fb6 | 0e3b d975 | 07b8 0100 | 0000 eb02 | 33c0 c5f5 | efc9 c5fd | efc0 85c0 | 0f1f 4000 
  0x00007e4fb99eaa00: 0f84 0bfd | ffff 418b | 6a14 85ed | 0f84 200b | 0000 448b | 5508 6666 | 0f1f 8400 | 0000 0000 
  0x00007e4fb99eaa20: ;   {metadata('java/lang/String')}
  0x00007e4fb99eaa20: 4181 fabf | 8300 200f | 8503 1800 | 004c 8bd5 

  0x00007e4fb99eaa30: ;   {oop("false"{0x00000000aaac6210})}
  0x00007e4fb99eaa30: 49b8 1062 | acaa 0000 | 0000 660f | 1f44 0000 | 4d3b d00f | 84fc 1200 | 0041 807a | 1000 0f85 
  0x00007e4fb99eaa50: f200 0000 | 458b 4214 | 458b 500c | 0f1f 4000 | 4183 fa05 | 0f85 dc00 | 0000 4d8b | d049 8d70 
  0x00007e4fb99eaa70: 1048 8b7c | 2420 b905 | 0000 0085 | c90f 84a5 | 0000 008b | c183 e01f | 83e1 e00f | 844b 0000 
  0x00007e4fb99eaa90: 0048 8d3c | 0f48 8d34 | 0e48 f7d9 | c5fe 6f04 | 0fc5 fe6f | 0c0e c5fd | efc1 c4e2 | 7d17 c00f 
  0x00007e4fb99eaab0: 857a 0000 | 0048 83c1 | 2075 e185 | c00f 8465 | 0000 00c5 | fe6f 4407 | e0c5 fe6f | 4c06 e0c5 
  0x00007e4fb99eaad0: fdef c1c4 | e27d 17c0 | 7555 eb4c | 8bc8 83e1 | fc74 1948 | 8d3c 0f48 | 8d34 0e48 | f7d9 8b1c 
  0x00007e4fb99eaaf0: 0f3b 1c0e | 7539 4883 | c104 75f2 | f7c0 0200 | 0000 7412 | 0fb7 1f0f | b70e 3bd9 | 7521 488d 
  0x00007e4fb99eab10: 7f02 488d | 7602 f7c0 | 0100 0000 | 740a 0fb6 | 1f0f b60e | 3bd9 7507 | b801 0000 | 00eb 0233 
  0x00007e4fb99eab30: c0c5 fdef | c0c5 f5ef | c985 c00f | 1f44 0000 | 0f85 ff11 | 0000 488b | f248 8b54 | 2408 6690 
  0x00007e4fb99eab50: ;   {optimized virtual_call}
  0x00007e4fb99eab50: c5f8 77e8 

  0x00007e4fb99eab54: ; ImmutableOopMap {}
                      ;*invokespecial defaultDispatchEvent {reexecute=0 rethrow=0 return_oop=0}
                      ; - com.intellij.ide.IdeEventQueue::_dispatchEvent$lambda$12@16 (line 593)
                      ; - com.intellij.ide.IdeEventQueue$$Lambda$649/0x0000000100758000::run@8
                      ; - com.intellij.openapi.application.impl.RwLockHolder::runWithoutImplicitRead@13 (line 105)
                      ; - com.intellij.ide.IdeEventQueue::_dispatchEvent@396 (line 593)
  0x00007e4fb99eab54: a814 d2ff | e93f e4ff | ff66 6690 | 458b 5a08 

  0x00007e4fb99eab64: ;   {metadata('com/intellij/ui/popup/StackingPopupDispatcherImpl')}
  0x00007e4fb99eab64: 4181 fb36 | e33a 200f | 858b 1000 | 0049 8bf2 | 488b 5424 | 0866 6690 

  0x00007e4fb99eab7c: ;   {optimized virtual_call}
  0x00007e4fb99eab7c: c5f8 77e8 

  0x00007e4fb99eab80: ; ImmutableOopMap {rbp=NarrowOop [0]=Oop [8]=Oop [40]=Oop }
                      ;*invokeinterface dispatch {reexecute=0 rethrow=0 return_oop=0}
                      ; - com.intellij.ide.IdePopupManager::dispatch@293 (line 96)
                      ; - com.intellij.ide.IdeEventQueue::_dispatchEvent@175 (line 566)
  0x00007e4fb99eab80: b21d 0000 | 85c0 0f85 | 8410 0000 | 4d8b 9750 | 0300 0044 | 8b5c 2430 

  0x00007e4fb99eab98: ; ImmutableOopMap {rbp=NarrowOop [0]=Oop [8]=Oop [40]=Oop }
                      ;*goto {reexecute=1 rethrow=0 return_oop=0}
                      ; - (reexecute) com.intellij.ide.IdePopupManager::dispatch@308 (line 95)
                      ; - com.intellij.ide.IdeEventQueue::_dispatchEvent@175 (line 566)
                      ;   {poll}
  0x00007e4fb99eab98: 41ff cb41 | 8502 6690 | 4585 db0f | 8c26 0100 | 0044 895c | 2438 448b | 5d10 498b | f390 c5f8 
  0x00007e4fb99eabb8: 7748 b8f8 | 8622 0001 

  0x00007e4fb99eabc0: ;   {virtual_call}
  0x00007e4fb99eabc0: 0000 00e8 

  0x00007e4fb99eabc4: ; ImmutableOopMap {rbp=NarrowOop [0]=Oop [8]=Oop [40]=Oop }
                      ;*invokeinterface size {reexecute=0 rethrow=0 return_oop=0}
                      ; - com.intellij.ide.IdePopupManager::dispatch@271 (line 95)
                      ; - com.intellij.ide.IdeEventQueue::_dispatchEvent@175 (line 566)
  0x00007e4fb99eabc4: d8a2 5cff | 448b 5424 | 3844 3bd0 | 0f8d d5f7 | ffff 4889 | 4424 f88b | 4424 3889 | 4424 3048 
  0x00007e4fb99eabe4: 8b44 24f8 | 448b 5510 | 498b f28b | 5424 3866 | 6690 c5f8 | 7748 b820 | c776 914f 

  0x00007e4fb99eac00: ;   {virtual_call}
  0x00007e4fb99eac00: 7e00 00e8 

  0x00007e4fb99eac04: ; ImmutableOopMap {rbp=NarrowOop [0]=Oop [8]=Oop [40]=Oop }
                      ;*invokeinterface get {reexecute=0 rethrow=0 return_oop=1}
                      ; - com.intellij.ide.IdePopupManager::dispatch@284 (line 96)
                      ; - com.intellij.ide.IdeEventQueue::_dispatchEvent@175 (line 566)
  0x00007e4fb99eac04: 1f31 bafe | 4c8b d044 | 8b40 0848 | 33f6 4a8d | 34c6 4c8b 

  0x00007e4fb99eac18: ;   {metadata('com/intellij/openapi/ui/popup/IdePopupEventDispatcher')}
  0x00007e4fb99eac18: 5e20 49b8 | a014 d701 | 0100 0000 | 4d3b d80f | 8433 ffff 

  0x00007e4fb99eac2c: ;   {metadata('com/intellij/openapi/ui/popup/IdePopupEventDispatcher')}
  0x00007e4fb99eac2c: ff48 b8a0 | 14d7 0101 | 0000 0048 | 8b7e 288b | 0f48 83c7 | 0848 85c0 | f248 af0f | 8504 0000 
  0x00007e4fb99eac4c: 0048 8946 | 200f 8409 | ffff ffbe | deff ffff | 498b ea90 

  0x00007e4fb99eac60: ;   {runtime_call UncommonTrapBlob}
  0x00007e4fb99eac60: c5f8 77e8 

  0x00007e4fb99eac64: ; ImmutableOopMap {rbp=Oop }
                      ;*checkcast {reexecute=0 rethrow=0 return_oop=0}
                      ; - com.intellij.ide.IdePopupManager::dispatch@289 (line 96)
                      ; - com.intellij.ide.IdeEventQueue::_dispatchEvent@175 (line 566)
  0x00007e4fb99eac64: 9836 bafe | 458b 5328 | 41f7 c23f | 0000 800f | 8eb6 ecff | ff41 0fb6 | 6b2f 6690 | 85ed 0f85 
  0x00007e4fb99eac84: 9811 0000 | 41f7 c2c0 | ffff ff0f | 859a ecff | ff49 8be9 | 894c 2404 | 4489 0424 | 488b 7424 
  0x00007e4fb99eaca4: 1049 8bd3 | 4c89 5c24 | 1866 6690 

  0x00007e4fb99eacb0: ;   {optimized virtual_call}
  0x00007e4fb99eacb0: c5f8 77e8 

  0x00007e4fb99eacb4: ; ImmutableOopMap {rbp=Oop [0]=NarrowOop [8]=Oop [16]=Oop [24]=Oop }
                      ;*invokespecial resetGlobalMouseEventTarget {reexecute=0 rethrow=0 return_oop=0}
                      ; - com.intellij.ide.IdeEventQueue::dispatchMouseEvent@26 (line 631)
                      ; - com.intellij.ide.IdeEventQueue::_dispatchEvent$lambda$10@19 (line 584)
                      ; - com.intellij.ide.IdeEventQueue$$Lambda$3922/0x0000000101ca39b8::run@8
                      ; - com.intellij.openapi.application.impl.RwLockHolder::runWithEnabledImplicitRead@34 (line 138)
                      ; - com.intellij.openapi.application.impl.RwLockHolder::runWithImplicitRead@21 (line 129)
                      ; - com.intellij.ide.IdeEventQueue::_dispatchEvent@268 (line 584)
  0x00007e4fb99eacb4: c8e0 b9fe | 448b 0424 | 8b4c 2404 | 4c8b cde9 | 67ec ffff | 33db e9b2 | eeff ff8b | 5424 10e9 
  0x00007e4fb99eacd4: d7f6 ffff | 458b 4a08 | 0f1f 4000 

  0x00007e4fb99eace0: ;   {metadata('java/util/concurrent/ConcurrentHashMap$ReservationNode')}
  0x00007e4fb99eace0: 4181 f95f | cb00 200f | 852b 1300 | 0041 8b6d | 2c85 ed0f | 844d feff | ffbe 45ff | ffff 4889 
  0x00007e4fb99ead00: 1424 4c89 | 5c24 1090 

  0x00007e4fb99ead08: ;   {runtime_call UncommonTrapBlob}
  0x00007e4fb99ead08: c5f8 77e8 

  0x00007e4fb99ead0c: ; ImmutableOopMap {rbp=NarrowOop [0]=Oop [8]=Oop [16]=Oop }
                      ;*ifnull {reexecute=1 rethrow=0 return_oop=0}
                      ; - (reexecute) java.util.Properties::getProperty@36 (line 1144)
                      ; - java.lang.System::getProperty@21 (line 919)
                      ; - com.intellij.platform.ide.bootstrap.StartupUtil::isImplicitReadOnEDTDisabled@6 (line 394)
                      ; - com.intellij.openapi.application.impl.RwLockHolder::runWithoutImplicitRead@6 (line 104)
                      ; - com.intellij.ide.IdeEventQueue::_dispatchEvent@396 (line 593)
  0x00007e4fb99ead0c: f035 bafe | 448b 5424 | 0445 85d2 | 0f84 d20f | 0000 b9b7 | 0c00 0048 | 8b54 2410 | e934 f8ff 
  0x00007e4fb99ead2c: ;   {oop(a 'java/lang/Class'{0x00000000ab524a10} = 'com/intellij/ide/IdeEventQueueKt')}
  0x00007e4fb99ead2c: ff49 ba10 | 4a52 ab00 | 0000 0045 | 0fb6 527b | 0f1f 4000 | 4585 d20f | 85c3 1000 | 0048 8b6c 
  0x00007e4fb99ead4c: 2408 6690 

  0x00007e4fb99ead50: ;   {static_call}
  0x00007e4fb99ead50: c5f8 77e8 

  0x00007e4fb99ead54: ; ImmutableOopMap {rbp=Oop [0]=Oop [40]=Oop }
                      ;*invokestatic isWaylandToolkit {reexecute=0 rethrow=0 return_oop=0}
                      ; - com.intellij.ide.IdePopupManager::dispatch@59 (line 48)
                      ; - com.intellij.ide.IdeEventQueue::_dispatchEvent@175 (line 566)
  0x00007e4fb99ead54: 28e6 b9fe | 85c0 660f | 1f44 0000 | 0f84 b004 | 0000 4889 | 6c24 088b | 5424 10e9 | 3bf6 ffff 
  0x00007e4fb99ead74: 4c8b 5424 | 184d 8b52 

  0x00007e4fb99ead7c: ;   {metadata('java/awt/event/MouseEvent')}
  0x00007e4fb99ead7c: 5849 bbf0 | b627 0001 | 0000 004d | 3bd3 0f84 | e8f5 ffff 

  0x00007e4fb99ead90: ;   {metadata('java/awt/event/InputMethodEvent')}
  0x00007e4fb99ead90: 81fa 2574 | 0320 0f84 | dcf5 ffff | 0f1f 4000 | e90a f6ff | ff4c 8b54 | 2428 458b | 5a30 458b 
  0x00007e4fb99eadb0: ;   {oop(a 'java/lang/Class'{0x00000000abed9ef8} = 'com/intellij/openapi/client/ClientSessionsManager')}
  0x00007e4fb99eadb0: 5b0c 48ba | f89e edab | 0000 0000 | 0f1f 4000 

  0x00007e4fb99eadc0: ;   {oop(a 'com/intellij/serviceContainer/ComponentManagerImpl$ContainerState'{0x00000000ab52bc88})}
  0x00007e4fb99eadc0: 4181 fb88 | bc52 ab0f | 842b 0500 | 0049 8bf2 | 8b0c 2490 

  0x00007e4fb99eadd4: ;   {optimized virtual_call}
  0x00007e4fb99eadd4: c5f8 77e8 

  0x00007e4fb99eadd8: ; ImmutableOopMap {rbp=Oop [8]=Oop [16]=Oop [24]=Derived_oop_[48] [32]=Derived_oop_rbp [48]=Oop }
                      ;*invokespecial doGetService {reexecute=0 rethrow=0 return_oop=1}
                      ; - com.intellij.openapi.client.ClientAwareComponentManager::postGetService@60 (line 40)
                      ; - com.intellij.serviceContainer.ComponentManagerImpl::getServiceIfCreated@21 (line 714)
                      ; - com.intellij.ide.IdeEventQueue::_dispatchEvent@346 (line 1271)
  0x00007e4fb99eadd8: a4df b9fe | 0f1f 4000 

  0x00007e4fb99eade0: ; implicit exception: dispatches to 0x00007e4fb99ec5dc
  0x00007e4fb99eade0: 448b 5008 | 4d33 db4f | 8d1c d34d 

  0x00007e4fb99eadec: ;   {metadata('com/intellij/openapi/client/ClientSessionsManager')}
  0x00007e4fb99eadec: 8b53 3849 | bb30 a132 | 0001 0000 | 004d 3bd3 | 0f1f 4000 | 0f85 5a10 | 0000 4c8b | d04c 8954 
  0x00007e4fb99eae0c: ;   {oop(a 'com/intellij/codeWithMe/ClientId$Companion'{0x00000000abee25c0})}
  0x00007e4fb99eae0c: 2430 48be | c025 eeab | 0000 0000 

  0x00007e4fb99eae18: ;   {oop([B{0x00000000ab32da78})}
  0x00007e4fb99eae18: 49ba 78da | 32ab 0000 | 0000 4c89 | 5424 3890 

  0x00007e4fb99eae28: ;   {optimized virtual_call}
  0x00007e4fb99eae28: c5f8 77e8 

  0x00007e4fb99eae2c: ; ImmutableOopMap {rbp=Oop [8]=Oop [16]=Oop [24]=Derived_oop_[56] [32]=Derived_oop_rbp [48]=Oop [56]=Oop }
                      ;*invokevirtual getCurrentOrNull {reexecute=0 rethrow=0 return_oop=1}
                      ; - com.intellij.openapi.client.ClientAwareComponentManager::postGetService@70 (line 43)
                      ; - com.intellij.serviceContainer.ComponentManagerImpl::getServiceIfCreated@21 (line 714)
                      ; - com.intellij.ide.IdeEventQueue::_dispatchEvent@346 (line 1271)
  0x00007e4fb99eae2c: 50df b9fe | 4885 c00f | 84fe 0400 | 0048 8944 | 2448 4c8b | c04c 8b54 | 2430 458b | 5a0c 458b 
  0x00007e4fb99eae4c: 5328 418b | ca45 8bd3 | 4c89 4424 | 284c 8b5c | 2448 458b | 430c 418b | d845 8b48 | 0c45 85c9 
  0x00007e4fb99eae6c: 0f85 8500 | 0000 450f | b658 1145 | 85db 660f | 1f44 0000 | 0f85 2706 | 0000 458b | 5814 458b 
  0x00007e4fb99eae8c: f341 8078 | 1000 0f85 | ad09 0000 | 0f1f 8400 | 0000 0000 

  0x00007e4fb99eaea0: ; implicit exception: dispatches to 0x00007e4fb99ec628
  0x00007e4fb99eaea0: 418b 6e0c | 85ed 0f86 | 5006 0000 | 448b dd41 | ffcb 443b | dd0f 83e9 | 0f00 0045 | 0fb6 4610 
  0x00007e4fb99eaec0: 448b dd41 | 83c3 fd41 | 83fb 010f | 8e03 1000 | 0041 8bf0 | c1e6 0541 | 2bf0 bf01 | 0000 0041 
  0x00007e4fb99eaee0: bab7 0c00 | 0045 33c0 | 4489 5424 | 584c 8944 | 2450 e946 | 0000 0041 | bab7 0c00 | 0045 33db 
  0x00007e4fb99eaf00: 4489 5424 | 584c 895c | 2450 e98c | 0000 0045 | 8bde 450f | b654 3b10 | 458b c841 | c1e1 0545 
  0x00007e4fb99eaf20: 2bc8 4503 | caff c73b | fd0f 8d5f | 0000 0045 | 8bc1 ebdb | 418b f0c1 | e605 412b | f048 63c7 
  0x00007e4fb99eaf40: 410f b654 | 0610 450f | b654 0613 | 450f b644 | 0611 410f | b644 0612 | 03f2 448b | ce41 c1e1 
  0x00007e4fb99eaf60: 0544 2bce | 4503 c841 | 8bf1 c1e6 | 0541 2bf1 | 03f0 448b | c641 c1e0 | 0544 2bc6 | 4503 c283 
  0x00007e4fb99eaf80: c704 413b | fb7c ad3b | fd7c 8445 | 8bc8 4585 | c90f 8481 | 0d00 0044 | 894b 0c44 | 8bd1 6690 
  0x00007e4fb99eafa0: ; implicit exception: dispatches to 0x00007e4fb99eb0eb
  0x00007e4fb99eafa0: 458b 5a0c | 458b c141 | c1e8 1045 | 8bd0 4533 | d145 8bc2 | 4181 e0ff | ffff 7f44 | 8944 2430 
  0x00007e4fb99eafc0: 4585 db0f | 86a7 0e00 | 0041 ffcb | 458b d345 | 23d0 4d63 | d246 8b54 | 9110 4489 | 5424 3490 
  0x00007e4fb99eafe0: ; implicit exception: dispatches to 0x00007e4fb99eb0eb
  0x00007e4fb99eafe0: 458b 420c | 4c89 5424 | 3844 3b44 | 2430 0f84 | 1401 0000 | 4585 c00f | 8ccb 0b00 | 004c 8b54 
  0x00007e4fb99eb000: 2438 458b | 5218 4585 | d20f 84dc | 0000 004c | 8954 2438 | 458b 5a0c | 4d8b 9750 

  0x00007e4fb99eb01c: ;   {oop([B{0x00000000ab32da78})}
  0x00007e4fb99eb01c: 0300 0049 | b878 da32 | ab00 0000 

  0x00007e4fb99eb028: ;   {oop([B{0x00000000aaac6228})}
  0x00007e4fb99eb028: 0049 b928 | 62ac aa00 

  0x00007e4fb99eb030: ; ImmutableOopMap {r8=Oop r9=Oop [8]=Oop [16]=Oop [24]=Derived_oop_r8 [32]=Derived_oop_r9 [40]=Oop [56]=Oop [72]=Oop }
                      ;*if_icmpne {reexecute=1 rethrow=0 return_oop=0}
                      ; - (reexecute) java.util.concurrent.ConcurrentHashMap::get@127 (line 946)
                      ; - com.intellij.openapi.client.ClientSessionsManager::getSession@11 (line 72)
                      ; - com.intellij.openapi.client.ClientAwareComponentManager::postGetService@93 (line 44)
                      ; - com.intellij.serviceContainer.ComponentManagerImpl::getServiceIfCreated@21 (line 714)
                      ; - com.intellij.ide.IdeEventQueue::_dispatchEvent@346 (line 1271)
                      ;   {poll}
  0x00007e4fb99eb030: 0000 0041 | 8502 6666 | 0f1f 8400 | 0000 0000 | 443b 5c24 | 3074 1b4c | 8b54 2438 | 458b 5a18 
  0x00007e4fb99eb050: 4585 db0f | 8492 0000 | 004d 8bd3 | 0f1f 4000 | ebad 4c8b | 5424 3841 | 8b6a 104c | 8bd5 4c8b 
  0x00007e4fb99eb070: 5c24 484d | 3bd3 0f84 | 5e00 0000 | 0f1f 4000 | 85ed 0f84 | ac0e 0000 | 488b d548 | 8b74 2448 
  0x00007e4fb99eb090: ;   {oop([B{0x00000000aaac6228})}
  0x00007e4fb99eb090: 48bd 2862 | acaa 0000 

  0x00007e4fb99eb098: ;   {oop([B{0x00000000ab32da78})}
  0x00007e4fb99eb098: 0000 49ba | 78da 32ab | 0000 0000 | 4c89 5424 | 6066 6690 

  0x00007e4fb99eb0ac: ;   {optimized virtual_call}
  0x00007e4fb99eb0ac: c5f8 77e8 

  0x00007e4fb99eb0b0: ; ImmutableOopMap {rbp=Oop [8]=Oop [16]=Oop [24]=Derived_oop_[96] [32]=Derived_oop_rbp [40]=Oop [56]=Oop [72]=Oop [96]=Oop }
                      ;*invokevirtual equals {reexecute=0 rethrow=0 return_oop=0}
                      ; - java.util.concurrent.ConcurrentHashMap::get@149 (line 947)
                      ; - com.intellij.openapi.client.ClientSessionsManager::getSession@11 (line 72)
                      ; - com.intellij.openapi.client.ClientAwareComponentManager::postGetService@93 (line 44)
                      ; - com.intellij.serviceContainer.ComponentManagerImpl::getServiceIfCreated@21 (line 714)
                      ; - com.intellij.ide.IdeEventQueue::_dispatchEvent@346 (line 1271)
  0x00007e4fb99eb0b0: ccdc b9fe | 4d8b 9750 

  0x00007e4fb99eb0b8: ;   {oop([B{0x00000000ab32da78})}
  0x00007e4fb99eb0b8: 0300 0049 | bb78 da32 | ab00 0000 

  0x00007e4fb99eb0c4: ;   {oop([B{0x00000000aaac6228})}
  0x00007e4fb99eb0c4: 0049 b828 | 62ac aa00 

  0x00007e4fb99eb0cc: ; ImmutableOopMap {r11=Oop r8=Oop [8]=Oop [16]=Oop [24]=Derived_oop_r11 [32]=Derived_oop_r8 [40]=Oop [56]=Oop [72]=Oop }
                      ;*ifeq {reexecute=1 rethrow=0 return_oop=0}
                      ; - (reexecute) java.util.concurrent.ConcurrentHashMap::get@152 (line 947)
                      ; - com.intellij.openapi.client.ClientSessionsManager::getSession@11 (line 72)
                      ; - com.intellij.openapi.client.ClientAwareComponentManager::postGetService@93 (line 44)
                      ; - com.intellij.serviceContainer.ComponentManagerImpl::getServiceIfCreated@21 (line 714)
                      ; - com.intellij.ide.IdeEventQueue::_dispatchEvent@346 (line 1271)
                      ;   {poll}
  0x00007e4fb99eb0cc: 0000 0041 | 8502 85c0 | 0f84 23ff | ffff 4c8b | 5424 3841 | 8b6a 1485 | ed0f 8582 | 0000 00be 
  0x00007e4fb99eb0ec: f4ff ffff | 488b 6c24 | 104c 8b54 | 2408 4c89 | 1424 6690 

  0x00007e4fb99eb100: ;   {runtime_call UncommonTrapBlob}
  0x00007e4fb99eb100: c5f8 77e8 

  0x00007e4fb99eb104: ; ImmutableOopMap {rbp=Oop [0]=Oop [40]=Oop }
                      ;*checkcast {reexecute=0 rethrow=0 return_oop=0}
                      ; - com.intellij.openapi.client.ClientSessionsManager::getSession@14 (line 72)
                      ; - com.intellij.openapi.client.ClientAwareComponentManager::postGetService@93 (line 44)
                      ; - com.intellij.serviceContainer.ComponentManagerImpl::getServiceIfCreated@21 (line 714)
                      ; - com.intellij.ide.IdeEventQueue::_dispatchEvent@346 (line 1271)
  0x00007e4fb99eb104: f831 bafe | 448b 5424 | 3441 8b6a | 104c 8bd5 | 4c8b 5c24 | 484d 3bd3 | 743e 6690 | 85ed 0f84 
  0x00007e4fb99eb124: c90d 0000 | 488b d548 | 8b74 2448 

  0x00007e4fb99eb130: ;   {oop([B{0x00000000aaac6228})}
  0x00007e4fb99eb130: 48bd 2862 | acaa 0000 

  0x00007e4fb99eb138: ;   {oop([B{0x00000000ab32da78})}
  0x00007e4fb99eb138: 0000 49ba | 78da 32ab | 0000 0000 | 4c89 5424 | 6066 6690 

  0x00007e4fb99eb14c: ;   {optimized virtual_call}
  0x00007e4fb99eb14c: c5f8 77e8 

  0x00007e4fb99eb150: ; ImmutableOopMap {rbp=Oop [8]=Oop [16]=Oop [24]=Derived_oop_[96] [32]=Derived_oop_rbp [40]=Oop [52]=NarrowOop [56]=Oop [72]=Oop [96]=Oop }
                      ;*invokevirtual equals {reexecute=0 rethrow=0 return_oop=0}
                      ; - java.util.concurrent.ConcurrentHashMap::get@73 (line 940)
                      ; - com.intellij.openapi.client.ClientSessionsManager::getSession@11 (line 72)
                      ; - com.intellij.openapi.client.ClientAwareComponentManager::postGetService@93 (line 44)
                      ; - com.intellij.serviceContainer.ComponentManagerImpl::getServiceIfCreated@21 (line 714)
                      ; - com.intellij.ide.IdeEventQueue::_dispatchEvent@346 (line 1271)
  0x00007e4fb99eb150: 2cdc b9fe | 85c0 0f84 | a1fe ffff | 448b 5c24 | 3441 8b6b | 1485 ed0f | 847e ffff | ff44 8b5d 
  0x00007e4fb99eb170: ;   {metadata('com/intellij/openapi/client/ClientSession')}
  0x00007e4fb99eb170: 0848 b870 | bd32 0001 | 0000 0048 | 33f6 4a8d | 34de 4c8b | 5620 4c3b | d00f 851f | 0100 0048 
  0x00007e4fb99eb190: 8bf5 448b 

  0x00007e4fb99eb194: ;   {metadata('com/intellij/openapi/client/ClientSessionImpl')}
  0x00007e4fb99eb194: 5e08 49ba | 28f2 3200 | 0100 0000 | 4d33 c04f | 8d04 d84d | 8b58 504d | 3bda 7535 

  0x00007e4fb99eb1b0: ;   {oop(a 'java/lang/Class'{0x00000000ad5dcf60} = 'com/intellij/openapi/wm/WindowManager')}
  0x00007e4fb99eb1b0: 48ba 60cf | 5dad 0000 | 0000 33c9 

  0x00007e4fb99eb1bc: ;   {oop([B{0x00000000aaac6228})}
  0x00007e4fb99eb1bc: 4533 c048 | bd28 62ac | aa00 0000 

  0x00007e4fb99eb1c8: ;   {oop([B{0x00000000ab32da78})}
  0x00007e4fb99eb1c8: 0049 ba78 | da32 ab00 | 0000 004c | 8954 2438 

  0x00007e4fb99eb1d8: ;   {optimized virtual_call}
  0x00007e4fb99eb1d8: c5f8 77e8 

  0x00007e4fb99eb1dc: ; ImmutableOopMap {rbp=Oop [8]=Oop [16]=Oop [24]=Derived_oop_[56] [32]=Derived_oop_rbp [40]=Oop [56]=Oop }
                      ;*invokevirtual doGetService {reexecute=0 rethrow=0 return_oop=1}
                      ; - com.intellij.openapi.client.ClientAwareComponentManager::postGetService@131 (line 45)
                      ; - com.intellij.serviceContainer.ComponentManagerImpl::getServiceIfCreated@21 (line 714)
                      ; - com.intellij.ide.IdeEventQueue::_dispatchEvent@346 (line 1271)
  0x00007e4fb99eb1dc: a0db b9fe | 4889 4424 | 504c 8b54 | 2428 4d85 | d20f 8472 | 0100 004c | 8b54 2450 | 4d85 d20f 
  0x00007e4fb99eb1fc: 1f44 0000 | 0f84 460c | 0000 8b4c | 2458 e9e6 | f2ff ff33 | dbe9 a1f4 | ffff 488b | 7424 2890 
  0x00007e4fb99eb21c: ;   {optimized virtual_call}
  0x00007e4fb99eb21c: c5f8 77e8 

  0x00007e4fb99eb220: ; ImmutableOopMap {rbp=Oop [0]=Oop [40]=Oop }
                      ;*invokevirtual isPopupActive {reexecute=0 rethrow=0 return_oop=0}
                      ; - com.intellij.ide.IdePopupManager::dispatch@68 (line 61)
                      ; - com.intellij.ide.IdeEventQueue::_dispatchEvent@175 (line 566)
  0x00007e4fb99eb220: 5cdb b9fe | 85c0 0f84 | 6502 0000 | 4c8b 5424 

  0x00007e4fb99eb230: ;   {metadata('java/awt/event/WindowEvent')}
  0x00007e4fb99eb230: 2049 bb30 | 5f46 0001 | 0000 000f | 1f44 0000 | 4d3b d30f | 854b 0c00 | 004c 8bd5 | 4c89 5424 
  0x00007e4fb99eb250: 0849 8bf2 

  0x00007e4fb99eb254: ;   {optimized virtual_call}
  0x00007e4fb99eb254: c5f8 77e8 

  0x00007e4fb99eb258: ; ImmutableOopMap {rbp=Oop [0]=Oop [8]=Oop [40]=Oop }
                      ;*invokevirtual getWindow {reexecute=0 rethrow=0 return_oop=1}
                      ; - com.intellij.ide.IdePopupManager::dispatch@80 (line 63)
                      ; - com.intellij.ide.IdeEventQueue::_dispatchEvent@175 (line 566)
  0x00007e4fb99eb258: 24db b9fe | 0f1f 4000 

  0x00007e4fb99eb260: ; implicit exception: dispatches to 0x00007e4fb99ec618
  0x00007e4fb99eb260: 440f b658 | 3145 85db | 0f84 3102 | 0000 4889 | 4424 1848 | 8b74 2408 

  0x00007e4fb99eb278: ;   {optimized virtual_call}
  0x00007e4fb99eb278: c5f8 77e8 

  0x00007e4fb99eb27c: ; ImmutableOopMap {rbp=Oop [0]=Oop [24]=Oop [40]=Oop }
                      ;*invokevirtual getOppositeWindow {reexecute=0 rethrow=0 return_oop=1}
                      ; - com.intellij.ide.IdePopupManager::dispatch@103 (line 72)
                      ; - com.intellij.ide.IdeEventQueue::_dispatchEvent@175 (line 566)
  0x00007e4fb99eb27c: 00db b9fe | 488b 7424 | 2848 8bd0 | 488b 4c24 | 1866 6690 

  0x00007e4fb99eb290: ;   {optimized virtual_call}
  0x00007e4fb99eb290: c5f8 77e8 

  0x00007e4fb99eb294: ; ImmutableOopMap {rbp=Oop [0]=Oop }
                      ;*invokevirtual maybeCloseAllPopups {reexecute=0 rethrow=0 return_oop=0}
                      ; - com.intellij.ide.IdePopupManager::dispatch@112 (line 73)
                      ; - com.intellij.ide.IdeEventQueue::_dispatchEvent@175 (line 566)
  0x00007e4fb99eb294: e8da b9fe | 4889 6c24 | 088b 5424 | 10e9 09f1 | ffff 8b6a | 2ce9 42e6 | ffff 488b | 7e28 8b0f 
  0x00007e4fb99eb2b4: 4883 c708 | 4885 c0f2 | 48af 0f85 | 0400 0000 | 4889 4620 | 0f84 c1fe | ffff bede | ffff ff90 
  0x00007e4fb99eb2d4: ;   {runtime_call UncommonTrapBlob}
  0x00007e4fb99eb2d4: c5f8 77e8 

  0x00007e4fb99eb2d8: ; ImmutableOopMap {rbp=NarrowOop }
                      ;*checkcast {reexecute=0 rethrow=0 return_oop=0}
                      ; - com.intellij.openapi.client.ClientSessionsManager::getSession@14 (line 72)
                      ; - com.intellij.openapi.client.ClientAwareComponentManager::postGetService@93 (line 44)
                      ; - com.intellij.serviceContainer.ComponentManagerImpl::getServiceIfCreated@21 (line 714)
                      ; - com.intellij.ide.IdeEventQueue::_dispatchEvent@346 (line 1271)
  0x00007e4fb99eb2d8: 2430 bafe 

  0x00007e4fb99eb2dc: ;   {metadata('com/intellij/util/containers/LockFreeCopyOnWriteArrayList$COWIterator')}
  0x00007e4fb99eb2dc: 48be 2023 | 3300 0100 | 0000 6690 

  0x00007e4fb99eb2e8: ;   {runtime_call _new_instance_Java}
  0x00007e4fb99eb2e8: c5f8 77e8 

  0x00007e4fb99eb2ec: ; ImmutableOopMap {rbp=Oop [4]=NarrowOop [8]=Oop [32]=Oop [40]=Oop [48]=Oop }
                      ;*new {reexecute=0 rethrow=0 return_oop=1}
                      ; - com.intellij.util.containers.LockFreeCopyOnWriteArrayList::iterator@19 (line 796)
                      ; - com.intellij.ide.IdePopupManager::isPopupActive@4 (line 29)
                      ; - com.intellij.ide.IdeEventQueue::_dispatchEvent@164 (line 566)
  0x00007e4fb99eb2ec: 1086 c4fe | 4c8b c8e9 | 3bde ffff | 498b f233 | c966 6690 

  0x00007e4fb99eb300: ;   {optimized virtual_call}
  0x00007e4fb99eb300: c5f8 77e8 

  0x00007e4fb99eb304: ; ImmutableOopMap {rbp=Oop [8]=Oop [16]=Oop [24]=Derived_oop_[48] [32]=Derived_oop_rbp [48]=Oop }
                      ;*invokespecial doGetService {reexecute=0 rethrow=0 return_oop=1}
                      ; - com.intellij.openapi.client.ClientAwareComponentManager::postGetService@46 (line 37)
                      ; - com.intellij.serviceContainer.ComponentManagerImpl::getServiceIfCreated@21 (line 714)
                      ; - com.intellij.ide.IdeEventQueue::_dispatchEvent@346 (line 1271)
  0x00007e4fb99eb304: 78da b9fe 

  0x00007e4fb99eb308: ; implicit exception: dispatches to 0x00007e4fb99ec638
  0x00007e4fb99eb308: 448b 5808 | 4d33 d24f | 8d14 da4d 

  0x00007e4fb99eb314: ;   {metadata('com/intellij/openapi/client/ClientSessionsManager')}
  0x00007e4fb99eb314: 8b52 3849 | bb30 a132 | 0001 0000 | 004d 3bd3 | 0f85 de0b | 0000 4c8b | d04c 8954 | 2430 e9d7 
  0x00007e4fb99eb334: ;   {oop(a 'java/lang/Class'{0x00000000abee22b0} = 'com/intellij/codeWithMe/ClientId')}
  0x00007e4fb99eb334: faff ff49 | bab0 22ee | ab00 0000 | 0041 8baa | 8400 0000 | 85ed 0f84 | 040c 0000 | 4c8b d54c 
  0x00007e4fb99eb354: 8954 2448 | 4533 c00f | 1f44 0000 | e9dc faff | ff4c 8b54 | 2450 4d85 | d20f 84d9 

  0x00007e4fb99eb370: ;   {oop(a 'java/util/concurrent/atomic/AtomicReference'{0x00000000ab350b28})}
  0x00007e4fb99eb370: 0a00 0049 | bb28 0b35 | ab00 0000 | 0041 8b6b | 0c44 8b4d 

  0x00007e4fb99eb384: ;   {metadata('com/intellij/diagnostic/LoadingState')}
  0x00007e4fb99eb384: 0841 81f9 | 6932 0220 | 0f85 de0d | 0000 4c8b | c541 b9fd | ffff ff45 | 0348 0c90 | 4585 c90f 
  0x00007e4fb99eb3a4: 8c6f 0b00 

  0x00007e4fb99eb3a8: ;   {oop(a 'java/lang/Class'{0x00000000ab350548} = 'com/intellij/diagnostic/LoadingState')}
  0x00007e4fb99eb3a8: 0049 b848 | 0535 ab00 | 0000 0041 | 0fb6 a89c | 0000 0085 | ed66 6690 | 0f84 a60b | 0000 418b 
  0x00007e4fb99eb3c8: 6b0c 448b 

  0x00007e4fb99eb3cc: ;   {metadata('com/intellij/diagnostic/LoadingState')}
  0x00007e4fb99eb3cc: 5d08 4181 | fb69 3202 | 200f 85ad | 0d00 004c | 8bc5 41bb | fdff ffff | 4503 580c | 4585 db0f 
  0x00007e4fb99eb3ec: 8c93 0b00 

  0x00007e4fb99eb3f0: ;   {oop(a 'com/intellij/openapi/util/registry/Registry'{0x00000000ac5f9648})}
  0x00007e4fb99eb3f0: 0049 bb48 | 965f ac00 | 0000 0041 | 0fb6 6b0c | 85ed 0f84 | a40b 0000 

  0x00007e4fb99eb408: ;   {oop(a 'kotlin/SynchronizedLazyImpl'{0x00000000abee2b00})}
  0x00007e4fb99eb408: 49bb 002b | eeab 0000 | 0000 458b | 5b10 6666 | 0f1f 8400 | 0000 0000 

  0x00007e4fb99eb420: ;   {oop(a 'kotlin/UNINITIALIZED_VALUE'{0x00000000ab3d5238})}
  0x00007e4fb99eb420: 4181 fb38 | 523d ab0f | 845f 0500 | 004d 8bc3 

  0x00007e4fb99eb430: ; implicit exception: dispatches to 0x00007e4fb99ec684
  0x00007e4fb99eb430: 458b 5808 | 0f1f 8400 | 0000 0000 | 6666 6690 

  0x00007e4fb99eb440: ;   {metadata('com/intellij/codeWithMe/ClientId$AbsenceBehavior')}
  0x00007e4fb99eb440: 4181 fb40 | bd18 200f | 857f 0d00 

  0x00007e4fb99eb44c: ;   {oop(a 'com/intellij/codeWithMe/ClientId$AbsenceBehavior'{0x00000000aecc43c0})}
  0x00007e4fb99eb44c: 0049 bbc0 | 43cc ae00 | 0000 004d | 3bc3 660f | 1f44 0000 | 0f85 a0fd | ffff beb4 | 0000 0048 
  0x00007e4fb99eb46c: 8b6c 2410 | 4c8b 5c24 | 084c 891c | 244c 8954 | 2408 6690 

  0x00007e4fb99eb480: ;   {runtime_call UncommonTrapBlob}
  0x00007e4fb99eb480: c5f8 77e8 

  0x00007e4fb99eb484: ; ImmutableOopMap {rbp=Oop [0]=Oop [8]=Oop }
                      ;*invokestatic access$getLogger$p {reexecute=0 rethrow=0 return_oop=0}
                      ; - com.intellij.openapi.client.ClientAwareComponentManager::postGetService@163 (line 47)
                      ; - com.intellij.serviceContainer.ComponentManagerImpl::getServiceIfCreated@21 (line 714)
                      ; - com.intellij.ide.IdeEventQueue::_dispatchEvent@346 (line 1271)
  0x00007e4fb99eb484: 782e bafe | 418b 6d2c | e9a0 ebff | ff48 896c | 2408 8b54 | 2410 e910 | efff ff48 | 896c 2408 
  0x00007e4fb99eb4a4: 8b54 2410 | e902 efff | ff45 33c9 | 41bb b70c | 0000 4533 | d244 895c | 2458 4c89 | 5424 50e9 
  0x00007e4fb99eb4c4: d3fa ffff 

  0x00007e4fb99eb4c8: ;   {metadata('com/intellij/ide/IdeEventQueue$$Lambda$3994+0x0000000101ccf678')}
  0x00007e4fb99eb4c8: 48be 78f6 | cc01 0100 

  0x00007e4fb99eb4d0: ;   {oop([B{0x00000000aaac6228})}
  0x00007e4fb99eb4d0: 0000 48bd | 2862 acaa | 0000 0000 

  0x00007e4fb99eb4dc: ;   {oop([B{0x00000000ab32da78})}
  0x00007e4fb99eb4dc: 49ba 78da | 32ab 0000 | 0000 4c89 | 5424 3090 

  0x00007e4fb99eb4ec: ;   {runtime_call _new_instance_Java}
  0x00007e4fb99eb4ec: c5f8 77e8 

  0x00007e4fb99eb4f0: ; ImmutableOopMap {rbp=Oop [4]=NarrowOop [8]=Oop [16]=Oop [24]=Derived_oop_[48] [32]=Derived_oop_rbp [40]=NarrowOop [48]=Oop }
                      ;*invokevirtual allocateInstance {reexecute=0 rethrow=0 return_oop=1}
                      ; - java.lang.invoke.DirectMethodHandle::allocateInstance@12 (line 520)
                      ; - java.lang.invoke.DirectMethodHandle$Holder::newInvokeSpecial@1
                      ; - java.lang.invoke.Invokers$Holder::linkToTargetMethod@6
                      ; - com.intellij.ide.IdeEventQueue::_dispatchEvent@289 (line 585)
  0x00007e4fb99eb4f0: 0c84 c4fe | 4c8b c0e9 | 13e5 ffff | 4533 c941 | bbb7 0c00 | 0045 33d2 | 4489 5c24 | 584c 8954 
  0x00007e4fb99eb510: 2450 e977 | faff ff8b 

  0x00007e4fb99eb518: ;   {oop("idea.disable.implicit.read.on.edt"{0x00000000ab32da60})}
  0x00007e4fb99eb518: df03 de49 | bb60 da32 | ab00 0000 | 0041 c643 | 1101 488b | d1e9 05df | ffff 418b | 6d2c e9b6 
  0x00007e4fb99eb538: f7ff ff8b 

  0x00007e4fb99eb53c: ;   {oop("idea.disable.implicit.read.on.edt"{0x00000000ab32da60})}
  0x00007e4fb99eb53c: da03 d849 | ba60 da32 | ab00 0000 | 0041 c642 | 1101 4c8b | efe9 2be6 | ffff bee4 | ffff ff44 
  0x00007e4fb99eb55c: 8944 2418 

  0x00007e4fb99eb560: ;   {runtime_call UncommonTrapBlob}
  0x00007e4fb99eb560: c5f8 77e8 

  0x00007e4fb99eb564: ; ImmutableOopMap {[0]=Oop [8]=Oop [24]=NarrowOop [40]=NarrowOop [56]=Oop }
                      ;*aaload {reexecute=0 rethrow=0 return_oop=0}
                      ; - com.intellij.util.containers.LockFreeCopyOnWriteArrayList$COWIterator::next@38 (line 875)
                      ; - com.intellij.ide.IdePopupManager::isPopupActive@20 (line 29)
                      ; - com.intellij.ide.IdeEventQueue::_dispatchEvent@164 (line 566)
  0x00007e4fb99eb564: 982d bafe | bee4 ffff | ff48 8b2c | 244c 8b4c | 2408 4c89 | 0c24 895c | 2410 4c8b | 4c24 404c 
  0x00007e4fb99eb584: 894c 2420 | 4c89 5424 | 2844 895c | 2430 4489 | 4424 3490 

  0x00007e4fb99eb598: ;   {runtime_call UncommonTrapBlob}
  0x00007e4fb99eb598: c5f8 77e8 

  0x00007e4fb99eb59c: ; ImmutableOopMap {rbp=Oop [0]=Oop [16]=NarrowOop [32]=Oop [40]=Oop [56]=Oop [64]=Oop }
                      ;*invokestatic checkIndex {reexecute=0 rethrow=0 return_oop=0}
                      ; - java.util.Objects::checkIndex@3 (line 361)
                      ; - java.util.ArrayList::get@5 (line 427)
                      ; - com.intellij.util.containers.Stack::peek@21 (line 41)
                      ; - com.intellij.ui.popup.StackingPopupDispatcherImpl::getComponent@14 (line 198)
                      ; - com.intellij.ide.IdePopupManager::isPopupActive@30 (line 30)
                      ; - com.intellij.ide.IdeEventQueue::_dispatchEvent@164 (line 566)
  0x00007e4fb99eb59c: 602d bafe | bee4 ffff | ff48 8b2c | 244c 8b44 | 2408 4c89 | 0424 895c | 2410 4c8b | 4424 404c 
  0x00007e4fb99eb5bc: 8944 2420 | 4489 5424 | 1444 895c | 2428 6690 

  0x00007e4fb99eb5cc: ;   {runtime_call UncommonTrapBlob}
  0x00007e4fb99eb5cc: c5f8 77e8 

  0x00007e4fb99eb5d0: ; ImmutableOopMap {rbp=Oop [0]=Oop [16]=NarrowOop [20]=NarrowOop [32]=Oop [56]=Oop [64]=Oop }
                      ;*aaload {reexecute=0 rethrow=0 return_oop=0}
                      ; - java.util.ArrayList::elementData@5 (line 411)
                      ; - java.util.ArrayList::get@11 (line 428)
                      ; - com.intellij.util.containers.Stack::peek@21 (line 41)
                      ; - com.intellij.ui.popup.StackingPopupDispatcherImpl::getComponent@14 (line 198)
                      ; - com.intellij.ide.IdePopupManager::isPopupActive@30 (line 30)
                      ; - com.intellij.ide.IdeEventQueue::_dispatchEvent@164 (line 566)
  0x00007e4fb99eb5d0: 2c2d bafe | 33ed be45 | ffff ff90 

  0x00007e4fb99eb5dc: ;   {runtime_call UncommonTrapBlob}
  0x00007e4fb99eb5dc: c5f8 77e8 

  0x00007e4fb99eb5e0: ; ImmutableOopMap {[0]=Oop [8]=Oop [40]=NarrowOop [56]=Oop [64]=Oop }
                      ;*ifne {reexecute=1 rethrow=0 return_oop=0}
                      ; - (reexecute) com.intellij.ide.IdePopupManager::isPopupActive@47 (line 30)
                      ; - com.intellij.ide.IdeEventQueue::_dispatchEvent@164 (line 566)
  0x00007e4fb99eb5e0: 1c2d bafe | be66 ffff | ff89 5c24 | 184c 8b54 | 2440 4c89 | 5424 2890 

  0x00007e4fb99eb5f8: ;   {runtime_call UncommonTrapBlob}
  0x00007e4fb99eb5f8: c5f8 77e8 

  0x00007e4fb99eb5fc: ; ImmutableOopMap {rbp=NarrowOop [0]=Oop [8]=Oop [24]=NarrowOop [40]=Oop [56]=Oop [64]=Oop }
                      ;*invokevirtual size {reexecute=0 rethrow=0 return_oop=0}
                      ; - com.intellij.util.containers.Stack::peek@1 (line 37)
                      ; - com.intellij.ui.popup.StackingPopupDispatcherImpl::getComponent@14 (line 198)
                      ; - com.intellij.ide.IdePopupManager::isPopupActive@30 (line 30)
                      ; - com.intellij.ide.IdeEventQueue::_dispatchEvent@164 (line 566)
  0x00007e4fb99eb5fc: 002d bafe | becc ffff | ff48 8b2c | 244c 8b4c | 2408 4c89 | 0c24 895c | 2410 4c8b | 4c24 404c 
  0x00007e4fb99eb61c: 894c 2420 | 4c89 5424 | 2844 895c | 2430 4489 | 4424 3490 

  0x00007e4fb99eb630: ;   {runtime_call UncommonTrapBlob}
  0x00007e4fb99eb630: c5f8 77e8 

  0x00007e4fb99eb634: ; ImmutableOopMap {rbp=Oop [0]=Oop [16]=NarrowOop [32]=Oop [40]=Oop [56]=Oop [64]=Oop }
                      ;*invokestatic checkIndex {reexecute=0 rethrow=0 return_oop=0}
                      ; - java.util.Objects::checkIndex@3 (line 361)
                      ; - java.util.ArrayList::get@5 (line 427)
                      ; - com.intellij.util.containers.Stack::peek@21 (line 41)
                      ; - com.intellij.ui.popup.StackingPopupDispatcherImpl::getComponent@14 (line 198)
                      ; - com.intellij.ide.IdePopupManager::isPopupActive@30 (line 30)
                      ; - com.intellij.ide.IdeEventQueue::_dispatchEvent@164 (line 566)
  0x00007e4fb99eb634: c82c bafe | be45 ffff | ff48 8b6c | 2410 6690 

  0x00007e4fb99eb644: ;   {runtime_call UncommonTrapBlob}
  0x00007e4fb99eb644: c5f8 77e8 

  0x00007e4fb99eb648: ; ImmutableOopMap {rbp=Oop [8]=Oop }
                      ;*ifeq {reexecute=1 rethrow=0 return_oop=0}
                      ; - (reexecute) com.intellij.ide.IdeEventQueue::_dispatchEvent@229 (line 579)
  0x00007e4fb99eb648: b42c bafe | bede ffff | ff4c 891c | 2489 5c24 | 1066 6690 

  0x00007e4fb99eb65c: ;   {runtime_call UncommonTrapBlob}
  0x00007e4fb99eb65c: c5f8 77e8 

  0x00007e4fb99eb660: ; ImmutableOopMap {rbp=NarrowOop [0]=Oop [8]=Oop [16]=NarrowOop }
                      ;*invokeinterface iterator {reexecute=0 rethrow=0 return_oop=0}
                      ; - com.intellij.ide.IdePopupManager::isPopupActive@4 (line 29)
                      ; - com.intellij.ide.IdeEventQueue::_dispatchEvent@164 (line 566)
  0x00007e4fb99eb660: 9c2c bafe | bede ffff | ff4c 891c | 2466 6690 

  0x00007e4fb99eb670: ;   {runtime_call UncommonTrapBlob}
  0x00007e4fb99eb670: c5f8 77e8 

  0x00007e4fb99eb674: ; ImmutableOopMap {rbp=NarrowOop [0]=Oop [8]=Oop }
                      ;*invokeinterface isEmpty {reexecute=0 rethrow=0 return_oop=0}
                      ; - com.intellij.ide.IdePopupManager::isPopupActive@68 (line 35)
                      ; - com.intellij.ide.IdeEventQueue::_dispatchEvent@164 (line 566)
  0x00007e4fb99eb674: 882c bafe | bef6 ffff | ff41 8be8 | 890c 244c | 895c 2408 

  0x00007e4fb99eb688: ;   {runtime_call UncommonTrapBlob}
  0x00007e4fb99eb688: c5f8 77e8 

  0x00007e4fb99eb68c: ; ImmutableOopMap {rbp=NarrowOop [8]=Oop }
                      ;*invokevirtual dispatchMouseEvent {reexecute=0 rethrow=0 return_oop=0}
                      ; - com.intellij.ide.IdeEventQueue::dispatchMouseEvent@56 (line 636)
                      ; - com.intellij.ide.IdeEventQueue::_dispatchEvent$lambda$10@19 (line 584)
                      ; - com.intellij.ide.IdeEventQueue$$Lambda$3922/0x0000000101ca39b8::run@8
                      ; - com.intellij.openapi.application.impl.RwLockHolder::runWithEnabledImplicitRead@34 (line 138)
                      ; - com.intellij.openapi.application.impl.RwLockHolder::runWithImplicitRead@21 (line 129)
                      ; - com.intellij.ide.IdeEventQueue::_dispatchEvent@268 (line 584)
  0x00007e4fb99eb68c: 702c bafe | bede ffff | ff48 8b6c | 2410 4c8b | 5c24 084c | 891c 2444 | 8954 2408 

  0x00007e4fb99eb6a8: ;   {runtime_call UncommonTrapBlob}
  0x00007e4fb99eb6a8: c5f8 77e8 

  0x00007e4fb99eb6ac: ; ImmutableOopMap {rbp=Oop [0]=Oop [8]=NarrowOop }
                      ;*invokeinterface runWithImplicitRead {reexecute=0 rethrow=0 return_oop=0}
                      ; - com.intellij.ide.IdeEventQueue::_dispatchEvent@268 (line 584)
  0x00007e4fb99eb6ac: 502c bafe | bede ffff | ff48 ff74 | 2410 488f | 0424 4c89 | 4c24 1090 

  0x00007e4fb99eb6c4: ;   {runtime_call UncommonTrapBlob}
  0x00007e4fb99eb6c4: c5f8 77e8 

  0x00007e4fb99eb6c8: ; ImmutableOopMap {rbp=NarrowOop [0]=Oop [8]=Oop [16]=Oop }
                      ;*invokevirtual getProperty {reexecute=0 rethrow=0 return_oop=0}
                      ; - java.lang.System::getProperty@21 (line 919)
                      ; - com.intellij.platform.ide.bootstrap.StartupUtil::isImplicitReadOnEDTDisabled@6 (line 394)
                      ; - com.intellij.openapi.application.impl.RwLockHolder::runWithImplicitRead@6 (line 125)
                      ; - com.intellij.ide.IdeEventQueue::_dispatchEvent@268 (line 584)
  0x00007e4fb99eb6c8: 342c bafe | 448b 5424 | 1445 33c0 | 413b e945 | 0f4d d0be | 45ff ffff | 488b 2c24 | 4c8b 5c24 
  0x00007e4fb99eb6e8: 084c 891c | 2448 8944 | 2410 4489 | 5424 1890 

  0x00007e4fb99eb6f8: ;   {runtime_call UncommonTrapBlob}
  0x00007e4fb99eb6f8: c5f8 77e8 

  0x00007e4fb99eb6fc: ; ImmutableOopMap {rbp=Oop [0]=Oop [16]=Oop [40]=NarrowOop [56]=Oop }
                      ;*ifne {reexecute=1 rethrow=0 return_oop=0}
                      ; - (reexecute) com.intellij.util.containers.LockFreeCopyOnWriteArrayList$COWIterator::next@4 (line 870)
                      ; - com.intellij.ide.IdePopupManager::isPopupActive@20 (line 29)
                      ; - com.intellij.ide.IdeEventQueue::_dispatchEvent@164 (line 566)
  0x00007e4fb99eb6fc: 002c bafe | be45 ffff | ff48 8b2c | 244c 8b54 | 2408 4c89 | 1424 4c8b | 5424 404c | 8954 2420 
  0x00007e4fb99eb71c: ;   {runtime_call UncommonTrapBlob}
  0x00007e4fb99eb71c: c5f8 77e8 

  0x00007e4fb99eb720: ; ImmutableOopMap {rbp=Oop [0]=Oop [32]=Oop [40]=NarrowOop [56]=Oop [64]=Oop }
                      ;*ifne {reexecute=1 rethrow=0 return_oop=0}
                      ; - (reexecute) com.intellij.ui.popup.StackingPopupDispatcherImpl::getComponent@7 (line 198)
                      ; - com.intellij.ide.IdePopupManager::isPopupActive@30 (line 30)
                      ; - com.intellij.ide.IdeEventQueue::_dispatchEvent@164 (line 566)
  0x00007e4fb99eb720: dc2b bafe | be45 ffff | ff48 8b2c | 244c 8b5c | 2408 4c89 | 1c24 895c | 2410 4c8b | 5c24 404c 
  0x00007e4fb99eb740: 895c 2420 | 4c89 5424 | 2844 8944 | 2430 6690 

  0x00007e4fb99eb750: ;   {runtime_call UncommonTrapBlob}
  0x00007e4fb99eb750: c5f8 77e8 

  0x00007e4fb99eb754: ; ImmutableOopMap {rbp=Oop [0]=Oop [16]=NarrowOop [32]=Oop [40]=Oop [56]=Oop [64]=Oop }
                      ;*ifne {reexecute=1 rethrow=0 return_oop=0}
                      ; - (reexecute) com.intellij.util.containers.Stack::peek@6 (line 38)
                      ; - com.intellij.ui.popup.StackingPopupDispatcherImpl::getComponent@14 (line 198)
                      ; - com.intellij.ide.IdePopupManager::isPopupActive@30 (line 30)
                      ; - com.intellij.ide.IdeEventQueue::_dispatchEvent@164 (line 566)
  0x00007e4fb99eb754: a82b bafe | be45 ffff | ff66 6690 

  0x00007e4fb99eb760: ;   {runtime_call UncommonTrapBlob}
  0x00007e4fb99eb760: c5f8 77e8 

  0x00007e4fb99eb764: ; ImmutableOopMap {rbp=NarrowOop [0]=Oop [8]=Oop [40]=NarrowOop [56]=Oop [64]=Oop }
                      ;*ifnull {reexecute=1 rethrow=0 return_oop=0}
                      ; - (reexecute) java.awt.Component::isShowing@20 (line 1501)
                      ; - com.intellij.ide.IdePopupManager::isPopupActive@44 (line 30)
                      ; - com.intellij.ide.IdeEventQueue::_dispatchEvent@164 (line 566)
  0x00007e4fb99eb764: 982b bafe | 8be8 e967 | feff ffbe | 45ff ffff | 488b 6c24 | 104c 8b54 | 2408 4c89 | 1424 4c89 
  0x00007e4fb99eb784: 4c24 0890 

  0x00007e4fb99eb788: ;   {runtime_call UncommonTrapBlob}
  0x00007e4fb99eb788: c5f8 77e8 

  0x00007e4fb99eb78c: ; ImmutableOopMap {rbp=Oop [0]=Oop [8]=Oop }
                      ;*ifne {reexecute=1 rethrow=0 return_oop=0}
                      ; - (reexecute) com.intellij.platform.ide.bootstrap.StartupUtil::isImplicitReadOnEDTDisabled@12 (line 394)
                      ; - com.intellij.openapi.application.impl.RwLockHolder::runWithImplicitRead@6 (line 125)
                      ; - com.intellij.ide.IdeEventQueue::_dispatchEvent@268 (line 584)
  0x00007e4fb99eb78c: 702b bafe | be45 ffff | ff4c 8b54 | 2410 4c89 | 5424 0889 | 4424 1090 

  0x00007e4fb99eb7a4: ;   {runtime_call UncommonTrapBlob}
  0x00007e4fb99eb7a4: c5f8 77e8 

  0x00007e4fb99eb7a8: ; ImmutableOopMap {rbp=Oop [0]=NarrowOop [8]=Oop }
                      ;*ifne {reexecute=1 rethrow=0 return_oop=0}
                      ; - (reexecute) com.intellij.ide.IdeEventQueue::dispatchMouseEvent@59 (line 636)
                      ; - com.intellij.ide.IdeEventQueue::_dispatchEvent$lambda$10@19 (line 584)
                      ; - com.intellij.ide.IdeEventQueue$$Lambda$3922/0x0000000101ca39b8::run@8
                      ; - com.intellij.openapi.application.impl.RwLockHolder::runWithEnabledImplicitRead@34 (line 138)
                      ; - com.intellij.openapi.application.impl.RwLockHolder::runWithImplicitRead@21 (line 129)
                      ; - com.intellij.ide.IdeEventQueue::_dispatchEvent@268 (line 584)
  0x00007e4fb99eb7a8: 542b bafe | be45 ffff | ff48 8b6c | 2410 488b | 4c24 0848 | 890c 244c | 894c 2408 | 4889 5424 
  0x00007e4fb99eb7c8: 1044 8954 | 2418 4489 | 5c24 2044 | 8944 2424 

  0x00007e4fb99eb7d8: ;   {runtime_call UncommonTrapBlob}
  0x00007e4fb99eb7d8: c5f8 77e8 

  0x00007e4fb99eb7dc: ; ImmutableOopMap {rbp=Oop [0]=Oop [8]=Oop [16]=Oop [24]=NarrowOop }
                      ;*ifle {reexecute=1 rethrow=0 return_oop=0}
                      ; - (reexecute) java.util.concurrent.ConcurrentHashMap::get@23 (line 937)
                      ; - java.util.Properties::getProperty@5 (line 1141)
                      ; - java.lang.System::getProperty@21 (line 919)
                      ; - com.intellij.platform.ide.bootstrap.StartupUtil::isImplicitReadOnEDTDisabled@6 (line 394)
                      ; - com.intellij.openapi.application.impl.RwLockHolder::runWithImplicitRead@6 (line 125)
                      ; - com.intellij.ide.IdeEventQueue::_dispatchEvent@268 (line 584)
  0x00007e4fb99eb7dc: 202b bafe | be45 ffff | ff48 ff74 | 2410 488f | 0424 4c89 | 4c24 1090 

  0x00007e4fb99eb7f4: ;   {runtime_call UncommonTrapBlob}
  0x00007e4fb99eb7f4: c5f8 77e8 

  0x00007e4fb99eb7f8: ; ImmutableOopMap {rbp=NarrowOop [0]=Oop [8]=Oop [16]=Oop }
                      ;*ifnull {reexecute=1 rethrow=0 return_oop=0}
                      ; - (reexecute) java.lang.System::getProperty@9 (line 915)
                      ; - com.intellij.platform.ide.bootstrap.StartupUtil::isImplicitReadOnEDTDisabled@6 (line 394)
                      ; - com.intellij.openapi.application.impl.RwLockHolder::runWithImplicitRead@6 (line 125)
                      ; - com.intellij.ide.IdeEventQueue::_dispatchEvent@268 (line 584)
  0x00007e4fb99eb7f8: 042b bafe | be45 ffff | ff48 ff74 | 2410 488f | 0424 4489 | 4424 0889 | 4c24 0c4c | 895c 2418 
  0x00007e4fb99eb818: ;   {runtime_call UncommonTrapBlob}
  0x00007e4fb99eb818: c5f8 77e8 

  0x00007e4fb99eb81c: ; ImmutableOopMap {[0]=Oop [8]=NarrowOop [24]=Oop }
                      ;*if_icmple {reexecute=1 rethrow=0 return_oop=0}
                      ; - (reexecute) com.intellij.openapi.keymap.impl.IdeMouseEventDispatcher::patchClickCount@13 (line 299)
                      ; - com.intellij.ide.IdeEventQueue::dispatchMouseEvent@30 (line 633)
                      ; - com.intellij.ide.IdeEventQueue::_dispatchEvent$lambda$10@19 (line 584)
                      ; - com.intellij.ide.IdeEventQueue$$Lambda$3922/0x0000000101ca39b8::run@8
                      ; - com.intellij.openapi.application.impl.RwLockHolder::runWithEnabledImplicitRead@34 (line 138)
                      ; - com.intellij.openapi.application.impl.RwLockHolder::runWithImplicitRead@21 (line 129)
                      ; - com.intellij.ide.IdeEventQueue::_dispatchEvent@268 (line 584)
  0x00007e4fb99eb81c: e02a bafe | 418b db03 

  0x00007e4fb99eb824: ;   {oop("idea.disable.implicit.read.on.edt"{0x00000000ab32da60})}
  0x00007e4fb99eb824: d849 ba60 | da32 ab00 | 0000 0041 | c642 1101 | 498b d04c | 8bd9 4c8b | ef44 8bd6 | e972 eeff 
  0x00007e4fb99eb844: ff41 8b7e | 0cd1 ff85 | ff0f 8ed2 | 0400 0045 | 8bde 410f | b753 108b | c783 c0fd | 448b ca41 
  0x00007e4fb99eb864: c1e1 0583 | f801 0f8e | d807 0000 | 442b ca41 | b801 0000 | 0041 bbb7 | 0c00 0045 | 33d2 4489 
  0x00007e4fb99eb884: 5c24 584c | 8954 2450 | eb25 be45 | ffff ff48 | ff74 2410 | 488f 0424 | 4c89 4c24 | 1066 6690 
  0x00007e4fb99eb8a4: ;   {runtime_call UncommonTrapBlob}
  0x00007e4fb99eb8a4: c5f8 77e8 

  0x00007e4fb99eb8a8: ; ImmutableOopMap {rbp=NarrowOop [0]=Oop [8]=Oop [16]=Oop }
                      ;*ifnull {reexecute=1 rethrow=0 return_oop=0}
                      ; - (reexecute) java.util.Properties::getProperty@36 (line 1144)
                      ; - java.lang.System::getProperty@21 (line 919)
                      ; - com.intellij.platform.ide.bootstrap.StartupUtil::isImplicitReadOnEDTDisabled@6 (line 394)
                      ; - com.intellij.openapi.application.impl.RwLockHolder::runWithImplicitRead@6 (line 125)
                      ; - com.intellij.ide.IdeEventQueue::_dispatchEvent@268 (line 584)
  0x00007e4fb99eb8a8: 542a bafe | 0f1f 4000 | 442b ca45 | 8bde 430f | b754 4310 | 430f b774 | 4316 470f | b754 4314 
  0x00007e4fb99eb8c8: 430f b76c | 4312 4403 | ca45 8bd9 | 41c1 e305 | 452b d944 | 03dd 418b | ebc1 e505 | 412b eb41 
  0x00007e4fb99eb8e8: 03ea 8bd5 | c1e2 052b | d503 d644 | 8bca 41c1 | e105 4183 | c004 6690 | 443b c07c | ab44 3bc7 
  0x00007e4fb99eb908: 7d2e 6690 | 470f b75c | 4610 442b | ca45 03cb | 41ff c00f | 1f44 0000 | 443b c70f | 8d65 f6ff 
  0x00007e4fb99eb928: ff45 8bd1 | 41c1 e205 | 418b d145 | 8bca ebd4 | 448b ca0f | 1f44 0000 | e949 f6ff | ffbe deff 
  0x00007e4fb99eb948: ffff 418b | ea4c 8904 | 2466 6690 

  0x00007e4fb99eb954: ;   {runtime_call UncommonTrapBlob}
  0x00007e4fb99eb954: c5f8 77e8 

  0x00007e4fb99eb958: ; ImmutableOopMap {rbp=NarrowOop [0]=Oop }
                      ;*invokeinterface runWithImplicitRead {reexecute=0 rethrow=0 return_oop=0}
                      ; - com.intellij.ide.IdeEventQueue::_dispatchEvent@294 (line 585)
  0x00007e4fb99eb958: a429 bafe | bede ffff | ff4c 890c | 244c 8944 | 2408 6690 

  0x00007e4fb99eb96c: ;   {runtime_call UncommonTrapBlob}
  0x00007e4fb99eb96c: c5f8 77e8 

  0x00007e4fb99eb970: ; ImmutableOopMap {rbp=NarrowOop [0]=Oop [8]=Oop }
                      ;*invokevirtual getProperty {reexecute=0 rethrow=0 return_oop=0}
                      ; - java.lang.System::getProperty@21 (line 919)
                      ; - com.intellij.platform.ide.bootstrap.StartupUtil::isImplicitReadOnEDTDisabled@6 (line 394)
                      ; - com.intellij.openapi.application.impl.RwLockHolder::runWithImplicitRead@6 (line 125)
                      ; - com.intellij.ide.IdeEventQueue::_dispatchEvent@294 (line 585)
  0x00007e4fb99eb970: 8c29 bafe | be66 ffff | ff8b ea44 | 891c 244c | 8944 2408 

  0x00007e4fb99eb984: ;   {runtime_call UncommonTrapBlob}
  0x00007e4fb99eb984: c5f8 77e8 

  0x00007e4fb99eb988: ; ImmutableOopMap {rbp=NarrowOop [8]=Oop }
                      ;*invokeinterface run {reexecute=0 rethrow=0 return_oop=0}
                      ; - com.intellij.openapi.application.impl.RwLockHolder::runWithEnabledImplicitRead@34 (line 138)
                      ; - com.intellij.openapi.application.impl.RwLockHolder::runWithImplicitRead@21 (line 129)
                      ; - com.intellij.ide.IdeEventQueue::_dispatchEvent@294 (line 585)
  0x00007e4fb99eb988: 7429 bafe 

  0x00007e4fb99eb98c: ;   {oop(a 'kotlin/SynchronizedLazyImpl'{0x00000000abee2b00})}
  0x00007e4fb99eb98c: 49bb 002b | eeab 0000 | 0000 458b | 5b14 660f | 1f44 0000 | 4585 db0f | 84bd 0600 | 004d 8bd3 
  0x00007e4fb99eb9ac: 4c89 1424 | 4489 5c24 | 304c 8b04 | 2448 8d5c | 2470 498b | 0048 f7c0 | 0200 0000 | 7524 4883 
  0x00007e4fb99eb9cc: c801 4889 | 03f0 490f | b118 0f84 | 3e00 0000 | 482b c448 | 81e0 07f0 | ffff 4889 | 03e9 2c00 
  0x00007e4fb99eb9ec: 0000 4c8b | d848 33c0 | f04d 0fb1 | 7b3e 48c7 | 0303 0000 | 000f 8413 | 0000 004c | 3bf8 0f85 
  0x00007e4fb99eba0c: 0a00 0000 | 49ff 8386 | 0000 0048 | 33c0 660f | 1f44 0000 | 0f85 5e06 

  0x00007e4fb99eba24: ;   {oop(a 'kotlin/SynchronizedLazyImpl'{0x00000000abee2b00})}
  0x00007e4fb99eba24: 0000 49ba | 002b eeab | 0000 0000 | 418b 6a10 | 0f1f 8400 | 0000 0000 | 6666 6690 

  0x00007e4fb99eba40: ;   {oop(a 'kotlin/UNINITIALIZED_VALUE'{0x00000000ab3d5238})}
  0x00007e4fb99eba40: 81fd 3852 | 3dab 0f85 | 9206 0000 | 418b 6a0c | 85ed 0f84 | a806 0000 

  0x00007e4fb99eba58: ;   {oop([B{0x00000000aaac6228})}
  0x00007e4fb99eba58: 488b f548 | bd28 62ac | aa00 0000 

  0x00007e4fb99eba64: ;   {oop([B{0x00000000ab32da78})}
  0x00007e4fb99eba64: 0049 ba78 | da32 ab00 | 0000 004c | 8954 2438 | 6690 c5f8 | 7748 b8ff | ffff ffff 

  0x00007e4fb99eba80: ;   {virtual_call}
  0x00007e4fb99eba80: ffff ffe8 

  0x00007e4fb99eba84: ; ImmutableOopMap {rbp=Oop [0]=Oop [8]=Oop [16]=Oop [24]=Derived_oop_[56] [32]=Derived_oop_rbp [56]=Oop [80]=Oop }
                      ;*invokeinterface invoke {reexecute=0 rethrow=0 return_oop=1}
                      ; - kotlin.SynchronizedLazyImpl::getValue@54 (line 74)
                      ; - com.intellij.codeWithMe.ClientId$Companion::getAbsenceBehaviorValueCached@5 (line 94)
                      ; - com.intellij.codeWithMe.ClientId$Companion::getAbsenceBehaviorValue@27 (line 71)
                      ; - com.intellij.openapi.client.ClientAwareComponentManager::postGetService@154 (line 46)
                      ; - com.intellij.serviceContainer.ComponentManagerImpl::getServiceIfCreated@21 (line 714)
                      ; - com.intellij.ide.IdeEventQueue::_dispatchEvent@346 (line 1271)
  0x00007e4fb99eba84: f8d5 b9fe | 4c8b c04c 

  0x00007e4fb99eba8c: ;   {oop(a 'kotlin/SynchronizedLazyImpl'{0x00000000abee2b00})}
  0x00007e4fb99eba8c: 8bd8 49ba | 002b eeab | 0000 0000 | 4589 5a10 | 49c1 ea09 | 49bb 0020 | c2d0 4f7e | 0000 4788 
  0x00007e4fb99ebaac: 2413 f083 | 4424 c000 

  0x00007e4fb99ebab4: ;   {oop(a 'kotlin/SynchronizedLazyImpl'{0x00000000abee2b00})}
  0x00007e4fb99ebab4: 49ba 002b | eeab 0000 | 0000 4589 | 620c 4c8b | 1c24 488d | 4424 7048 | 8138 0000 | 0000 0f84 
  0x00007e4fb99ebad4: 8300 0000 | 4d8b 1349 | f7c2 0200 | 0000 746f | 4981 ba86 | 0000 0000 | 0000 0074 | 0949 ff8a 
  0x00007e4fb99ebaf4: 8600 0000 | eb51 498b | 8296 0000 | 0049 0b82 | 8e00 0000 | 750a 49c7 | 423e 0000 | 0000 eb47 
  0x00007e4fb99ebb14: 4981 ba9e | 0000 0000 | 0000 0074 | 2548 33c0 | 49c7 423e | 0000 0000 | f083 0424 | 0049 81ba 
  0x00007e4fb99ebb34: 9e00 0000 | 0000 0000 | 750d f04d | 0fb1 7a3e | 7505 83c8 | 01eb 10f7 | c000 0000 | 00eb 084c 
  0x00007e4fb99ebb54: 8b10 f04d | 0fb1 130f | 1f44 0000 | 0f85 4f05 | 0000 4c8b | 5424 50e9 | c0f8 ffff | be45 ffff 
  0x00007e4fb99ebb74: ff49 8be9 | 4c89 0424 

  0x00007e4fb99ebb7c: ;   {runtime_call UncommonTrapBlob}
  0x00007e4fb99ebb7c: c5f8 77e8 

  0x00007e4fb99ebb80: ; ImmutableOopMap {rbp=Oop [0]=Oop }
                      ;*ifne {reexecute=1 rethrow=0 return_oop=0}
                      ; - (reexecute) com.intellij.platform.ide.bootstrap.StartupUtil::isImplicitReadOnEDTDisabled@12 (line 394)
                      ; - com.intellij.openapi.application.impl.RwLockHolder::runWithImplicitRead@6 (line 125)
                      ; - com.intellij.ide.IdeEventQueue::_dispatchEvent@294 (line 585)
  0x00007e4fb99ebb80: 7c27 bafe | be45 ffff | ff49 8be9 | 4c89 0424 | 4c89 6c24 | 0889 4c24 | 1089 5424 | 1844 8954 
  0x00007e4fb99ebba0: 241c 6690 

  0x00007e4fb99ebba4: ;   {runtime_call UncommonTrapBlob}
  0x00007e4fb99ebba4: c5f8 77e8 

  0x00007e4fb99ebba8: ; ImmutableOopMap {rbp=Oop [0]=Oop [8]=Oop [16]=NarrowOop }
                      ;*ifle {reexecute=1 rethrow=0 return_oop=0}
                      ; - (reexecute) java.util.concurrent.ConcurrentHashMap::get@23 (line 937)
                      ; - java.util.Properties::getProperty@5 (line 1141)
                      ; - java.lang.System::getProperty@21 (line 919)
                      ; - com.intellij.platform.ide.bootstrap.StartupUtil::isImplicitReadOnEDTDisabled@6 (line 394)
                      ; - com.intellij.openapi.application.impl.RwLockHolder::runWithImplicitRead@6 (line 125)
                      ; - com.intellij.ide.IdeEventQueue::_dispatchEvent@294 (line 585)
  0x00007e4fb99ebba8: 5427 bafe | be45 ffff | ff49 8be9 | 4c89 0424 | 4489 5424 | 0c66 6690 

  0x00007e4fb99ebbc0: ;   {runtime_call UncommonTrapBlob}
  0x00007e4fb99ebbc0: c5f8 77e8 

  0x00007e4fb99ebbc4: ; ImmutableOopMap {rbp=Oop [0]=Oop [12]=NarrowOop [40]=NarrowOop }
                      ;*ifnull {reexecute=1 rethrow=0 return_oop=0}
                      ; - (reexecute) java.lang.System::getProperty@9 (line 915)
                      ; - com.intellij.platform.ide.bootstrap.StartupUtil::isImplicitReadOnEDTDisabled@6 (line 394)
                      ; - com.intellij.openapi.application.impl.RwLockHolder::runWithImplicitRead@6 (line 125)
                      ; - com.intellij.ide.IdeEventQueue::_dispatchEvent@294 (line 585)
  0x00007e4fb99ebbc4: 3827 bafe | 448b 5c24 | 3445 8b53 

  0x00007e4fb99ebbd0: ;   {metadata('java/util/concurrent/ConcurrentHashMap$ReservationNode')}
  0x00007e4fb99ebbd0: 0841 81fa | 5fcb 0020 | 0f84 0df5 | ffff bede | ffff ff48 | 8b6c 2410 | 4c8b 5424 | 084c 8914 
  0x00007e4fb99ebbf0: 2466 6690 

  0x00007e4fb99ebbf4: ;   {runtime_call UncommonTrapBlob}
  0x00007e4fb99ebbf4: c5f8 77e8 

  0x00007e4fb99ebbf8: ; ImmutableOopMap {rbp=Oop [0]=Oop [40]=Oop [52]=NarrowOop [72]=Oop }
                      ;*invokevirtual find {reexecute=0 rethrow=0 return_oop=0}
                      ; - java.util.concurrent.ConcurrentHashMap::get@93 (line 944)
                      ; - com.intellij.openapi.client.ClientSessionsManager::getSession@11 (line 72)
                      ; - com.intellij.openapi.client.ClientAwareComponentManager::postGetService@93 (line 44)
                      ; - com.intellij.serviceContainer.ComponentManagerImpl::getServiceIfCreated@21 (line 714)
                      ; - com.intellij.ide.IdeEventQueue::_dispatchEvent@346 (line 1271)
  0x00007e4fb99ebbf8: 0427 bafe | bedf ffff | ff4c 8954 | 2428 6690 

  0x00007e4fb99ebc08: ;   {runtime_call UncommonTrapBlob}
  0x00007e4fb99ebc08: c5f8 77e8 

  0x00007e4fb99ebc0c: ; ImmutableOopMap {rbp=NarrowOop [0]=Oop [8]=Oop [40]=Oop }
                      ;*invokeinterface dispatch {reexecute=0 rethrow=0 return_oop=0}
                      ; - com.intellij.ide.IdePopupManager::dispatch@293 (line 96)
                      ; - com.intellij.ide.IdeEventQueue::_dispatchEvent@175 (line 566)
  0x00007e4fb99ebc0c: f026 bafe | be45 ffff | ff48 8b2c | 2466 6690 

  0x00007e4fb99ebc1c: ;   {runtime_call UncommonTrapBlob}
  0x00007e4fb99ebc1c: c5f8 77e8 

  0x00007e4fb99ebc20: ; ImmutableOopMap {rbp=Oop [8]=Oop }
                      ;*ifeq {reexecute=1 rethrow=0 return_oop=0}
                      ; - (reexecute) com.intellij.ide.IdeEventQueue::_dispatchEvent@178 (line 566)
  0x00007e4fb99ebc20: dc26 bafe | bec6 ffff | ff49 8beb | 48ff 7424 | 0848 8f04 | 2489 5c24 | 084c 894c | 2418 6690 
  0x00007e4fb99ebc40: ;   {runtime_call UncommonTrapBlob}
  0x00007e4fb99ebc40: c5f8 77e8 

  0x00007e4fb99ebc44: ; ImmutableOopMap {rbp=Oop [0]=Oop [8]=NarrowOop [24]=Oop }
                      ;*invokeinterface hasNext {reexecute=0 rethrow=0 return_oop=0}
                      ; - com.intellij.ide.IdePopupManager::isPopupActive@11 (line 29)
                      ; - com.intellij.ide.IdeEventQueue::_dispatchEvent@164 (line 566)
  0x00007e4fb99ebc44: b826 bafe | be76 ffff | ff49 8beb | 48ff 7424 | 0848 8f04 | 2448 8944 | 2408 895c | 2410 6690 
  0x00007e4fb99ebc64: ;   {runtime_call UncommonTrapBlob}
  0x00007e4fb99ebc64: c5f8 77e8 

  0x00007e4fb99ebc68: ; ImmutableOopMap {rbp=Oop [0]=Oop [8]=Oop [16]=NarrowOop }
                      ;*ifeq {reexecute=1 rethrow=0 return_oop=0}
                      ; - (reexecute) com.intellij.ide.IdePopupManager::isPopupActive@16 (line 29)
                      ; - com.intellij.ide.IdeEventQueue::_dispatchEvent@164 (line 566)
  0x00007e4fb99ebc68: 9426 bafe | be45 ffff | ff4c 890c | 244c 8944 | 2408 6690 

  0x00007e4fb99ebc7c: ;   {runtime_call UncommonTrapBlob}
  0x00007e4fb99ebc7c: c5f8 77e8 

  0x00007e4fb99ebc80: ; ImmutableOopMap {rbp=NarrowOop [0]=Oop [8]=Oop }
                      ;*ifnull {reexecute=1 rethrow=0 return_oop=0}
                      ; - (reexecute) java.util.Properties::getProperty@36 (line 1144)
                      ; - java.lang.System::getProperty@21 (line 919)
                      ; - com.intellij.platform.ide.bootstrap.StartupUtil::isImplicitReadOnEDTDisabled@6 (line 394)
                      ; - com.intellij.openapi.application.impl.RwLockHolder::runWithImplicitRead@6 (line 125)
                      ; - com.intellij.ide.IdeEventQueue::_dispatchEvent@294 (line 585)
  0x00007e4fb99ebc80: 7c26 bafe | bef6 ffff | ff48 8b6c | 2408 6690 

  0x00007e4fb99ebc90: ;   {runtime_call UncommonTrapBlob}
  0x00007e4fb99ebc90: c5f8 77e8 

  0x00007e4fb99ebc94: ; ImmutableOopMap {rbp=Oop }
                      ;*invokevirtual dispatch {reexecute=0 rethrow=0 return_oop=0}
                      ; - com.intellij.ide.IdeEventQueue::_dispatchEvent@175 (line 566)
  0x00007e4fb99ebc94: 6826 bafe | bede ffff | ff48 8be8 

  0x00007e4fb99ebca0: ;   {runtime_call UncommonTrapBlob}
  0x00007e4fb99ebca0: c5f8 77e8 

  0x00007e4fb99ebca4: ; ImmutableOopMap {rbp=Oop }
                      ;*checkcast {reexecute=0 rethrow=0 return_oop=0}
                      ; - com.intellij.ide.dnd.DnDManager::getInstance@10 (line 14)
                      ; - com.intellij.ide.IdeEventQueue::_dispatchEvent@16 (line 547)
  0x00007e4fb99ebca4: 5826 bafe | bede ffff | ff48 8bea | 4c8b 5c24 | 084c 891c | 2444 8954 | 2408 6690 

  0x00007e4fb99ebcc0: ;   {runtime_call UncommonTrapBlob}
  0x00007e4fb99ebcc0: c5f8 77e8 

  0x00007e4fb99ebcc4: ; ImmutableOopMap {rbp=Oop [0]=Oop [8]=NarrowOop }
                      ;*invokeinterface runWithoutImplicitRead {reexecute=0 rethrow=0 return_oop=0}
                      ; - com.intellij.ide.IdeEventQueue::_dispatchEvent@396 (line 593)
  0x00007e4fb99ebcc4: 3826 bafe | bede ffff | ff48 8914 | 244c 895c | 2410 6690 

  0x00007e4fb99ebcd8: ;   {runtime_call UncommonTrapBlob}
  0x00007e4fb99ebcd8: c5f8 77e8 

  0x00007e4fb99ebcdc: ; ImmutableOopMap {rbp=NarrowOop [0]=Oop [8]=Oop [16]=Oop }
                      ;*invokevirtual getProperty {reexecute=0 rethrow=0 return_oop=0}
                      ; - java.lang.System::getProperty@21 (line 919)
                      ; - com.intellij.platform.ide.bootstrap.StartupUtil::isImplicitReadOnEDTDisabled@6 (line 394)
                      ; - com.intellij.openapi.application.impl.RwLockHolder::runWithoutImplicitRead@6 (line 104)
                      ; - com.intellij.ide.IdeEventQueue::_dispatchEvent@396 (line 593)
  0x00007e4fb99ebcdc: 2026 bafe | bef6 ffff | ff49 8beb 

  0x00007e4fb99ebce8: ;   {runtime_call UncommonTrapBlob}
  0x00007e4fb99ebce8: c5f8 77e8 

  0x00007e4fb99ebcec: ; ImmutableOopMap {rbp=Oop }
                      ;*invokevirtual dispatchComponentEvent {reexecute=0 rethrow=0 return_oop=0}
                      ; - com.intellij.openapi.wm.impl.WindowManagerImpl::dispatchComponentEvent@12 (line 215)
                      ; - com.intellij.ide.IdeEventQueue::_dispatchEvent@378 (line 590)
  0x00007e4fb99ebcec: 1026 bafe | 488b 5424 | 10be f6ff | ffff 488b | ea66 6690 

  0x00007e4fb99ebd00: ;   {runtime_call UncommonTrapBlob}
  0x00007e4fb99ebd00: c5f8 77e8 

  0x00007e4fb99ebd04: ; ImmutableOopMap {rbp=Oop [8]=Oop }
                      ;*invokeinterface runWithoutImplicitRead {reexecute=0 rethrow=0 return_oop=0}
                      ; - com.intellij.ide.IdeEventQueue::_dispatchEvent@396 (line 593)
  0x00007e4fb99ebd04: f825 bafe | bede ffff | ff66 6690 

  0x00007e4fb99ebd10: ;   {runtime_call UncommonTrapBlob}
  0x00007e4fb99ebd10: c5f8 77e8 

  0x00007e4fb99ebd14: ; ImmutableOopMap {rbp=Oop [8]=Oop [16]=Oop }
                      ;*invokeinterface isHeadlessEnvironment {reexecute=0 rethrow=0 return_oop=0}
                      ; - com.intellij.ide.IdeEventQueue::_dispatchEvent@320 (line 589)
  0x00007e4fb99ebd14: e825 bafe | c643 1101 | 4533 c990 | e976 f2ff | ff45 33c9 | 41bb b70c | 0000 4533 | d244 895c 
  0x00007e4fb99ebd34: 2458 4c89 | 5424 500f | 1f44 0000 | e949 f2ff | ffbe 45ff | ffff 488b | ea4c 8b54 | 2408 4c89 
  0x00007e4fb99ebd54: 1424 4c89 | 5c24 0890 

  0x00007e4fb99ebd5c: ;   {runtime_call UncommonTrapBlob}
  0x00007e4fb99ebd5c: c5f8 77e8 

  0x00007e4fb99ebd60: ; ImmutableOopMap {rbp=Oop [0]=Oop [8]=Oop }
                      ;*ifne {reexecute=1 rethrow=0 return_oop=0}
                      ; - (reexecute) com.intellij.platform.ide.bootstrap.StartupUtil::isImplicitReadOnEDTDisabled@12 (line 394)
                      ; - com.intellij.openapi.application.impl.RwLockHolder::runWithoutImplicitRead@6 (line 104)
                      ; - com.intellij.ide.IdeEventQueue::_dispatchEvent@396 (line 593)
  0x00007e4fb99ebd60: 9c25 bafe | be45 ffff | ff89 4424 | 1866 6690 

  0x00007e4fb99ebd70: ;   {runtime_call UncommonTrapBlob}
  0x00007e4fb99ebd70: c5f8 77e8 

  0x00007e4fb99ebd74: ; ImmutableOopMap {rbp=NarrowOop [0]=Oop [8]=Oop }
                      ;*ifne {reexecute=1 rethrow=0 return_oop=0}
                      ; - (reexecute) com.intellij.openapi.diagnostic.Logger::assertTrue@1 (line 478)
                      ; - com.intellij.ide.IdePopupManager::dispatch@15 (line 40)
                      ; - com.intellij.ide.IdeEventQueue::_dispatchEvent@175 (line 566)
  0x00007e4fb99ebd74: 8825 bafe | be45 ffff | ff66 6690 

  0x00007e4fb99ebd80: ;   {runtime_call UncommonTrapBlob}
  0x00007e4fb99ebd80: c5f8 77e8 

  0x00007e4fb99ebd84: ; ImmutableOopMap {[0]=Oop [8]=Oop }
                      ;*ifeq {reexecute=1 rethrow=0 return_oop=0}
                      ; - (reexecute) com.intellij.ide.IdeEventQueueKt::appIsLoaded@4 (line 969)
                      ; - com.intellij.ide.IdeEventQueueKt::access$appIsLoaded@0 (line 1)
                      ; - com.intellij.ide.IdeEventQueue::_dispatchEvent@10 (line 546)
  0x00007e4fb99ebd84: 7825 bafe | be45 ffff | ff48 8bea | 4c8b 4c24 | 084c 890c | 244c 895c | 2408 4c89 | 6c24 1044 
  0x00007e4fb99ebda4: 8954 2418 | 4489 4424 | 2089 4c24 | 2466 6690 

  0x00007e4fb99ebdb4: ;   {runtime_call UncommonTrapBlob}
  0x00007e4fb99ebdb4: c5f8 77e8 

  0x00007e4fb99ebdb8: ; ImmutableOopMap {rbp=Oop [0]=Oop [8]=Oop [16]=Oop [24]=NarrowOop }
                      ;*ifle {reexecute=1 rethrow=0 return_oop=0}
                      ; - (reexecute) java.util.concurrent.ConcurrentHashMap::get@23 (line 937)
                      ; - java.util.Properties::getProperty@5 (line 1141)
                      ; - java.lang.System::getProperty@21 (line 919)
                      ; - com.intellij.platform.ide.bootstrap.StartupUtil::isImplicitReadOnEDTDisabled@6 (line 394)
                      ; - com.intellij.openapi.application.impl.RwLockHolder::runWithoutImplicitRead@6 (line 104)
                      ; - com.intellij.ide.IdeEventQueue::_dispatchEvent@396 (line 593)
  0x00007e4fb99ebdb8: 4425 bafe | be45 ffff | ff66 6690 

  0x00007e4fb99ebdc4: ;   {runtime_call UncommonTrapBlob}
  0x00007e4fb99ebdc4: c5f8 77e8 

  0x00007e4fb99ebdc8: ; ImmutableOopMap {[8]=Oop [16]=Oop }
                      ;*ifeq {reexecute=1 rethrow=0 return_oop=0}
                      ; - (reexecute) com.intellij.ide.IdeEventQueueKt::appIsLoaded@4 (line 969)
                      ; - com.intellij.ide.IdeEventQueueKt::access$appIsLoaded@0 (line 1)
                      ; - com.intellij.ide.IdeEventQueue::_dispatchEvent@302 (line 586)
  0x00007e4fb99ebdc8: 3425 bafe | be45 ffff | ff48 8bea | 4c8b 5424 | 084c 8914 | 244c 895c | 2408 4489 | 4c24 1490 
  0x00007e4fb99ebde8: ;   {runtime_call UncommonTrapBlob}
  0x00007e4fb99ebde8: c5f8 77e8 

  0x00007e4fb99ebdec: ; ImmutableOopMap {rbp=Oop [0]=Oop [8]=Oop [20]=NarrowOop }
                      ;*ifnull {reexecute=1 rethrow=0 return_oop=0}
                      ; - (reexecute) java.lang.System::getProperty@9 (line 915)
                      ; - com.intellij.platform.ide.bootstrap.StartupUtil::isImplicitReadOnEDTDisabled@6 (line 394)
                      ; - com.intellij.openapi.application.impl.RwLockHolder::runWithoutImplicitRead@6 (line 104)
                      ; - com.intellij.ide.IdeEventQueue::_dispatchEvent@396 (line 593)
  0x00007e4fb99ebdec: 1025 bafe | be45 ffff | ff48 ff74 | 2410 488f | 0424 4c89 | 5424 1090 

  0x00007e4fb99ebe04: ;   {runtime_call UncommonTrapBlob}
  0x00007e4fb99ebe04: c5f8 77e8 

  0x00007e4fb99ebe08: ; ImmutableOopMap {[0]=Oop [8]=Oop [16]=Oop }
                      ;*ifne {reexecute=1 rethrow=0 return_oop=0}
                      ; - (reexecute) com.intellij.ide.IdeEventQueue::_dispatchEvent@325 (line 589)
  0x00007e4fb99ebe08: f424 bafe | bead ffff | ff48 8b2c | 2466 6690 

  0x00007e4fb99ebe18: ;   {runtime_call UncommonTrapBlob}
  0x00007e4fb99ebe18: c5f8 77e8 

  0x00007e4fb99ebe1c: ; ImmutableOopMap {rbp=Oop [8]=Oop }
                      ;*invokedynamic {reexecute=0 rethrow=0 return_oop=0}
                      ; - com.intellij.ide.IdePopupManager::dispatch@49 (line 44)
                      ; - com.intellij.ide.IdeEventQueue::_dispatchEvent@175 (line 566)
  0x00007e4fb99ebe1c: e024 bafe | be45 ffff | ff48 ff74 | 2410 488f | 0424 4489 | 4424 0889 | 4c24 0c4c | 895c 2418 
  0x00007e4fb99ebe3c: 4489 5424 | 2066 6690 

  0x00007e4fb99ebe44: ;   {runtime_call UncommonTrapBlob}
  0x00007e4fb99ebe44: c5f8 77e8 

  0x00007e4fb99ebe48: ; ImmutableOopMap {[0]=Oop [8]=NarrowOop [24]=Oop }
                      ;*ifeq {reexecute=1 rethrow=0 return_oop=0}
                      ; - (reexecute) java.awt.event.MouseEvent::getModifiersEx@9 (line 654)
                      ; - com.intellij.ide.IdeEventQueue::dispatchMouseEvent@18 (line 630)
                      ; - com.intellij.ide.IdeEventQueue::_dispatchEvent$lambda$10@19 (line 584)
                      ; - com.intellij.ide.IdeEventQueue$$Lambda$3922/0x0000000101ca39b8::run@8
                      ; - com.intellij.openapi.application.impl.RwLockHolder::runWithEnabledImplicitRead@34 (line 138)
                      ; - com.intellij.openapi.application.impl.RwLockHolder::runWithImplicitRead@21 (line 129)
                      ; - com.intellij.ide.IdeEventQueue::_dispatchEvent@268 (line 584)
  0x00007e4fb99ebe48: b424 bafe | bef4 ffff | ff48 8b6c | 2410 6690 

  0x00007e4fb99ebe58: ;   {runtime_call UncommonTrapBlob}
  0x00007e4fb99ebe58: c5f8 77e8 

  0x00007e4fb99ebe5c: ; ImmutableOopMap {rbp=Oop [8]=Oop }
                      ;*instanceof {reexecute=0 rethrow=0 return_oop=0}
                      ; - com.intellij.ide.IdeEventQueue::_dispatchEvent@355 (line 590)
  0x00007e4fb99ebe5c: a024 bafe | bede ffff | ff48 8be8 

  0x00007e4fb99ebe68: ;   {runtime_call UncommonTrapBlob}
  0x00007e4fb99ebe68: c5f8 77e8 

  0x00007e4fb99ebe6c: ; ImmutableOopMap {rbp=Oop }
                      ;*checkcast {reexecute=0 rethrow=0 return_oop=0}
                      ; - com.intellij.openapi.client.ClientAwareComponentManager::postGetService@63 (line 40)
                      ; - com.intellij.serviceContainer.ComponentManagerImpl::getServiceIfCreated@21 (line 714)
                      ; - com.intellij.ide.IdeEventQueue::_dispatchEvent@346 (line 1271)
  0x00007e4fb99ebe6c: 9024 bafe | be45 ffff | ff48 8b6c | 2410 4c8b | 5424 084c | 8914 2489 | 4c24 1844 | 895c 2424 
  0x00007e4fb99ebe8c: ;   {runtime_call UncommonTrapBlob}
  0x00007e4fb99ebe8c: c5f8 77e8 

  0x00007e4fb99ebe90: ; ImmutableOopMap {rbp=Oop [0]=Oop [24]=NarrowOop [40]=Oop [72]=Oop }
                      ;*ifle {reexecute=1 rethrow=0 return_oop=0}
                      ; - (reexecute) java.util.concurrent.ConcurrentHashMap::get@23 (line 937)
                      ; - com.intellij.openapi.client.ClientSessionsManager::getSession@11 (line 72)
                      ; - com.intellij.openapi.client.ClientAwareComponentManager::postGetService@93 (line 44)
                      ; - com.intellij.serviceContainer.ComponentManagerImpl::getServiceIfCreated@21 (line 714)
                      ; - com.intellij.ide.IdeEventQueue::_dispatchEvent@346 (line 1271)
  0x00007e4fb99ebe90: 6c24 bafe | bede ffff | ff66 6690 

  0x00007e4fb99ebe9c: ;   {runtime_call UncommonTrapBlob}
  0x00007e4fb99ebe9c: c5f8 77e8 

  0x00007e4fb99ebea0: ; ImmutableOopMap {rbp=Oop }
                      ;*checkcast {reexecute=0 rethrow=0 return_oop=0}
                      ; - com.intellij.ide.IdePopupManager::dispatch@77 (line 63)
                      ; - com.intellij.ide.IdeEventQueue::_dispatchEvent@175 (line 566)
  0x00007e4fb99ebea0: 5c24 bafe | be76 ffff | ff48 ff74 | 2410 488f | 0424 4c8b | 5c24 284c | 895c 2410 | 4489 5424 
  0x00007e4fb99ebec0: 1889 5c24 | 1c44 8974 | 2428 6690 

  0x00007e4fb99ebecc: ;   {runtime_call UncommonTrapBlob}
  0x00007e4fb99ebecc: c5f8 77e8 

  0x00007e4fb99ebed0: ; ImmutableOopMap {[0]=Oop [8]=Oop [16]=Oop [24]=NarrowOop [28]=NarrowOop [40]=NarrowOop [72]=Oop }
                      ;*if_icmpge {reexecute=1 rethrow=0 return_oop=0}
                      ; - (reexecute) java.lang.StringLatin1::hashCode@13 (line 196)
                      ; - java.lang.String::hashCode@27 (line 2344)
                      ; - com.intellij.codeWithMe.ClientId::hashCode@4
                      ; - java.util.concurrent.ConcurrentHashMap::get@1 (line 936)
                      ; - com.intellij.openapi.client.ClientSessionsManager::getSession@11 (line 72)
                      ; - com.intellij.openapi.client.ClientAwareComponentManager::postGetService@93 (line 44)
                      ; - com.intellij.serviceContainer.ComponentManagerImpl::getServiceIfCreated@21 (line 714)
                      ; - com.intellij.ide.IdeEventQueue::_dispatchEvent@346 (line 1271)
  0x00007e4fb99ebed0: 2c24 bafe | bf01 0000 | 0041 bbb7 | 0c00 0045 | 33d2 4489 | 5c24 584c | 8954 2450 | e996 f0ff 
  0x00007e4fb99ebef0: ffbe 45ff | ffff 48ff | 7424 1048 | 8f04 2490 

  0x00007e4fb99ebf00: ;   {runtime_call UncommonTrapBlob}
  0x00007e4fb99ebf00: c5f8 77e8 

  0x00007e4fb99ebf04: ; ImmutableOopMap {rbp=NarrowOop [0]=Oop [8]=Oop [40]=Oop [52]=NarrowOop [72]=Oop }
                      ;*ifnull {reexecute=1 rethrow=0 return_oop=0}
                      ; - (reexecute) java.util.concurrent.ConcurrentHashMap::get@67 (line 940)
                      ; - com.intellij.openapi.client.ClientSessionsManager::getSession@11 (line 72)
                      ; - com.intellij.openapi.client.ClientAwareComponentManager::postGetService@93 (line 44)
                      ; - com.intellij.serviceContainer.ComponentManagerImpl::getServiceIfCreated@21 (line 714)
                      ; - com.intellij.ide.IdeEventQueue::_dispatchEvent@346 (line 1271)
  0x00007e4fb99ebf04: f823 bafe | bede ffff | ff48 8be8 

  0x00007e4fb99ebf10: ;   {runtime_call UncommonTrapBlob}
  0x00007e4fb99ebf10: c5f8 77e8 

  0x00007e4fb99ebf14: ; ImmutableOopMap {rbp=Oop }
                      ;*checkcast {reexecute=0 rethrow=0 return_oop=0}
                      ; - com.intellij.openapi.client.ClientAwareComponentManager::postGetService@49 (line 37)
                      ; - com.intellij.serviceContainer.ComponentManagerImpl::getServiceIfCreated@21 (line 714)
                      ; - com.intellij.ide.IdeEventQueue::_dispatchEvent@346 (line 1271)
  0x00007e4fb99ebf14: e823 bafe | be45 ffff | ff48 8b6c | 2410 4c8b | 5c24 084c | 891c 2490 

  0x00007e4fb99ebf2c: ;   {runtime_call UncommonTrapBlob}
  0x00007e4fb99ebf2c: c5f8 77e8 

  0x00007e4fb99ebf30: ; ImmutableOopMap {rbp=Oop [0]=Oop [80]=Oop }
                      ;*ifne {reexecute=1 rethrow=0 return_oop=0}
                      ; - (reexecute) com.intellij.codeWithMe.ClientId$Companion::getAbsenceBehaviorValue@6 (line 66)
                      ; - com.intellij.openapi.client.ClientAwareComponentManager::postGetService@154 (line 46)
                      ; - com.intellij.serviceContainer.ComponentManagerImpl::getServiceIfCreated@21 (line 714)
                      ; - com.intellij.ide.IdeEventQueue::_dispatchEvent@346 (line 1271)
  0x00007e4fb99ebf30: cc23 bafe | be45 ffff | ff48 ff74 | 2410 488f | 0424 4c8b | 5424 284c | 8954 2410 

  0x00007e4fb99ebf4c: ;   {runtime_call UncommonTrapBlob}
  0x00007e4fb99ebf4c: c5f8 77e8 

  0x00007e4fb99ebf50: ; ImmutableOopMap {rbp=NarrowOop [0]=Oop [8]=Oop [16]=Oop [56]=Oop [72]=Oop }
                      ;*ifnull {reexecute=1 rethrow=0 return_oop=0}
                      ; - (reexecute) java.util.concurrent.ConcurrentHashMap::get@143 (line 946)
                      ; - com.intellij.openapi.client.ClientSessionsManager::getSession@11 (line 72)
                      ; - com.intellij.openapi.client.ClientAwareComponentManager::postGetService@93 (line 44)
                      ; - com.intellij.serviceContainer.ComponentManagerImpl::getServiceIfCreated@21 (line 714)
                      ; - com.intellij.ide.IdeEventQueue::_dispatchEvent@346 (line 1271)
  0x00007e4fb99ebf50: ac23 bafe | be45 ffff | ff48 ff74 | 2410 488f | 0424 6690 

  0x00007e4fb99ebf64: ;   {runtime_call UncommonTrapBlob}
  0x00007e4fb99ebf64: c5f8 77e8 

  0x00007e4fb99ebf68: ; ImmutableOopMap {rbp=NarrowOop [0]=Oop [8]=Oop [48]=Oop }
                      ;*ifnonnull {reexecute=1 rethrow=0 return_oop=0}
                      ; - (reexecute) kotlin.jvm.internal.Intrinsics::checkNotNullParameter@1 (line 130)
                      ; - com.intellij.openapi.client.ClientSessionsManager::getSession@3
                      ; - com.intellij.openapi.client.ClientAwareComponentManager::postGetService@93 (line 44)
                      ; - com.intellij.serviceContainer.ComponentManagerImpl::getServiceIfCreated@21 (line 714)
                      ; - com.intellij.ide.IdeEventQueue::_dispatchEvent@346 (line 1271)
  0x00007e4fb99ebf68: 9423 bafe | be45 ffff | ff48 ff74 | 2410 488f | 0424 6690 

  0x00007e4fb99ebf7c: ;   {runtime_call UncommonTrapBlob}
  0x00007e4fb99ebf7c: c5f8 77e8 

  0x00007e4fb99ebf80: ; ImmutableOopMap {[0]=Oop [8]=Oop [80]=Oop }
                      ;*ifne {reexecute=1 rethrow=0 return_oop=0}
                      ; - (reexecute) com.intellij.diagnostic.LoadingState::checkOccurred@3 (line 45)
                      ; - com.intellij.openapi.util.registry.Registry::getInstance@3 (line 194)
                      ; - com.intellij.codeWithMe.ClientId$Companion::getAbsenceBehaviorValue@13 (line 68)
                      ; - com.intellij.openapi.client.ClientAwareComponentManager::postGetService@154 (line 46)
                      ; - com.intellij.serviceContainer.ComponentManagerImpl::getServiceIfCreated@21 (line 714)
                      ; - com.intellij.ide.IdeEventQueue::_dispatchEvent@346 (line 1271)
  0x00007e4fb99ebf80: 7c23 bafe | be45 ffff | ff48 8b6c | 2410 4c8b | 4c24 084c | 890c 244c | 8944 2410 | 4489 5c24 
  0x00007e4fb99ebfa0: 1866 6690 

  0x00007e4fb99ebfa4: ;   {runtime_call UncommonTrapBlob}
  0x00007e4fb99ebfa4: c5f8 77e8 

  0x00007e4fb99ebfa8: ; ImmutableOopMap {rbp=Oop [0]=Oop [16]=Oop [80]=Oop }
                      ;*ifge {reexecute=1 rethrow=0 return_oop=0}
                      ; - (reexecute) com.intellij.diagnostic.LoadingState::checkOccurred@22 (line 50)
                      ; - com.intellij.openapi.util.registry.Registry::getInstance@3 (line 194)
                      ; - com.intellij.codeWithMe.ClientId$Companion::getAbsenceBehaviorValue@13 (line 68)
                      ; - com.intellij.openapi.client.ClientAwareComponentManager::postGetService@154 (line 46)
                      ; - com.intellij.serviceContainer.ComponentManagerImpl::getServiceIfCreated@21 (line 714)
                      ; - com.intellij.ide.IdeEventQueue::_dispatchEvent@346 (line 1271)
  0x00007e4fb99ebfa8: 5423 bafe | be45 ffff | ff48 ff74 | 2410 488f | 0424 6690 

  0x00007e4fb99ebfbc: ;   {runtime_call UncommonTrapBlob}
  0x00007e4fb99ebfbc: c5f8 77e8 

  0x00007e4fb99ebfc0: ; ImmutableOopMap {[0]=Oop [8]=Oop [80]=Oop }
                      ;*ifne {reexecute=1 rethrow=0 return_oop=0}
                      ; - (reexecute) com.intellij.codeWithMe.ClientId$Companion::getAbsenceBehaviorValue@19 (line 68)
                      ; - com.intellij.openapi.client.ClientAwareComponentManager::postGetService@154 (line 46)
                      ; - com.intellij.serviceContainer.ComponentManagerImpl::getServiceIfCreated@21 (line 714)
                      ; - com.intellij.ide.IdeEventQueue::_dispatchEvent@346 (line 1271)
  0x00007e4fb99ebfc0: 3c23 bafe | bede ffff | ff48 8b6c | 2410 4c8b | 5424 084c | 8914 244c | 894c 2408 | 4889 5424 
  0x00007e4fb99ebfe0: 1044 8944 | 2418 4489 | 5c24 1c90 

  0x00007e4fb99ebfec: ;   {runtime_call UncommonTrapBlob}
  0x00007e4fb99ebfec: c5f8 77e8 

  0x00007e4fb99ebff0: ; ImmutableOopMap {rbp=Oop [0]=Oop [8]=Oop [16]=Oop [24]=NarrowOop }
                      ;*invokevirtual find {reexecute=0 rethrow=0 return_oop=0}
                      ; - java.util.concurrent.ConcurrentHashMap::get@93 (line 944)
                      ; - java.util.Properties::getProperty@5 (line 1141)
                      ; - java.lang.System::getProperty@21 (line 919)
                      ; - com.intellij.platform.ide.bootstrap.StartupUtil::isImplicitReadOnEDTDisabled@6 (line 394)
                      ; - com.intellij.openapi.application.impl.RwLockHolder::runWithImplicitRead@6 (line 125)
                      ; - com.intellij.ide.IdeEventQueue::_dispatchEvent@268 (line 584)
  0x00007e4fb99ebff0: 0c23 bafe | bede ffff | ff49 8be9 | 4c89 0424 | 4c89 6c24 | 0844 895c | 2410 8954 | 2414 6690 
  0x00007e4fb99ec010: ;   {runtime_call UncommonTrapBlob}
  0x00007e4fb99ec010: c5f8 77e8 

  0x00007e4fb99ec014: ; ImmutableOopMap {rbp=Oop [0]=Oop [8]=Oop [16]=NarrowOop }
                      ;*invokevirtual find {reexecute=0 rethrow=0 return_oop=0}
                      ; - java.util.concurrent.ConcurrentHashMap::get@93 (line 944)
                      ; - java.util.Properties::getProperty@5 (line 1141)
                      ; - java.lang.System::getProperty@21 (line 919)
                      ; - com.intellij.platform.ide.bootstrap.StartupUtil::isImplicitReadOnEDTDisabled@6 (line 394)
                      ; - com.intellij.openapi.application.impl.RwLockHolder::runWithImplicitRead@6 (line 125)
                      ; - com.intellij.ide.IdeEventQueue::_dispatchEvent@294 (line 585)
  0x00007e4fb99ec014: e822 bafe | bede ffff | ff48 8bea | 4c8b 4c24 | 084c 890c | 244c 895c | 2408 4c89 | 6c24 1044 
  0x00007e4fb99ec034: 8954 2418 | 4489 4424 | 1c66 6690 

  0x00007e4fb99ec040: ;   {runtime_call UncommonTrapBlob}
  0x00007e4fb99ec040: c5f8 77e8 

  0x00007e4fb99ec044: ; ImmutableOopMap {rbp=Oop [0]=Oop [8]=Oop [16]=Oop [24]=NarrowOop }
                      ;*invokevirtual find {reexecute=0 rethrow=0 return_oop=0}
                      ; - java.util.concurrent.ConcurrentHashMap::get@93 (line 944)
                      ; - java.util.Properties::getProperty@5 (line 1141)
                      ; - java.lang.System::getProperty@21 (line 919)
                      ; - com.intellij.platform.ide.bootstrap.StartupUtil::isImplicitReadOnEDTDisabled@6 (line 394)
                      ; - com.intellij.openapi.application.impl.RwLockHolder::runWithoutImplicitRead@6 (line 104)
                      ; - com.intellij.ide.IdeEventQueue::_dispatchEvent@396 (line 593)
  0x00007e4fb99ec044: b822 bafe | 41b8 0100 | 0000 41ba | b70c 0000 | 4533 db44 | 8954 2458 | 4c89 5c24 | 50e9 9ff8 
  0x00007e4fb99ec064: ffff bef6 | ffff ff48 | 8b6c 2410 | 4c8b 5c24 | 084c 891c | 2466 6690 

  0x00007e4fb99ec07c: ;   {runtime_call UncommonTrapBlob}
  0x00007e4fb99ec07c: c5f8 77e8 

  0x00007e4fb99ec080: ; ImmutableOopMap {rbp=Oop [0]=Oop [80]=Oop }
                      ;*monitorenter {reexecute=0 rethrow=0 return_oop=0}
                      ; - kotlin.SynchronizedLazyImpl::getValue@22 (line 69)
                      ; - com.intellij.codeWithMe.ClientId$Companion::getAbsenceBehaviorValueCached@5 (line 94)
                      ; - com.intellij.codeWithMe.ClientId$Companion::getAbsenceBehaviorValue@27 (line 71)
                      ; - com.intellij.openapi.client.ClientAwareComponentManager::postGetService@154 (line 46)
                      ; - com.intellij.serviceContainer.ComponentManagerImpl::getServiceIfCreated@21 (line 714)
                      ; - com.intellij.ide.IdeEventQueue::_dispatchEvent@346 (line 1271)
  0x00007e4fb99ec080: 7c22 bafe | 498b f048 | 8d54 2470 

  0x00007e4fb99ec08c: ;   {oop([B{0x00000000aaac6228})}
  0x00007e4fb99ec08c: 48bd 2862 | acaa 0000 

  0x00007e4fb99ec094: ;   {oop([B{0x00000000ab32da78})}
  0x00007e4fb99ec094: 0000 49ba | 78da 32ab | 0000 0000 | 4c89 5424 | 4066 6690 

  0x00007e4fb99ec0a8: ;   {runtime_call _complete_monitor_locking_Java}
  0x00007e4fb99ec0a8: c5f8 77e8 

  0x00007e4fb99ec0ac: ; ImmutableOopMap {rbp=Oop [0]=Oop [8]=Oop [16]=Oop [24]=Derived_oop_[64] [32]=Derived_oop_rbp [48]=NarrowOop [64]=Oop [80]=Oop }
                      ;*monitorenter {reexecute=0 rethrow=0 return_oop=0}
                      ; - kotlin.SynchronizedLazyImpl::getValue@22 (line 69)
                      ; - com.intellij.codeWithMe.ClientId$Companion::getAbsenceBehaviorValueCached@5 (line 94)
                      ; - com.intellij.codeWithMe.ClientId$Companion::getAbsenceBehaviorValue@27 (line 71)
                      ; - com.intellij.openapi.client.ClientAwareComponentManager::postGetService@154 (line 46)
                      ; - com.intellij.serviceContainer.ComponentManagerImpl::getServiceIfCreated@21 (line 714)
                      ; - com.intellij.ide.IdeEventQueue::_dispatchEvent@346 (line 1271)
  0x00007e4fb99ec0ac: 5090 c4fe | e971 f9ff | ff4d 8bd3 | 498b d849 | 8bfa 488d | 7424 7049 | 8bd7 c5f8 | 7749 ba70 
  0x00007e4fb99ec0cc: 076e d24f | 7e00 0041 | ffd2 4c8b | c3e9 88fa | ffff be45 | ffff ff48 | ff74 2410 | 488f 0424 
  0x00007e4fb99ec0ec: 448b 5c24 | 3044 895c | 241c 6690 

  0x00007e4fb99ec0f8: ;   {runtime_call UncommonTrapBlob}
  0x00007e4fb99ec0f8: c5f8 77e8 

  0x00007e4fb99ec0fc: ; ImmutableOopMap {rbp=NarrowOop [0]=Oop [8]=Oop [28]=NarrowOop [48]=NarrowOop [80]=Oop }
                      ;*if_acmpeq {reexecute=1 rethrow=0 return_oop=0}
                      ; - (reexecute) kotlin.SynchronizedLazyImpl::getValue@38 (line 71)
                      ; - com.intellij.codeWithMe.ClientId$Companion::getAbsenceBehaviorValueCached@5 (line 94)
                      ; - com.intellij.codeWithMe.ClientId$Companion::getAbsenceBehaviorValue@27 (line 71)
                      ; - com.intellij.openapi.client.ClientAwareComponentManager::postGetService@154 (line 46)
                      ; - com.intellij.serviceContainer.ComponentManagerImpl::getServiceIfCreated@21 (line 714)
                      ; - com.intellij.ide.IdeEventQueue::_dispatchEvent@346 (line 1271)
  0x00007e4fb99ec0fc: 0022 bafe | be45 ffff | ff48 ff74 | 2410 488f | 0424 448b | 5424 3045 | 8bda 4489 | 5c24 1c90 
  0x00007e4fb99ec11c: ;   {runtime_call UncommonTrapBlob}
  0x00007e4fb99ec11c: c5f8 77e8 

  0x00007e4fb99ec120: ; ImmutableOopMap {rbp=NarrowOop [0]=Oop [8]=Oop [28]=NarrowOop [48]=NarrowOop [80]=Oop }
                      ;*ifnonnull {reexecute=1 rethrow=0 return_oop=0}
                      ; - (reexecute) kotlin.jvm.internal.Intrinsics::checkNotNull@1 (line 24)
                      ; - kotlin.SynchronizedLazyImpl::getValue@51 (line 74)
                      ; - com.intellij.codeWithMe.ClientId$Companion::getAbsenceBehaviorValueCached@5 (line 94)
                      ; - com.intellij.codeWithMe.ClientId$Companion::getAbsenceBehaviorValue@27 (line 71)
                      ; - com.intellij.openapi.client.ClientAwareComponentManager::postGetService@154 (line 46)
                      ; - com.intellij.serviceContainer.ComponentManagerImpl::getServiceIfCreated@21 (line 714)
                      ; - com.intellij.ide.IdeEventQueue::_dispatchEvent@346 (line 1271)
  0x00007e4fb99ec120: dc21 bafe | bede ffff | ff49 8beb | 48ff 7424 | 0848 8f04 | 2489 5c24 | 084c 8944 | 2410 4489 
  0x00007e4fb99ec140: 5424 0c90 

  0x00007e4fb99ec144: ;   {runtime_call UncommonTrapBlob}
  0x00007e4fb99ec144: c5f8 77e8 

  0x00007e4fb99ec148: ; ImmutableOopMap {rbp=Oop [0]=Oop [8]=NarrowOop [12]=NarrowOop [16]=Oop }
                      ;*checkcast {reexecute=0 rethrow=0 return_oop=0}
                      ; - com.intellij.util.containers.LockFreeCopyOnWriteArrayList::iterator@4 (line 795)
                      ; - com.intellij.ide.IdePopupManager::isPopupActive@4 (line 29)
                      ; - com.intellij.ide.IdeEventQueue::_dispatchEvent@164 (line 566)
  0x00007e4fb99ec148: b421 bafe | bede ffff | ff4c 891c | 2466 6690 

  0x00007e4fb99ec158: ;   {runtime_call UncommonTrapBlob}
  0x00007e4fb99ec158: c5f8 77e8 

  0x00007e4fb99ec15c: ; ImmutableOopMap {rbp=NarrowOop [0]=Oop [8]=Oop }
                      ;*checkcast {reexecute=0 rethrow=0 return_oop=0}
                      ; - com.intellij.util.containers.LockFreeCopyOnWriteArrayList::size@4 (line 52)
                      ; - com.intellij.util.containers.LockFreeCopyOnWriteArrayList::isEmpty@1 (line 60)
                      ; - com.intellij.ide.IdePopupManager::isPopupActive@68 (line 35)
                      ; - com.intellij.ide.IdeEventQueue::_dispatchEvent@164 (line 566)
  0x00007e4fb99ec15c: a021 bafe | bede ffff | ff66 6690 

  0x00007e4fb99ec168: ;   {runtime_call UncommonTrapBlob}
  0x00007e4fb99ec168: c5f8 77e8 

  0x00007e4fb99ec16c: ; ImmutableOopMap {rbp=NarrowOop [8]=Oop [16]=Oop }
                      ;*checkcast {reexecute=0 rethrow=0 return_oop=0}
                      ; - com.intellij.openapi.application.ex.ApplicationManagerEx::getApplicationEx@3 (line 14)
                      ; - com.intellij.ide.IdeEventQueue::_dispatchEvent@308 (line 587)
  0x00007e4fb99ec16c: 9021 bafe | bede ffff | ff48 ff74 | 2410 488f | 0424 6690 

  0x00007e4fb99ec180: ;   {runtime_call UncommonTrapBlob}
  0x00007e4fb99ec180: c5f8 77e8 

  0x00007e4fb99ec184: ; ImmutableOopMap {rbp=NarrowOop [0]=Oop [8]=Oop [80]=Oop }
                      ;*checkcast {reexecute=0 rethrow=0 return_oop=0}
                      ; - com.intellij.diagnostic.LoadingState::isOccurred@6 (line 123)
                      ; - com.intellij.codeWithMe.ClientId$Companion::getAbsenceBehaviorValue@3 (line 66)
                      ; - com.intellij.openapi.client.ClientAwareComponentManager::postGetService@154 (line 46)
                      ; - com.intellij.serviceContainer.ComponentManagerImpl::getServiceIfCreated@21 (line 714)
                      ; - com.intellij.ide.IdeEventQueue::_dispatchEvent@346 (line 1271)
  0x00007e4fb99ec184: 7821 bafe | bede ffff | ff48 ff74 | 2410 488f | 0424 6690 

  0x00007e4fb99ec198: ;   {runtime_call UncommonTrapBlob}
  0x00007e4fb99ec198: c5f8 77e8 

  0x00007e4fb99ec19c: ; ImmutableOopMap {rbp=NarrowOop [0]=Oop [8]=Oop [80]=Oop }
                      ;*checkcast {reexecute=0 rethrow=0 return_oop=0}
                      ; - com.intellij.diagnostic.LoadingState::checkOccurred@13 (line 49)
                      ; - com.intellij.openapi.util.registry.Registry::getInstance@3 (line 194)
                      ; - com.intellij.codeWithMe.ClientId$Companion::getAbsenceBehaviorValue@13 (line 68)
                      ; - com.intellij.openapi.client.ClientAwareComponentManager::postGetService@154 (line 46)
                      ; - com.intellij.serviceContainer.ComponentManagerImpl::getServiceIfCreated@21 (line 714)
                      ; - com.intellij.ide.IdeEventQueue::_dispatchEvent@346 (line 1271)
  0x00007e4fb99ec19c: 6021 bafe | bede ffff | ff66 6690 

  0x00007e4fb99ec1a8: ;   {runtime_call UncommonTrapBlob}
  0x00007e4fb99ec1a8: c5f8 77e8 

  0x00007e4fb99ec1ac: ; ImmutableOopMap {rbp=NarrowOop [0]=Oop [8]=Oop [40]=NarrowOop [56]=Oop }
                      ;*checkcast {reexecute=0 rethrow=0 return_oop=0}
                      ; - com.intellij.ide.IdePopupManager::isPopupActive@25 (line 29)
                      ; - com.intellij.ide.IdeEventQueue::_dispatchEvent@164 (line 566)
  0x00007e4fb99ec1ac: 5021 bafe | bede ffff | ff89 5c24 | 184c 8b54 | 2440 4c89 | 5424 2890 

  0x00007e4fb99ec1c4: ;   {runtime_call UncommonTrapBlob}
  0x00007e4fb99ec1c4: c5f8 77e8 

  0x00007e4fb99ec1c8: ; ImmutableOopMap {rbp=NarrowOop [0]=Oop [8]=Oop [24]=NarrowOop [40]=Oop [56]=Oop [64]=Oop }
                      ;*checkcast {reexecute=0 rethrow=0 return_oop=0}
                      ; - com.intellij.ui.popup.StackingPopupDispatcherImpl::getComponent@17 (line 198)
                      ; - com.intellij.ide.IdePopupManager::isPopupActive@30 (line 30)
                      ; - com.intellij.ide.IdeEventQueue::_dispatchEvent@164 (line 566)
  0x00007e4fb99ec1c8: 3421 bafe | bede ffff | ff48 8b6c | 2410 4c8b | 5c24 084c | 891c 244c | 8954 2408 | 4c89 4424 
  0x00007e4fb99ec1e8: 1066 6690 

  0x00007e4fb99ec1ec: ;   {runtime_call UncommonTrapBlob}
  0x00007e4fb99ec1ec: c5f8 77e8 

  0x00007e4fb99ec1f0: ; ImmutableOopMap {rbp=Oop [0]=Oop [8]=Oop [16]=Oop }
                      ;*checkcast {reexecute=0 rethrow=0 return_oop=0}
                      ; - com.intellij.codeWithMe.ClientId$Companion::getAbsenceBehaviorValueCached@10 (line 94)
                      ; - com.intellij.codeWithMe.ClientId$Companion::getAbsenceBehaviorValue@27 (line 71)
                      ; - com.intellij.openapi.client.ClientAwareComponentManager::postGetService@154 (line 46)
                      ; - com.intellij.serviceContainer.ComponentManagerImpl::getServiceIfCreated@21 (line 714)
                      ; - com.intellij.ide.IdeEventQueue::_dispatchEvent@346 (line 1271)
  0x00007e4fb99ec1f0: 0c21 bafe | bede ffff | ff48 ff74 | 2410 488f | 0424 4c89 | 4c24 1048 | 8954 2418 

  0x00007e4fb99ec20c: ;   {runtime_call UncommonTrapBlob}
  0x00007e4fb99ec20c: c5f8 77e8 

  0x00007e4fb99ec210: ; ImmutableOopMap {rbp=NarrowOop [0]=Oop [8]=Oop [16]=Oop [24]=Oop }
                      ;*instanceof {reexecute=0 rethrow=0 return_oop=0}
                      ; - java.util.Properties::getProperty@10 (line 1142)
                      ; - java.lang.System::getProperty@21 (line 919)
                      ; - com.intellij.platform.ide.bootstrap.StartupUtil::isImplicitReadOnEDTDisabled@6 (line 394)
                      ; - com.intellij.openapi.application.impl.RwLockHolder::runWithImplicitRead@6 (line 125)
                      ; - com.intellij.ide.IdeEventQueue::_dispatchEvent@268 (line 584)
  0x00007e4fb99ec210: ec20 bafe | bede ffff | ff4c 890c | 244c 8944 | 2408 4c89 | 6c24 1090 

  0x00007e4fb99ec228: ;   {runtime_call UncommonTrapBlob}
  0x00007e4fb99ec228: c5f8 77e8 

  0x00007e4fb99ec22c: ; ImmutableOopMap {rbp=NarrowOop [0]=Oop [8]=Oop [16]=Oop }
                      ;*instanceof {reexecute=0 rethrow=0 return_oop=0}
                      ; - java.util.Properties::getProperty@10 (line 1142)
                      ; - java.lang.System::getProperty@21 (line 919)
                      ; - com.intellij.platform.ide.bootstrap.StartupUtil::isImplicitReadOnEDTDisabled@6 (line 394)
                      ; - com.intellij.openapi.application.impl.RwLockHolder::runWithImplicitRead@6 (line 125)
                      ; - com.intellij.ide.IdeEventQueue::_dispatchEvent@294 (line 585)
  0x00007e4fb99ec22c: d020 bafe | bede ffff | ff48 8914 | 244c 895c | 2410 4c89 | 6c24 1890 

  0x00007e4fb99ec244: ;   {runtime_call UncommonTrapBlob}
  0x00007e4fb99ec244: c5f8 77e8 

  0x00007e4fb99ec248: ; ImmutableOopMap {rbp=NarrowOop [0]=Oop [8]=Oop [16]=Oop [24]=Oop }
                      ;*instanceof {reexecute=0 rethrow=0 return_oop=0}
                      ; - java.util.Properties::getProperty@10 (line 1142)
                      ; - java.lang.System::getProperty@21 (line 919)
                      ; - com.intellij.platform.ide.bootstrap.StartupUtil::isImplicitReadOnEDTDisabled@6 (line 394)
                      ; - com.intellij.openapi.application.impl.RwLockHolder::runWithoutImplicitRead@6 (line 104)
                      ; - com.intellij.ide.IdeEventQueue::_dispatchEvent@396 (line 593)
  0x00007e4fb99ec248: b420 bafe | bede ffff | ff48 8b6c | 2410 4c8b | 5c24 084c | 891c 244c | 8954 2410 

  0x00007e4fb99ec264: ;   {runtime_call UncommonTrapBlob}
  0x00007e4fb99ec264: c5f8 77e8 

  0x00007e4fb99ec268: ; ImmutableOopMap {rbp=Oop [0]=Oop [16]=Oop }
                      ;*instanceof {reexecute=0 rethrow=0 return_oop=0}
                      ; - com.intellij.ide.IdeEventQueue::_dispatchEvent@355 (line 590)
  0x00007e4fb99ec268: 9420 bafe | be66 ffff | ff49 8beb 

  0x00007e4fb99ec274: ;   {runtime_call UncommonTrapBlob}
  0x00007e4fb99ec274: c5f8 77e8 

  0x00007e4fb99ec278: ; ImmutableOopMap {rbp=Oop [8]=Oop }
                      ;*checkcast {reexecute=0 rethrow=0 return_oop=0}
                      ; - com.intellij.ide.IdeEventQueue::_dispatchEvent@110 (line 553)
  0x00007e4fb99ec278: 8420 bafe | bede ffff | ff49 8beb 

  0x00007e4fb99ec284: ;   {runtime_call UncommonTrapBlob}
  0x00007e4fb99ec284: c5f8 77e8 

  0x00007e4fb99ec288: ; ImmutableOopMap {rbp=Oop [8]=Oop }
                      ;*checkcast {reexecute=0 rethrow=0 return_oop=0}
                      ; - com.intellij.ide.IdeEventQueue::_dispatchEvent@210 (line 574)
  0x00007e4fb99ec288: 7420 bafe | bef6 ffff | ff66 6690 

  0x00007e4fb99ec294: ;   {runtime_call UncommonTrapBlob}
  0x00007e4fb99ec294: c5f8 77e8 

  0x00007e4fb99ec298: ; ImmutableOopMap {}
                      ;*invokevirtual getID {reexecute=0 rethrow=0 return_oop=0}
                      ; - com.intellij.ide.IdeEventQueue::_dispatchEvent@1 (line 546)
  0x00007e4fb99ec298: 6420 bafe | bef6 ffff | ff66 6690 

  0x00007e4fb99ec2a4: ;   {runtime_call UncommonTrapBlob}
  0x00007e4fb99ec2a4: c5f8 77e8 

  0x00007e4fb99ec2a8: ; ImmutableOopMap {}
                      ;*arraylength {reexecute=0 rethrow=0 return_oop=0}
                      ; - com.intellij.util.containers.LockFreeCopyOnWriteArrayList$COWIterator::hasNext@8 (line 860)
                      ; - com.intellij.util.containers.LockFreeCopyOnWriteArrayList$COWIterator::next@1 (line 870)
                      ; - com.intellij.ide.IdePopupManager::isPopupActive@20 (line 29)
                      ; - com.intellij.ide.IdeEventQueue::_dispatchEvent@164 (line 566)
  0x00007e4fb99ec2a8: 5420 bafe | bef4 ffff | ff48 8b2c | 244c 8b54 | 2408 4c89 | 1424 6690 

  0x00007e4fb99ec2c0: ;   {runtime_call UncommonTrapBlob}
  0x00007e4fb99ec2c0: c5f8 77e8 

  0x00007e4fb99ec2c4: ; ImmutableOopMap {rbp=Oop [0]=Oop [40]=NarrowOop [56]=Oop }
                      ;*checkcast {reexecute=0 rethrow=0 return_oop=0}
                      ; - com.intellij.ide.IdePopupManager::isPopupActive@25 (line 29)
                      ; - com.intellij.ide.IdeEventQueue::_dispatchEvent@164 (line 566)
  0x00007e4fb99ec2c4: 3820 bafe | bef6 ffff | ff66 6690 

  0x00007e4fb99ec2d0: ;   {runtime_call UncommonTrapBlob}
  0x00007e4fb99ec2d0: c5f8 77e8 

  0x00007e4fb99ec2d4: ; ImmutableOopMap {}
                      ;*invokevirtual isEmpty {reexecute=0 rethrow=0 return_oop=0}
                      ; - com.intellij.ui.popup.StackingPopupDispatcherImpl::getComponent@4 (line 198)
                      ; - com.intellij.ide.IdePopupManager::isPopupActive@30 (line 30)
                      ; - com.intellij.ide.IdeEventQueue::_dispatchEvent@164 (line 566)
  0x00007e4fb99ec2d4: 2820 bafe | bef6 ffff | ff41 8beb 

  0x00007e4fb99ec2e0: ;   {runtime_call UncommonTrapBlob}
  0x00007e4fb99ec2e0: c5f8 77e8 

  0x00007e4fb99ec2e4: ; ImmutableOopMap {}
                      ;*aaload {reexecute=0 rethrow=0 return_oop=0}
                      ; - java.util.ArrayList::elementData@5 (line 411)
                      ; - java.util.ArrayList::get@11 (line 428)
                      ; - com.intellij.util.containers.Stack::peek@21 (line 41)
                      ; - com.intellij.ui.popup.StackingPopupDispatcherImpl::getComponent@14 (line 198)
                      ; - com.intellij.ide.IdePopupManager::isPopupActive@30 (line 30)
                      ; - com.intellij.ide.IdeEventQueue::_dispatchEvent@164 (line 566)
  0x00007e4fb99ec2e4: 1820 bafe | bef4 ffff | ff48 8b2c | 244c 8b54 | 2408 4c89 | 1424 4c8b | 5424 404c | 8954 2420 
  0x00007e4fb99ec304: ;   {runtime_call UncommonTrapBlob}
  0x00007e4fb99ec304: c5f8 77e8 

  0x00007e4fb99ec308: ; ImmutableOopMap {rbp=Oop [0]=Oop [32]=Oop [40]=NarrowOop [56]=Oop [64]=Oop }
                      ;*checkcast {reexecute=0 rethrow=0 return_oop=0}
                      ; - com.intellij.ui.popup.StackingPopupDispatcherImpl::getComponent@17 (line 198)
                      ; - com.intellij.ide.IdePopupManager::isPopupActive@30 (line 30)
                      ; - com.intellij.ide.IdeEventQueue::_dispatchEvent@164 (line 566)
  0x00007e4fb99ec308: f41f bafe | bef6 ffff | ff66 6690 

  0x00007e4fb99ec314: ;   {runtime_call UncommonTrapBlob}
  0x00007e4fb99ec314: c5f8 77e8 

  0x00007e4fb99ec318: ; ImmutableOopMap {}
                      ;*arraylength {reexecute=0 rethrow=0 return_oop=0}
                      ; - com.intellij.util.containers.LockFreeCopyOnWriteArrayList$COWIterator::hasNext@8 (line 860)
                      ; - com.intellij.ide.IdePopupManager::isPopupActive@11 (line 29)
                      ; - com.intellij.ide.IdeEventQueue::_dispatchEvent@164 (line 566)
  0x00007e4fb99ec318: e41f bafe | bef6 ffff | ff66 6690 

  0x00007e4fb99ec324: ;   {runtime_call UncommonTrapBlob}
  0x00007e4fb99ec324: c5f8 77e8 

  0x00007e4fb99ec328: ; ImmutableOopMap {}
                      ;*invokevirtual isPopupActive {reexecute=0 rethrow=0 return_oop=0}
                      ; - com.intellij.ide.IdeEventQueue::_dispatchEvent@164 (line 566)
  0x00007e4fb99ec328: d41f bafe | bef6 ffff | ff66 6690 

  0x00007e4fb99ec334: ;   {runtime_call UncommonTrapBlob}
  0x00007e4fb99ec334: c5f8 77e8 

  0x00007e4fb99ec338: ; ImmutableOopMap {}
                      ;*invokeinterface iterator {reexecute=0 rethrow=0 return_oop=0}
                      ; - com.intellij.ide.IdePopupManager::isPopupActive@4 (line 29)
                      ; - com.intellij.ide.IdeEventQueue::_dispatchEvent@164 (line 566)
  0x00007e4fb99ec338: c41f bafe | bef4 ffff | ff49 8beb | 48ff 7424 | 0848 8f04 | 2489 5c24 | 084c 8944 | 2410 6690 
  0x00007e4fb99ec358: ;   {runtime_call UncommonTrapBlob}
  0x00007e4fb99ec358: c5f8 77e8 

  0x00007e4fb99ec35c: ; ImmutableOopMap {rbp=Oop [0]=Oop [8]=NarrowOop [16]=Oop }
                      ;*checkcast {reexecute=0 rethrow=0 return_oop=0}
                      ; - com.intellij.util.containers.LockFreeCopyOnWriteArrayList::iterator@4 (line 795)
                      ; - com.intellij.ide.IdePopupManager::isPopupActive@4 (line 29)
                      ; - com.intellij.ide.IdeEventQueue::_dispatchEvent@164 (line 566)
  0x00007e4fb99ec35c: a01f bafe | bef6 ffff | ff66 6690 

  0x00007e4fb99ec368: ;   {runtime_call UncommonTrapBlob}
  0x00007e4fb99ec368: c5f8 77e8 

  0x00007e4fb99ec36c: ; ImmutableOopMap {}
                      ;*invokeinterface isEmpty {reexecute=0 rethrow=0 return_oop=0}
                      ; - com.intellij.ide.IdePopupManager::isPopupActive@68 (line 35)
                      ; - com.intellij.ide.IdeEventQueue::_dispatchEvent@164 (line 566)
  0x00007e4fb99ec36c: 901f bafe | bef4 ffff | ff49 8beb 

  0x00007e4fb99ec378: ;   {runtime_call UncommonTrapBlob}
  0x00007e4fb99ec378: c5f8 77e8 

  0x00007e4fb99ec37c: ; ImmutableOopMap {rbp=Oop [8]=Oop }
                      ;*checkcast {reexecute=0 rethrow=0 return_oop=0}
                      ; - com.intellij.util.containers.LockFreeCopyOnWriteArrayList::size@4 (line 52)
                      ; - com.intellij.util.containers.LockFreeCopyOnWriteArrayList::isEmpty@1 (line 60)
                      ; - com.intellij.ide.IdePopupManager::isPopupActive@68 (line 35)
                      ; - com.intellij.ide.IdeEventQueue::_dispatchEvent@164 (line 566)
  0x00007e4fb99ec37c: 801f bafe | bef6 ffff | ff48 8b6c | 2410 6690 

  0x00007e4fb99ec38c: ;   {runtime_call UncommonTrapBlob}
  0x00007e4fb99ec38c: c5f8 77e8 

  0x00007e4fb99ec390: ; ImmutableOopMap {rbp=Oop [8]=Oop }
                      ;*invokeinterface runWithImplicitRead {reexecute=0 rethrow=0 return_oop=0}
                      ; - com.intellij.ide.IdeEventQueue::_dispatchEvent@268 (line 584)
  0x00007e4fb99ec390: 6c1f bafe | bef6 ffff | ff66 6690 

  0x00007e4fb99ec39c: ;   {runtime_call UncommonTrapBlob}
  0x00007e4fb99ec39c: c5f8 77e8 

  0x00007e4fb99ec3a0: ; ImmutableOopMap {}
                      ;*invokevirtual getProperty {reexecute=0 rethrow=0 return_oop=0}
                      ; - java.lang.System::getProperty@21 (line 919)
                      ; - com.intellij.platform.ide.bootstrap.StartupUtil::isImplicitReadOnEDTDisabled@6 (line 394)
                      ; - com.intellij.openapi.application.impl.RwLockHolder::runWithImplicitRead@6 (line 125)
                      ; - com.intellij.ide.IdeEventQueue::_dispatchEvent@268 (line 584)
  0x00007e4fb99ec3a0: 5c1f bafe | bef6 ffff | ff66 6690 

  0x00007e4fb99ec3ac: ;   {runtime_call UncommonTrapBlob}
  0x00007e4fb99ec3ac: c5f8 77e8 

  0x00007e4fb99ec3b0: ; ImmutableOopMap {}
                      ;*invokevirtual get {reexecute=0 rethrow=0 return_oop=0}
                      ; - java.util.Properties::getProperty@5 (line 1141)
                      ; - java.lang.System::getProperty@21 (line 919)
                      ; - com.intellij.platform.ide.bootstrap.StartupUtil::isImplicitReadOnEDTDisabled@6 (line 394)
                      ; - com.intellij.openapi.application.impl.RwLockHolder::runWithImplicitRead@6 (line 125)
                      ; - com.intellij.ide.IdeEventQueue::_dispatchEvent@268 (line 584)
  0x00007e4fb99ec3b0: 4c1f bafe | bef6 ffff | ff66 6690 

  0x00007e4fb99ec3bc: ;   {runtime_call UncommonTrapBlob}
  0x00007e4fb99ec3bc: c5f8 77e8 

  0x00007e4fb99ec3c0: ; ImmutableOopMap {}
                      ;*invokevirtual get {reexecute=0 rethrow=0 return_oop=0}
                      ; - com.intellij.ide.IdeEventQueue::_dispatchEvent@71 (line 551)
  0x00007e4fb99ec3c0: 3c1f bafe | bef6 ffff | ff66 6690 

  0x00007e4fb99ec3cc: ;   {runtime_call UncommonTrapBlob}
  0x00007e4fb99ec3cc: c5f8 77e8 

  0x00007e4fb99ec3d0: ; ImmutableOopMap {}
                      ;*invokevirtual get {reexecute=0 rethrow=0 return_oop=0}
                      ; - com.intellij.ide.IdeEventQueue::_dispatchEvent@78 (line 551)
  0x00007e4fb99ec3d0: 2c1f bafe | 4d85 d240 | 0f95 c540 | 0fb6 ed83 | f501 be45 | ffff ff89 | 5c24 184c | 8b54 2440 
  0x00007e4fb99ec3f0: 4c89 5424 | 2866 6690 

  0x00007e4fb99ec3f8: ;   {runtime_call UncommonTrapBlob}
  0x00007e4fb99ec3f8: c5f8 77e8 

  0x00007e4fb99ec3fc: ; ImmutableOopMap {[0]=Oop [8]=Oop [24]=NarrowOop [40]=Oop [56]=Oop [64]=Oop }
                      ;*ifeq {reexecute=1 rethrow=0 return_oop=0}
                      ; - (reexecute) com.intellij.ui.popup.StackingPopupDispatcherImpl::getComponent@25 (line 198)
                      ; - com.intellij.ide.IdePopupManager::isPopupActive@30 (line 30)
                      ; - com.intellij.ide.IdeEventQueue::_dispatchEvent@164 (line 566)
  0x00007e4fb99ec3fc: 001f bafe | be45 ffff | ff48 8b6c | 2410 4c8b | 5424 084c | 8914 244c | 894c 2408 | 4489 4424 
  0x00007e4fb99ec41c: 1466 6690 

  0x00007e4fb99ec420: ;   {runtime_call UncommonTrapBlob}
  0x00007e4fb99ec420: c5f8 77e8 

  0x00007e4fb99ec424: ; ImmutableOopMap {rbp=Oop [0]=Oop [8]=Oop [20]=NarrowOop }
                      ;*ifnonnull {reexecute=1 rethrow=0 return_oop=0}
                      ; - (reexecute) com.intellij.openapi.application.impl.RwLockHolder::runWithEnabledImplicitRead@4 (line 134)
                      ; - com.intellij.openapi.application.impl.RwLockHolder::runWithImplicitRead@21 (line 129)
                      ; - com.intellij.ide.IdeEventQueue::_dispatchEvent@268 (line 584)
  0x00007e4fb99ec424: d81e bafe | bef6 ffff | ff66 6690 

  0x00007e4fb99ec430: ;   {runtime_call UncommonTrapBlob}
  0x00007e4fb99ec430: c5f8 77e8 

  0x00007e4fb99ec434: ; ImmutableOopMap {}
                      ;*invokevirtual resetHorScrollingTracker {reexecute=0 rethrow=0 return_oop=0}
                      ; - com.intellij.ide.IdeEventQueue::_dispatchEvent@125 (line 554)
  0x00007e4fb99ec434: c81e bafe | bef6 ffff | ff49 8be8 

  0x00007e4fb99ec440: ;   {runtime_call UncommonTrapBlob}
  0x00007e4fb99ec440: c5f8 77e8 

  0x00007e4fb99ec444: ; ImmutableOopMap {rbp=Oop }
                      ;*invokeinterface runWithImplicitRead {reexecute=0 rethrow=0 return_oop=0}
                      ; - com.intellij.ide.IdeEventQueue::_dispatchEvent@294 (line 585)
  0x00007e4fb99ec444: b81e bafe | bef6 ffff | ff66 6690 

  0x00007e4fb99ec450: ;   {runtime_call UncommonTrapBlob}
  0x00007e4fb99ec450: c5f8 77e8 

  0x00007e4fb99ec454: ; ImmutableOopMap {}
                      ;*invokevirtual getProperty {reexecute=0 rethrow=0 return_oop=0}
                      ; - java.lang.System::getProperty@21 (line 919)
                      ; - com.intellij.platform.ide.bootstrap.StartupUtil::isImplicitReadOnEDTDisabled@6 (line 394)
                      ; - com.intellij.openapi.application.impl.RwLockHolder::runWithImplicitRead@6 (line 125)
                      ; - com.intellij.ide.IdeEventQueue::_dispatchEvent@294 (line 585)
  0x00007e4fb99ec454: a81e bafe | bef6 ffff | ff66 6690 

  0x00007e4fb99ec460: ;   {runtime_call UncommonTrapBlob}
  0x00007e4fb99ec460: c5f8 77e8 

  0x00007e4fb99ec464: ; ImmutableOopMap {}
                      ;*invokevirtual get {reexecute=0 rethrow=0 return_oop=0}
                      ; - java.util.Properties::getProperty@5 (line 1141)
                      ; - java.lang.System::getProperty@21 (line 919)
                      ; - com.intellij.platform.ide.bootstrap.StartupUtil::isImplicitReadOnEDTDisabled@6 (line 394)
                      ; - com.intellij.openapi.application.impl.RwLockHolder::runWithImplicitRead@6 (line 125)
                      ; - com.intellij.ide.IdeEventQueue::_dispatchEvent@294 (line 585)
  0x00007e4fb99ec464: 981e bafe | be45 ffff | ff48 ff74 | 2410 488f | 0424 4c89 | 4c24 1048 | 8954 2418 | 4489 4424 
  0x00007e4fb99ec484: 2044 895c | 2424 6690 

  0x00007e4fb99ec48c: ;   {runtime_call UncommonTrapBlob}
  0x00007e4fb99ec48c: c5f8 77e8 

  0x00007e4fb99ec490: ; ImmutableOopMap {rbp=NarrowOop [0]=Oop [8]=Oop [16]=Oop [24]=Oop [32]=NarrowOop }
                      ;*ifnull {reexecute=1 rethrow=0 return_oop=0}
                      ; - (reexecute) java.util.concurrent.ConcurrentHashMap::get@67 (line 940)
                      ; - java.util.Properties::getProperty@5 (line 1141)
                      ; - java.lang.System::getProperty@21 (line 919)
                      ; - com.intellij.platform.ide.bootstrap.StartupUtil::isImplicitReadOnEDTDisabled@6 (line 394)
                      ; - com.intellij.openapi.application.impl.RwLockHolder::runWithImplicitRead@6 (line 125)
                      ; - com.intellij.ide.IdeEventQueue::_dispatchEvent@268 (line 584)
  0x00007e4fb99ec490: 6c1e bafe | be45 ffff | ff49 8be9 | 4c89 0424 | 8954 240c 

  0x00007e4fb99ec4a4: ;   {runtime_call UncommonTrapBlob}
  0x00007e4fb99ec4a4: c5f8 77e8 

  0x00007e4fb99ec4a8: ; ImmutableOopMap {rbp=Oop [0]=Oop [12]=NarrowOop }
                      ;*ifnonnull {reexecute=1 rethrow=0 return_oop=0}
                      ; - (reexecute) com.intellij.openapi.application.impl.RwLockHolder::runWithEnabledImplicitRead@4 (line 134)
                      ; - com.intellij.openapi.application.impl.RwLockHolder::runWithImplicitRead@21 (line 129)
                      ; - com.intellij.ide.IdeEventQueue::_dispatchEvent@294 (line 585)
  0x00007e4fb99ec4a8: 541e bafe | bef4 ffff | ff66 6690 

  0x00007e4fb99ec4b4: ;   {runtime_call UncommonTrapBlob}
  0x00007e4fb99ec4b4: c5f8 77e8 

  0x00007e4fb99ec4b8: ; ImmutableOopMap {rbp=NarrowOop [0]=Oop [8]=Oop }
                      ;*checkcast {reexecute=0 rethrow=0 return_oop=0}
                      ; - com.intellij.ide.IdePopupManager::dispatch@289 (line 96)
                      ; - com.intellij.ide.IdeEventQueue::_dispatchEvent@175 (line 566)
  0x00007e4fb99ec4b8: 441e bafe | bef6 ffff | ff66 6690 

  0x00007e4fb99ec4c4: ;   {runtime_call UncommonTrapBlob}
  0x00007e4fb99ec4c4: c5f8 77e8 

  0x00007e4fb99ec4c8: ; ImmutableOopMap {}
                      ;*arraylength {reexecute=0 rethrow=0 return_oop=0}
                      ; - com.intellij.util.containers.LockFreeCopyOnWriteArrayList$COWIterator::hasNext@8 (line 860)
                      ; - com.intellij.ide.IdePopupManager::isPopupActive@11 (line 29)
                      ; - com.intellij.ide.IdeEventQueue::_dispatchEvent@164 (line 566)
  0x00007e4fb99ec4c8: 341e bafe | be45 ffff | ff48 ff74 | 2410 488f | 0424 4c89 | 4c24 1048 | 8954 2418 | 4c89 4424 
  0x00007e4fb99ec4e8: 2044 895c | 2428 6690 

  0x00007e4fb99ec4f0: ;   {runtime_call UncommonTrapBlob}
  0x00007e4fb99ec4f0: c5f8 77e8 

  0x00007e4fb99ec4f4: ; ImmutableOopMap {rbp=NarrowOop [0]=Oop [8]=Oop [16]=Oop [24]=Oop [32]=Oop }
                      ;*ifnull {reexecute=1 rethrow=0 return_oop=0}
                      ; - (reexecute) java.util.concurrent.ConcurrentHashMap::get@143 (line 946)
                      ; - java.util.Properties::getProperty@5 (line 1141)
                      ; - java.lang.System::getProperty@21 (line 919)
                      ; - com.intellij.platform.ide.bootstrap.StartupUtil::isImplicitReadOnEDTDisabled@6 (line 394)
                      ; - com.intellij.openapi.application.impl.RwLockHolder::runWithImplicitRead@6 (line 125)
                      ; - com.intellij.ide.IdeEventQueue::_dispatchEvent@268 (line 584)
  0x00007e4fb99ec4f4: 081e bafe | bef4 ffff | ff66 6690 

  0x00007e4fb99ec500: ;   {runtime_call UncommonTrapBlob}
  0x00007e4fb99ec500: c5f8 77e8 

  0x00007e4fb99ec504: ; ImmutableOopMap {rbp=Oop [8]=Oop }
                      ;*checkcast {reexecute=0 rethrow=0 return_oop=0}
                      ; - com.intellij.ide.dnd.DnDManager::getInstance@10 (line 14)
                      ; - com.intellij.ide.IdeEventQueue::_dispatchEvent@16 (line 547)
  0x00007e4fb99ec504: f81d bafe | be45 ffff | ff4c 890c | 244c 8944 | 2408 4c89 | 6c24 1044 | 895c 2418 | 8954 241c 
  0x00007e4fb99ec524: ;   {runtime_call UncommonTrapBlob}
  0x00007e4fb99ec524: c5f8 77e8 

  0x00007e4fb99ec528: ; ImmutableOopMap {rbp=NarrowOop [0]=Oop [8]=Oop [16]=Oop [24]=NarrowOop }
                      ;*ifnull {reexecute=1 rethrow=0 return_oop=0}
                      ; - (reexecute) java.util.concurrent.ConcurrentHashMap::get@67 (line 940)
                      ; - java.util.Properties::getProperty@5 (line 1141)
                      ; - java.lang.System::getProperty@21 (line 919)
                      ; - com.intellij.platform.ide.bootstrap.StartupUtil::isImplicitReadOnEDTDisabled@6 (line 394)
                      ; - com.intellij.openapi.application.impl.RwLockHolder::runWithImplicitRead@6 (line 125)
                      ; - com.intellij.ide.IdeEventQueue::_dispatchEvent@294 (line 585)
  0x00007e4fb99ec528: d41d bafe | bef4 ffff | ff48 8b6c | 2410 6690 

  0x00007e4fb99ec538: ;   {runtime_call UncommonTrapBlob}
  0x00007e4fb99ec538: c5f8 77e8 

  0x00007e4fb99ec53c: ; ImmutableOopMap {rbp=Oop [8]=Oop }
                      ;*checkcast {reexecute=0 rethrow=0 return_oop=0}
                      ; - com.intellij.openapi.application.ex.ApplicationManagerEx::getApplicationEx@3 (line 14)
                      ; - com.intellij.ide.IdeEventQueue::_dispatchEvent@308 (line 587)
  0x00007e4fb99ec53c: c01d bafe | bef6 ffff | ff66 6690 

  0x00007e4fb99ec548: ;   {runtime_call UncommonTrapBlob}
  0x00007e4fb99ec548: c5f8 77e8 

  0x00007e4fb99ec54c: ; ImmutableOopMap {}
                      ;*invokevirtual getProperty {reexecute=0 rethrow=0 return_oop=0}
                      ; - java.lang.System::getProperty@21 (line 919)
                      ; - com.intellij.platform.ide.bootstrap.StartupUtil::isImplicitReadOnEDTDisabled@6 (line 394)
                      ; - com.intellij.openapi.application.impl.RwLockHolder::runWithoutImplicitRead@6 (line 104)
                      ; - com.intellij.ide.IdeEventQueue::_dispatchEvent@396 (line 593)
  0x00007e4fb99ec54c: b01d bafe | bef6 ffff | ff66 6690 

  0x00007e4fb99ec558: ;   {runtime_call UncommonTrapBlob}
  0x00007e4fb99ec558: c5f8 77e8 

  0x00007e4fb99ec55c: ; ImmutableOopMap {}
                      ;*invokevirtual get {reexecute=0 rethrow=0 return_oop=0}
                      ; - java.util.Properties::getProperty@5 (line 1141)
                      ; - java.lang.System::getProperty@21 (line 919)
                      ; - com.intellij.platform.ide.bootstrap.StartupUtil::isImplicitReadOnEDTDisabled@6 (line 394)
                      ; - com.intellij.openapi.application.impl.RwLockHolder::runWithoutImplicitRead@6 (line 104)
                      ; - com.intellij.ide.IdeEventQueue::_dispatchEvent@396 (line 593)
  0x00007e4fb99ec55c: a01d bafe | be45 ffff | ff4c 890c | 244c 8944 | 2408 4c89 | 6c24 104c | 8974 2418 | 8954 2420 
  0x00007e4fb99ec57c: ;   {runtime_call UncommonTrapBlob}
  0x00007e4fb99ec57c: c5f8 77e8 

  0x00007e4fb99ec580: ; ImmutableOopMap {rbp=NarrowOop [0]=Oop [8]=Oop [16]=Oop [24]=Oop }
                      ;*ifnull {reexecute=1 rethrow=0 return_oop=0}
                      ; - (reexecute) java.util.concurrent.ConcurrentHashMap::get@143 (line 946)
                      ; - java.util.Properties::getProperty@5 (line 1141)
                      ; - java.lang.System::getProperty@21 (line 919)
                      ; - com.intellij.platform.ide.bootstrap.StartupUtil::isImplicitReadOnEDTDisabled@6 (line 394)
                      ; - com.intellij.openapi.application.impl.RwLockHolder::runWithImplicitRead@6 (line 125)
                      ; - com.intellij.ide.IdeEventQueue::_dispatchEvent@294 (line 585)
  0x00007e4fb99ec580: 7c1d bafe | be45 ffff | ff48 8914 | 244c 895c | 2410 4c89 | 6c24 1844 | 8954 2420 | 4489 4424 
  0x00007e4fb99ec5a0: 2466 6690 

  0x00007e4fb99ec5a4: ;   {runtime_call UncommonTrapBlob}
  0x00007e4fb99ec5a4: c5f8 77e8 

  0x00007e4fb99ec5a8: ; ImmutableOopMap {rbp=NarrowOop [0]=Oop [8]=Oop [16]=Oop [24]=Oop [32]=NarrowOop }
                      ;*ifnull {reexecute=1 rethrow=0 return_oop=0}
                      ; - (reexecute) java.util.concurrent.ConcurrentHashMap::get@67 (line 940)
                      ; - java.util.Properties::getProperty@5 (line 1141)
                      ; - java.lang.System::getProperty@21 (line 919)
                      ; - com.intellij.platform.ide.bootstrap.StartupUtil::isImplicitReadOnEDTDisabled@6 (line 394)
                      ; - com.intellij.openapi.application.impl.RwLockHolder::runWithoutImplicitRead@6 (line 104)
                      ; - com.intellij.ide.IdeEventQueue::_dispatchEvent@396 (line 593)
  0x00007e4fb99ec5a8: 541d bafe | bef6 ffff | ff66 6690 

  0x00007e4fb99ec5b4: ;   {runtime_call UncommonTrapBlob}
  0x00007e4fb99ec5b4: c5f8 77e8 

  0x00007e4fb99ec5b8: ; ImmutableOopMap {}
                      ;*invokevirtual get {reexecute=0 rethrow=0 return_oop=0}
                      ; - com.intellij.openapi.client.ClientAwareComponentManager::postGetService@12 (line 33)
                      ; - com.intellij.serviceContainer.ComponentManagerImpl::getServiceIfCreated@21 (line 714)
                      ; - com.intellij.ide.IdeEventQueue::_dispatchEvent@346 (line 1271)
  0x00007e4fb99ec5b8: 441d bafe | bef6 ffff | ff66 6690 

  0x00007e4fb99ec5c4: ;   {runtime_call UncommonTrapBlob}
  0x00007e4fb99ec5c4: c5f8 77e8 

  0x00007e4fb99ec5c8: ; ImmutableOopMap {[72]=Oop }
                      ;*invokevirtual get {reexecute=0 rethrow=0 return_oop=0}
                      ; - com.intellij.openapi.client.ClientSessionsManager::getSession@11 (line 72)
                      ; - com.intellij.openapi.client.ClientAwareComponentManager::postGetService@93 (line 44)
                      ; - com.intellij.serviceContainer.ComponentManagerImpl::getServiceIfCreated@21 (line 714)
                      ; - com.intellij.ide.IdeEventQueue::_dispatchEvent@346 (line 1271)
  0x00007e4fb99ec5c8: 341d bafe | bef6 ffff | ff66 6690 

  0x00007e4fb99ec5d4: ;   {runtime_call UncommonTrapBlob}
  0x00007e4fb99ec5d4: c5f8 77e8 

  0x00007e4fb99ec5d8: ; ImmutableOopMap {}
                      ;*invokevirtual hashCode {reexecute=0 rethrow=0 return_oop=0}
                      ; - com.intellij.codeWithMe.ClientId::hashCode@4
                      ; - java.util.concurrent.ConcurrentHashMap::get@1 (line 936)
                      ; - com.intellij.openapi.client.ClientSessionsManager::getSession@11 (line 72)
                      ; - com.intellij.openapi.client.ClientAwareComponentManager::postGetService@93 (line 44)
                      ; - com.intellij.serviceContainer.ComponentManagerImpl::getServiceIfCreated@21 (line 714)
                      ; - com.intellij.ide.IdeEventQueue::_dispatchEvent@346 (line 1271)
  0x00007e4fb99ec5d8: 241d bafe | bef4 ffff | ff48 8b6c | 2410 6690 

  0x00007e4fb99ec5e8: ;   {runtime_call UncommonTrapBlob}
  0x00007e4fb99ec5e8: c5f8 77e8 

  0x00007e4fb99ec5ec: ; ImmutableOopMap {rbp=Oop [8]=Oop }
                      ;*checkcast {reexecute=0 rethrow=0 return_oop=0}
                      ; - com.intellij.openapi.client.ClientAwareComponentManager::postGetService@63 (line 40)
                      ; - com.intellij.serviceContainer.ComponentManagerImpl::getServiceIfCreated@21 (line 714)
                      ; - com.intellij.ide.IdeEventQueue::_dispatchEvent@346 (line 1271)
  0x00007e4fb99ec5ec: 101d bafe | be45 ffff | ff48 8914 | 244c 895c | 2410 4c89 | 6c24 184c | 8974 2420 | 4489 4424 
  0x00007e4fb99ec60c: 2866 6690 

  0x00007e4fb99ec610: ;   {runtime_call UncommonTrapBlob}
  0x00007e4fb99ec610: c5f8 77e8 

  0x00007e4fb99ec614: ; ImmutableOopMap {rbp=NarrowOop [0]=Oop [8]=Oop [16]=Oop [24]=Oop [32]=Oop }
                      ;*ifnull {reexecute=1 rethrow=0 return_oop=0}
                      ; - (reexecute) java.util.concurrent.ConcurrentHashMap::get@143 (line 946)
                      ; - java.util.Properties::getProperty@5 (line 1141)
                      ; - java.lang.System::getProperty@21 (line 919)
                      ; - com.intellij.platform.ide.bootstrap.StartupUtil::isImplicitReadOnEDTDisabled@6 (line 394)
                      ; - com.intellij.openapi.application.impl.RwLockHolder::runWithoutImplicitRead@6 (line 104)
                      ; - com.intellij.ide.IdeEventQueue::_dispatchEvent@396 (line 593)
  0x00007e4fb99ec614: e81c bafe | bef6 ffff | ff66 6690 

  0x00007e4fb99ec620: ;   {runtime_call UncommonTrapBlob}
  0x00007e4fb99ec620: c5f8 77e8 

  0x00007e4fb99ec624: ; ImmutableOopMap {}
                      ;*invokevirtual isShowing {reexecute=0 rethrow=0 return_oop=0}
                      ; - com.intellij.ide.IdePopupManager::dispatch@91 (line 64)
                      ; - com.intellij.ide.IdeEventQueue::_dispatchEvent@175 (line 566)
  0x00007e4fb99ec624: d81c bafe | bef6 ffff | ff66 6690 

  0x00007e4fb99ec630: ;   {runtime_call UncommonTrapBlob}
  0x00007e4fb99ec630: c5f8 77e8 

  0x00007e4fb99ec634: ; ImmutableOopMap {}
                      ;*arraylength {reexecute=0 rethrow=0 return_oop=0}
                      ; - java.lang.StringLatin1::hashCode@5 (line 196)
                      ; - java.lang.String::hashCode@27 (line 2344)
                      ; - com.intellij.codeWithMe.ClientId::hashCode@4
                      ; - java.util.concurrent.ConcurrentHashMap::get@1 (line 936)
                      ; - com.intellij.openapi.client.ClientSessionsManager::getSession@11 (line 72)
                      ; - com.intellij.openapi.client.ClientAwareComponentManager::postGetService@93 (line 44)
                      ; - com.intellij.serviceContainer.ComponentManagerImpl::getServiceIfCreated@21 (line 714)
                      ; - com.intellij.ide.IdeEventQueue::_dispatchEvent@346 (line 1271)
  0x00007e4fb99ec634: c81c bafe | bef4 ffff | ff48 8b6c | 2410 6690 

  0x00007e4fb99ec644: ;   {runtime_call UncommonTrapBlob}
  0x00007e4fb99ec644: c5f8 77e8 

  0x00007e4fb99ec648: ; ImmutableOopMap {rbp=Oop [8]=Oop }
                      ;*checkcast {reexecute=0 rethrow=0 return_oop=0}
                      ; - com.intellij.openapi.client.ClientAwareComponentManager::postGetService@49 (line 37)
                      ; - com.intellij.serviceContainer.ComponentManagerImpl::getServiceIfCreated@21 (line 714)
                      ; - com.intellij.ide.IdeEventQueue::_dispatchEvent@346 (line 1271)
  0x00007e4fb99ec648: b41c bafe | bef4 ffff | ff48 8b6c | 2410 4c8b | 5c24 084c | 891c 2490 

  0x00007e4fb99ec660: ;   {runtime_call UncommonTrapBlob}
  0x00007e4fb99ec660: c5f8 77e8 

  0x00007e4fb99ec664: ; ImmutableOopMap {rbp=Oop [0]=Oop [80]=Oop }
                      ;*checkcast {reexecute=0 rethrow=0 return_oop=0}
                      ; - com.intellij.diagnostic.LoadingState::isOccurred@6 (line 123)
                      ; - com.intellij.codeWithMe.ClientId$Companion::getAbsenceBehaviorValue@3 (line 66)
                      ; - com.intellij.openapi.client.ClientAwareComponentManager::postGetService@154 (line 46)
                      ; - com.intellij.serviceContainer.ComponentManagerImpl::getServiceIfCreated@21 (line 714)
                      ; - com.intellij.ide.IdeEventQueue::_dispatchEvent@346 (line 1271)
  0x00007e4fb99ec664: 981c bafe | bef4 ffff | ff48 8b6c | 2410 4c8b | 5c24 084c | 891c 2490 

  0x00007e4fb99ec67c: ;   {runtime_call UncommonTrapBlob}
  0x00007e4fb99ec67c: c5f8 77e8 

  0x00007e4fb99ec680: ; ImmutableOopMap {rbp=Oop [0]=Oop [80]=Oop }
                      ;*checkcast {reexecute=0 rethrow=0 return_oop=0}
                      ; - com.intellij.diagnostic.LoadingState::checkOccurred@13 (line 49)
                      ; - com.intellij.openapi.util.registry.Registry::getInstance@3 (line 194)
                      ; - com.intellij.codeWithMe.ClientId$Companion::getAbsenceBehaviorValue@13 (line 68)
                      ; - com.intellij.openapi.client.ClientAwareComponentManager::postGetService@154 (line 46)
                      ; - com.intellij.serviceContainer.ComponentManagerImpl::getServiceIfCreated@21 (line 714)
                      ; - com.intellij.ide.IdeEventQueue::_dispatchEvent@346 (line 1271)
  0x00007e4fb99ec680: 7c1c bafe | bef4 ffff | ff48 8b6c | 2410 4c8b | 5c24 084c | 891c 244c | 8954 2408 

  0x00007e4fb99ec69c: ;   {runtime_call UncommonTrapBlob}
  0x00007e4fb99ec69c: c5f8 77e8 

  0x00007e4fb99ec6a0: ; ImmutableOopMap {rbp=Oop [0]=Oop [8]=Oop }
                      ;*checkcast {reexecute=0 rethrow=0 return_oop=0}
                      ; - com.intellij.codeWithMe.ClientId$Companion::getAbsenceBehaviorValueCached@10 (line 94)
                      ; - com.intellij.codeWithMe.ClientId$Companion::getAbsenceBehaviorValue@27 (line 71)
                      ; - com.intellij.openapi.client.ClientAwareComponentManager::postGetService@154 (line 46)
                      ; - com.intellij.serviceContainer.ComponentManagerImpl::getServiceIfCreated@21 (line 714)
                      ; - com.intellij.ide.IdeEventQueue::_dispatchEvent@346 (line 1271)
  0x00007e4fb99ec6a0: 5c1c bafe | 488b d84c | 8b1c 2448 | 8d44 2470 | 4881 3800 | 0000 000f | 8483 0000 | 004d 8b13 
  0x00007e4fb99ec6c0: 49f7 c202 | 0000 0074 | 6f49 81ba | 8600 0000 | 0000 0000 | 7409 49ff | 8a86 0000 | 00eb 5149 
  0x00007e4fb99ec6e0: 8b82 9600 | 0000 490b | 828e 0000 | 0075 0a49 | c742 3e00 | 0000 00eb | 4749 81ba | 9e00 0000 
  0x00007e4fb99ec700: 0000 0000 | 7425 4833 | c049 c742 | 3e00 0000 | 00f0 8304 | 2400 4981 | ba9e 0000 | 0000 0000 
  0x00007e4fb99ec720: 0075 0df0 | 4d0f b17a | 3e75 0583 | c801 eb10 | f7c0 0000 | 0000 eb08 | 4c8b 10f0 | 4d0f b113 
  0x00007e4fb99ec740: 0f84 8000 | 0000 498b | fb48 8d74 | 2470 498b | d766 6666 | 0f1f 8400 | 0000 0000 | 6666 6690 
  0x00007e4fb99ec760: c5f8 7749 | ba70 076e | d24f 7e00 | 0041 ffd2 | e951 0000 | 0048 8bf0 | e9d4 0000 | 0048 8bd8 
  0x00007e4fb99ec780: e941 0000 | 0048 8bf0 | e9c4 0000 | 0048 8bd8 | e931 0000 | 0048 8bd8 | e929 0000 | 0066 6690 
  0x00007e4fb99ec7a0: e991 0000 | 00e9 7100 | 0000 e96c | 0000 00e9 | 6700 0000 | e962 0000 | 0048 8bd8 | eb08 488b 
  0x00007e4fb99ec7c0: d8eb 0348 | 8bd8 488b | f3e9 8300 | 0000 e948 | 0000 0048 | 8bf0 e976 | 0000 0048 | 8bf0 6690 
  0x00007e4fb99ec7e0: e96c 0000 | 00e9 3100 | 0000 488b | f0e9 5f00 | 0000 488b | f0e9 5700 | 0000 eb1f | 448b 1424 
  0x00007e4fb99ec800: 448b 4424 | 0445 8842 | 0ef0 8344 | 24c0 0048 | 8bf0 e93a | 0000 00eb | 02eb 0048 | 8bf0 6690 
  0x00007e4fb99ec820: e92c 0000 | 0048 8bf0 | eb27 488b | f0eb 2248 | 8bf0 eb1d | eb00 448b | 1c24 448b | 5424 0445 
  0x00007e4fb99ec840: 8853 0ef0 | 8344 24c0 | 0048 8bf0 | eb03 488b | f0c5 f877 | 4881 c480 | 0000 005d 

  0x00007e4fb99ec85c: ;   {runtime_call _rethrow_Java}
  0x00007e4fb99ec85c: e99f 91c4 | febe f6ff | ffff 6690 

  0x00007e4fb99ec868: ;   {runtime_call UncommonTrapBlob}
  0x00007e4fb99ec868: c5f8 77e8 

  0x00007e4fb99ec86c: ; ImmutableOopMap {}
                      ;*arraylength {reexecute=0 rethrow=0 return_oop=0}
                      ; - java.lang.StringUTF16::hashCode@3 (line 416)
                      ; - java.lang.String::hashCode@37 (line 2345)
                      ; - com.intellij.codeWithMe.ClientId::hashCode@4
                      ; - java.util.concurrent.ConcurrentHashMap::get@1 (line 936)
                      ; - com.intellij.openapi.client.ClientSessionsManager::getSession@11 (line 72)
                      ; - com.intellij.openapi.client.ClientAwareComponentManager::postGetService@93 (line 44)
                      ; - com.intellij.serviceContainer.ComponentManagerImpl::getServiceIfCreated@21 (line 714)
                      ; - com.intellij.ide.IdeEventQueue::_dispatchEvent@346 (line 1271)
  0x00007e4fb99ec86c: 901a bafe 

  0x00007e4fb99ec870: ;   {internal_word}
  0x00007e4fb99ec870: 49ba a78f | 9eb9 4f7e | 0000 4d89 | 9760 0300 

  0x00007e4fb99ec880: ;   {runtime_call SafepointBlob}
  0x00007e4fb99ec880: 00e9 7a2b | bafe f4f4 | f4f4 f4f4 | f4f4 f4f4 | f4f4 f4f4 | f4f4 f4f4 | f4f4 f4f4 | f4f4 f4f4 
[Stub Code]
  0x00007e4fb99ec8a0: ;   {no_reloc}
  0x00007e4fb99ec8a0: 48bb 28c5 | a4a5 4f7e 

  0x00007e4fb99ec8a8: ;   {runtime_call I2C/C2I adapters}
  0x00007e4fb99ec8a8: 0000 e9a1 

  0x00007e4fb99ec8ac: ;   {static_stub}
  0x00007e4fb99ec8ac: 0eba fe48 | bb30 c7a4 | a54f 7e00 

  0x00007e4fb99ec8b8: ;   {runtime_call I2C/C2I adapters}
  0x00007e4fb99ec8b8: 00e9 920e 

  0x00007e4fb99ec8bc: ;   {static_stub}
  0x00007e4fb99ec8bc: bafe 48bb | 0000 0000 | 0000 0000 

  0x00007e4fb99ec8c8: ;   {runtime_call}
  0x00007e4fb99ec8c8: e9fb ffff 

  0x00007e4fb99ec8cc: ;   {static_stub}
  0x00007e4fb99ec8cc: ff48 bb00 | 0000 0000 

  0x00007e4fb99ec8d4: ;   {runtime_call}
  0x00007e4fb99ec8d4: 0000 00e9 | fbff ffff 

  0x00007e4fb99ec8dc: ;   {static_stub}
  0x00007e4fb99ec8dc: 48bb 0000 | 0000 0000 

  0x00007e4fb99ec8e4: ;   {runtime_call}
  0x00007e4fb99ec8e4: 0000 e9fb 

  0x00007e4fb99ec8e8: ;   {static_stub}
  0x00007e4fb99ec8e8: ffff ff48 | bbd8 5c68 | 0c4f 7e00 

  0x00007e4fb99ec8f4: ;   {runtime_call I2C/C2I adapters}
  0x00007e4fb99ec8f4: 00e9 560e 

  0x00007e4fb99ec8f8: ;   {static_stub}
  0x00007e4fb99ec8f8: bafe 48bb | 0000 0000 | 0000 0000 

  0x00007e4fb99ec904: ;   {runtime_call}
  0x00007e4fb99ec904: e9fb ffff 

  0x00007e4fb99ec908: ;   {static_stub}
  0x00007e4fb99ec908: ff48 bb00 | 0000 0000 

  0x00007e4fb99ec910: ;   {runtime_call}
  0x00007e4fb99ec910: 0000 00e9 | fbff ffff 

  0x00007e4fb99ec918: ;   {static_stub}
  0x00007e4fb99ec918: 48bb 0000 | 0000 0000 

  0x00007e4fb99ec920: ;   {runtime_call}
  0x00007e4fb99ec920: 0000 e9fb 

  0x00007e4fb99ec924: ;   {static_stub}
  0x00007e4fb99ec924: ffff ff48 | bb00 0000 | 0000 0000 

  0x00007e4fb99ec930: ;   {runtime_call}
  0x00007e4fb99ec930: 00e9 fbff 

  0x00007e4fb99ec934: ;   {static_stub}
  0x00007e4fb99ec934: ffff 48bb | 48fe bd0c | 4f7e 0000 

  0x00007e4fb99ec940: ;   {runtime_call I2C/C2I adapters}
  0x00007e4fb99ec940: e90f 17ba 

  0x00007e4fb99ec944: ;   {static_stub}
  0x00007e4fb99ec944: fe48 bb00 | 0000 0000 

  0x00007e4fb99ec94c: ;   {runtime_call}
  0x00007e4fb99ec94c: 0000 00e9 | fbff ffff 

  0x00007e4fb99ec954: ;   {static_stub}
  0x00007e4fb99ec954: 48bb 0000 | 0000 0000 

  0x00007e4fb99ec95c: ;   {runtime_call}
  0x00007e4fb99ec95c: 0000 e9fb 

  0x00007e4fb99ec960: ;   {static_stub}
  0x00007e4fb99ec960: ffff ff48 | bb00 0000 | 0000 0000 

  0x00007e4fb99ec96c: ;   {runtime_call}
  0x00007e4fb99ec96c: 00e9 fbff 

  0x00007e4fb99ec970: ;   {static_stub}
  0x00007e4fb99ec970: ffff 48bb | 0000 0000 | 0000 0000 

  0x00007e4fb99ec97c: ;   {runtime_call}
  0x00007e4fb99ec97c: e9fb ffff 

  0x00007e4fb99ec980: ;   {static_stub}
  0x00007e4fb99ec980: ff48 bb00 | 0000 0000 

  0x00007e4fb99ec988: ;   {runtime_call}
  0x00007e4fb99ec988: 0000 00e9 | fbff ffff 

  0x00007e4fb99ec990: ;   {static_stub}
  0x00007e4fb99ec990: 48bb 0000 | 0000 0000 

  0x00007e4fb99ec998: ;   {runtime_call}
  0x00007e4fb99ec998: 0000 e9fb 

  0x00007e4fb99ec99c: ;   {static_stub}
  0x00007e4fb99ec99c: ffff ff48 | bb00 0000 | 0000 0000 

  0x00007e4fb99ec9a8: ;   {runtime_call}
  0x00007e4fb99ec9a8: 00e9 fbff 

  0x00007e4fb99ec9ac: ;   {static_stub}
  0x00007e4fb99ec9ac: ffff 48bb | 0000 0000 | 0000 0000 

  0x00007e4fb99ec9b8: ;   {runtime_call}
  0x00007e4fb99ec9b8: e9fb ffff 

  0x00007e4fb99ec9bc: ;   {static_stub}
  0x00007e4fb99ec9bc: ff48 bb00 | 0000 0000 

  0x00007e4fb99ec9c4: ;   {runtime_call}
  0x00007e4fb99ec9c4: 0000 00e9 | fbff ffff 

  0x00007e4fb99ec9cc: ;   {static_stub}
  0x00007e4fb99ec9cc: 48bb 0000 | 0000 0000 

  0x00007e4fb99ec9d4: ;   {runtime_call}
  0x00007e4fb99ec9d4: 0000 e9fb 

  0x00007e4fb99ec9d8: ;   {static_stub}
  0x00007e4fb99ec9d8: ffff ff48 | bb00 0000 | 0000 0000 

  0x00007e4fb99ec9e4: ;   {runtime_call}
  0x00007e4fb99ec9e4: 00e9 fbff 

  0x00007e4fb99ec9e8: ;   {static_stub}
  0x00007e4fb99ec9e8: ffff 48bb | 0000 0000 | 0000 0000 

  0x00007e4fb99ec9f4: ;   {runtime_call}
  0x00007e4fb99ec9f4: e9fb ffff 

  0x00007e4fb99ec9f8: ;   {runtime_call ExceptionBlob}
  0x00007e4fb99ec9f8: ffe9 02f3 | bafe e800 | 0000 0048 | 832c 2405 

  0x00007e4fb99eca08: ;   {runtime_call DeoptimizationBlob}
  0x00007e4fb99eca08: e993 1cba | fef4 f4f4 
[/MachCode]


Compiled method (c2) 4245014 49677   !   4       com.intellij.openapi.progress.impl.CoreProgressManager::computePrioritized (106 bytes)
 total in heap  [0x00007e4fb9a3f990,0x00007e4fb9a42740] = 11696
 relocation     [0x00007e4fb9a3faf0,0x00007e4fb9a3fc78] = 392
 main code      [0x00007e4fb9a3fc80,0x00007e4fb9a41420] = 6048
 stub code      [0x00007e4fb9a41420,0x00007e4fb9a41470] = 80
 oops           [0x00007e4fb9a41470,0x00007e4fb9a41490] = 32
 metadata       [0x00007e4fb9a41490,0x00007e4fb9a41620] = 400
 scopes data    [0x00007e4fb9a41620,0x00007e4fb9a42058] = 2616
 scopes pcs     [0x00007e4fb9a42058,0x00007e4fb9a42568] = 1296
 dependencies   [0x00007e4fb9a42568,0x00007e4fb9a425e8] = 128
 handler table  [0x00007e4fb9a425e8,0x00007e4fb9a42648] = 96
 nul chk table  [0x00007e4fb9a42648,0x00007e4fb9a42740] = 248

[Constant Pool (empty)]

[MachCode]
[Entry Point]
  # {method} {0x00007e4fa737a448} 'computePrioritized' '(Lcom/intellij/openapi/util/ThrowableComputable;)Ljava/lang/Object;' in 'com/intellij/openapi/progress/impl/CoreProgressManager'
  # this:     rsi:rsi   = 'com/intellij/openapi/progress/impl/CoreProgressManager'
  # parm0:    rdx:rdx   = 'com/intellij/openapi/util/ThrowableComputable'
  #           [sp+0x60]  (sp of caller)
  0x00007e4fb9a3fc80: 448b 5608 | 49c1 e203 

  0x00007e4fb9a3fc88: ;   {runtime_call ic_miss_stub}
  0x00007e4fb9a3fc88: 493b c20f | 85ef 8db4 | fe66 6690 | 0f1f 8400 | 0000 0000 | 6666 6690 
[Verified Entry Point]
  0x00007e4fb9a3fca0: 8984 2400 | c0fe ff55 | 4883 ec50 | 4c8b d68b | 4a08 448b | 4e1c 4d8b | 9f88 0200 | 004d 8b1b 
  0x00007e4fb9a3fcc0: ; implicit exception: dispatches to 0x00007e4fb9a41180
  0x00007e4fb9a3fcc0: 418b 5908 

  0x00007e4fb9a3fcc4: ;   {metadata('java/util/concurrent/ConcurrentHashMap$KeySetView')}
  0x00007e4fb9a3fcc4: 81fb a58a | 0220 0f85 | 8c0f 0000 | 4d8b c145 | 8b48 0c45 | 85c9 660f | 1f44 0000 | 0f84 f30e 
  0x00007e4fb9a3fce4: 0000 4d8b | 0349 8bd8 | 4883 e307 | 4883 fb01 | 0f85 2b0e | 0000 49c1 | e808 418b | c081 e0ff 
  0x00007e4fb9a3fd04: ffff 7f85 | c00f 8416 | 0e00 0045 | 8b49 2845 | 8b42 0845 | 85c9 660f | 1f44 0000 | 0f84 2c0c 
  0x00007e4fb9a3fd24: 0000 4489 | 4424 044c | 895c 2430 | 890c 2449 | 8bca 4889 | 5424 1045 | 8b41 0c44 | 8bd0 41c1 
  0x00007e4fb9a3fd44: ea10 4433 | d041 81e2 | ffff ff7f | 4585 c00f | 866c 1100 | 0041 ffc8 | 4523 c24d | 63d8 478b 
  0x00007e4fb9a3fd64: 4c99 1045 | 85c9 752c 

  0x00007e4fb9a3fd6c: ;   {oop(a 'java/lang/Boolean'{0x00000000aaac5f80} = false)}
  0x00007e4fb9a3fd6c: 48bb 805f | acaa 0000 | 0000 4533 

  0x00007e4fb9a3fd78: ;   {oop(a 'com/intellij/openapi/progress/impl/CoreProgressManager$CheckCanceledBehavior'{0x00000000ad622c10})}
  0x00007e4fb9a3fd78: c949 bd10 | 2c62 ad00 | 0000 004c | 8bd1 8b0c | 244c 8b5c | 2430 448b | 4424 04e9 | 6501 0000 
  0x00007e4fb9a3fd98: 458b 410c | 0f1f 4000 | 453b c20f | 84fc 0000 | 0045 85c0 | 0f8c df0d | 0000 418b 

  0x00007e4fb9a3fdb4: ;   {oop(a 'java/lang/Boolean'{0x00000000aaac5f80} = false)}
  0x00007e4fb9a3fdb4: 7918 48bb | 805f acaa | 0000 0000 

  0x00007e4fb9a3fdc0: ;   {oop(a 'com/intellij/openapi/progress/impl/CoreProgressManager$CheckCanceledBehavior'{0x00000000ad622c10})}
  0x00007e4fb9a3fdc0: 4533 c949 | bd10 2c62 | ad00 0000 | 0085 ff75 | 1a48 8b54 | 2410 4c8b | d18b 0c24 | 4c8b 5c24 
  0x00007e4fb9a3fde0: 3044 8b44 | 2404 e912 | 0100 004c | 8bdf 418b | f14d 8bcb | 4d8b 9f50 | 0300 0045 

  0x00007e4fb9a3fdfc: ; ImmutableOopMap {r9=Oop rcx=Oop rbx=Oop r13=Oop [16]=Oop [48]=Oop }
                      ;*if_icmpne {reexecute=1 rethrow=0 return_oop=0}
                      ; - (reexecute) java.util.concurrent.ConcurrentHashMap::get@127 (line 946)
                      ; - java.util.concurrent.ConcurrentHashMap::containsKey@2 (line 964)
                      ; - java.util.concurrent.ConcurrentHashMap$KeySetView::contains@5 (line 4615)
                      ; - com.intellij.openapi.progress.impl.CoreProgressManager::isCurrentThreadPrioritized@7 (line 871)
                      ; - com.intellij.openapi.progress.impl.CoreProgressManager::computePrioritized@14 (line 832)
                      ;   {poll}
  0x00007e4fb9a3fdfc: 8b41 0c41 | 8503 418b | 7918 453b | c274 2685 | ff75 1d48 | 8b54 2410 | 4c8b d18b | 0c24 4c8b 
  0x00007e4fb9a3fe1c: 5c24 3044 | 8b44 2404 | 448b cee9 | d100 0000 | 4c8b cfeb | c341 8b69 | 104c 8bdd | 4c8b 4424 
  0x00007e4fb9a3fe3c: 3066 6690 | 4d3b d874 | 3985 ed0f | 84ef 1100 | 004d 8b87 | 5003 0000 | 488b d54c | 8b5c 2430 
  0x00007e4fb9a3fe5c: 4c3b da41 | bb01 0000 | 0044 0f45 

  0x00007e4fb9a3fe68: ; ImmutableOopMap {r9=Oop rcx=Oop rbx=Oop rdi=NarrowOop rdx=Oop r13=Oop [16]=Oop [48]=Oop }
                      ;*ifeq {reexecute=1 rethrow=0 return_oop=0}
                      ; - (reexecute) java.util.concurrent.ConcurrentHashMap::get@152 (line 947)
                      ; - java.util.concurrent.ConcurrentHashMap::containsKey@2 (line 964)
                      ; - java.util.concurrent.ConcurrentHashMap$KeySetView::contains@5 (line 4615)
                      ; - com.intellij.openapi.progress.impl.CoreProgressManager::isCurrentThreadPrioritized@7 (line 871)
                      ; - com.intellij.openapi.progress.impl.CoreProgressManager::computePrioritized@14 (line 832)
                      ;   {poll}
  0x00007e4fb9a3fe68: de41 8500 | 4c8b 5c24 | 304c 3bda | 7408 448b | cee9 4fff | ffff 453b | 6114 0f85 | f60c 0000 
  0x00007e4fb9a3fe88: 488b 5424 | 104c 8bd1 | 8b0c 244c | 8b5c 2430 | 448b 4424 | 0444 8bce | e958 0000 | 0045 8b59 
  0x00007e4fb9a3fea8: 104d 8bc3 | 488b 5c24 | 304c 3bc3 | 7413 4585 | db0f 8455 | 1100 0090 | 493b db0f | 85e9 feff 
  0x00007e4fb9a3fec8: ff45 8b51 | 1445 85d2 | 0f85 8f0c 

  0x00007e4fb9a3fed4: ;   {oop(a 'java/lang/Boolean'{0x00000000aaac5f80} = false)}
  0x00007e4fb9a3fed4: 0000 48bb | 805f acaa | 0000 0000 

  0x00007e4fb9a3fee0: ;   {oop(a 'com/intellij/openapi/progress/impl/CoreProgressManager$CheckCanceledBehavior'{0x00000000ad622c10})}
  0x00007e4fb9a3fee0: 4533 c949 | bd10 2c62 | ad00 0000 | 004c 8bd1 | 8b0c 244c | 8b5c 2430 | 448b 4424 | 0441 8b42 
  0x00007e4fb9a3ff00: 1c8b 7808 

  0x00007e4fb9a3ff04: ;   {metadata('java/util/concurrent/ConcurrentHashMap$KeySetView')}
  0x00007e4fb9a3ff04: 81ff a58a | 0220 0f85 | 780d 0000 | 488b f88b | 770c 8b46 | 3048 8b7e | 1866 6690 | 85c0 0f85 
  0x00007e4fb9a3ff24: c40f 0000 | 4885 ff0f | 8fd3 0c00 | 004c 896c | 2418 4489 | 4c24 0848 | 8beb 4489 | 4424 044c 
  0x00007e4fb9a3ff44: 895c 2430 | 890c 2449 | 8bda 4889 | 5424 1066 | 0f1f 8400 | 0000 0000 | 6666 6690 | 49ba 9047 
  0x00007e4fb9a3ff64: 63d2 4f7e | 0000 41ff | d248 8943 | 10f0 8344 | 24c0 0044 | 8b53 200f | 1f44 0000 

  0x00007e4fb9a3ff80: ; implicit exception: dispatches to 0x00007e4fb9a411c8
  0x00007e4fb9a3ff80: 458b 5a0c | 4585 db0f | 8f41 0000 | 0044 8b5b | 1c45 8b43 | 0866 6666 | 0f1f 8400 | 0000 0000 
  0x00007e4fb9a3ffa0: ;   {metadata('java/util/concurrent/ConcurrentHashMap$KeySetView')}
  0x00007e4fb9a3ffa0: 4181 f8a5 | 8a02 200f | 8537 0d00 | 004d 8bd3 | 458b 520c 

  0x00007e4fb9a3ffb4: ; implicit exception: dispatches to 0x00007e4fb9a4123c
  0x00007e4fb9a3ffb4: 458b 5a30 | 4d8b 5218 | 0f1f 4000 | 4585 db0f | 856f 0f00 | 004d 85d2 | 7f0d 41ba | 0100 0000 
  0x00007e4fb9a3ffd4: 4489 5424 | 38eb 0845 | 33db 4489 | 5c24 3844 | 8b53 1c48 | 895c 2420 

  0x00007e4fb9a3ffec: ; implicit exception: dispatches to 0x00007e4fb9a411d8
  0x00007e4fb9a3ffec: 458b 4208 

  0x00007e4fb9a3fff0: ;   {metadata('java/util/concurrent/ConcurrentHashMap$KeySetView')}
  0x00007e4fb9a3fff0: 4181 f8a5 | 8a02 200f | 85a7 0c00 | 004d 8bda | 458b 5310 | 4585 d20f | 84ff 0e00 | 0045 8b43 
  0x00007e4fb9a40010: 0c45 85c0 | 0f84 0e0c | 0000 498b | ca49 8bf0 | 488b 5424 | 3041 b801 

  0x00007e4fb9a40028: ;   {optimized virtual_call}
  0x00007e4fb9a40028: 0000 00e8 

  0x00007e4fb9a4002c: ; ImmutableOopMap {rbp=Oop [16]=Oop [24]=Oop [32]=Oop [48]=Oop }
                      ;*invokevirtual putVal {reexecute=0 rethrow=0 return_oop=1}
                      ; - java.util.concurrent.ConcurrentHashMap$KeySetView::add@24 (line 4652)
                      ; - com.intellij.openapi.progress.impl.CoreProgressManager::lambda$computePrioritized$17@5 (line 840)
                      ; - com.intellij.openapi.progress.impl.CoreProgressManager$$Lambda$1050/0x0000000100bdc000::compute@8
                      ; - com.intellij.openapi.progress.impl.CoreProgressManager::changePrioritizing@38 (line 854)
                      ; - com.intellij.openapi.progress.impl.CoreProgressManager::computePrioritized@54 (line 840)
  0x00007e4fb9a4002c: b073 41ff | 4c8b 4424 | 2045 8b58 | 200f 1f80 | 0000 0000 

  0x00007e4fb9a40040: ; implicit exception: dispatches to 0x00007e4fb9a411f8
  0x00007e4fb9a40040: 458b 530c 

  0x00007e4fb9a40044: ;   {oop(a 'java/lang/Boolean'{0x00000000aaac5f70} = true)}
  0x00007e4fb9a40044: 4885 c049 | bb70 5fac | aa00 0000 | 004c 8bcd | 4d0f 45d9 | 4585 d20f | 1f44 0000 | 0f8f 3500 
  0x00007e4fb9a40064: 0000 498b | cb45 8b50 | 1c45 8b5a 

  0x00007e4fb9a40070: ;   {metadata('java/util/concurrent/ConcurrentHashMap$KeySetView')}
  0x00007e4fb9a40070: 0841 81fb | a58a 0220 | 0f85 920c | 0000 418b | 5a0c 448b | 5b30 4c8b | 5318 4585 | db0f 85cd 
  0x00007e4fb9a40090: 0e00 004d | 85d2 7f0b | 4c8b d941 | ba01 0000 | 00eb 0645 | 33d2 4c8b | d98b 5c24 | 3885 db0f 
  0x00007e4fb9a400b0: 8570 0200 | 0045 85d2 | 0f84 1e0f | 0000 448b 

  0x00007e4fb9a400c0: ;   {metadata('com/intellij/openapi/progress/impl/ProgressManagerImpl')}
  0x00007e4fb9a400c0: 5424 0441 | 81fa 40a1 | 1520 0f85 | a00c 0000 | 4c89 5c24 | 384c 894c | 2428 498b | e844 8865 
  0x00007e4fb9a400e0: 24f0 8344 

  0x00007e4fb9a400e4: ;   {oop(a 'java/util/HashMap'{0x00000000ac4f2768})}
  0x00007e4fb9a400e4: 24c0 0049 | b868 274f | ac00 0000 | 0048 8d5c | 2440 498b | 0048 f7c0 | 0200 0000 | 7524 4883 
  0x00007e4fb9a40104: c801 4889 | 03f0 490f | b118 0f84 | 3e00 0000 | 482b c448 | 81e0 07f0 | ffff 4889 | 03e9 2c00 
  0x00007e4fb9a40124: 0000 4c8b | d048 33c0 | f04d 0fb1 | 7a3e 48c7 | 0303 0000 | 000f 8413 | 0000 004c | 3bf8 0f85 
  0x00007e4fb9a40144: 0a00 0000 | 49ff 8286 | 0000 0048 | 33c0 0f85 | 380c 0000 

  0x00007e4fb9a40158: ;   {oop(a 'java/util/HashSet'{0x00000000ad622c00})}
  0x00007e4fb9a40158: 49ba 002c | 62ad 0000 | 0000 458b | 5a0c 418b | 4b14 440f | b655 2445 | 85d2 0f84 | 3208 0000 
  0x00007e4fb9a40178: 85c9 660f | 1f44 0000 | 0f85 e807 

  0x00007e4fb9a40184: ;   {oop(a 'com/intellij/openapi/progress/impl/CoreProgressManager$CheckCanceledBehavior'{0x00000000ad700658})}
  0x00007e4fb9a40184: 0000 49ba | 5806 70ad | 0000 0000 

  0x00007e4fb9a40190: ;   {oop(a 'java/lang/Class'{0x00000000ac4f0530} = 'com/intellij/openapi/progress/impl/CoreProgressManager')}
  0x00007e4fb9a40190: 4d8b da49 | ba30 054f | ac00 0000 | 0045 899a | 8800 0000 | 49c1 ea09 | 49bb 0020 | c2d0 4f7e 
  0x00007e4fb9a401b0: 0000 4788 | 2413 f083 | 4424 c000 

  0x00007e4fb9a401bc: ;   {oop(a 'java/util/HashMap'{0x00000000ac4f2768})}
  0x00007e4fb9a401bc: 49bb 6827 | 4fac 0000 | 0000 488d | 4424 4048 | 8138 0000 | 0000 0f84 | 8300 0000 | 4d8b 1349 
  0x00007e4fb9a401dc: f7c2 0200 | 0000 746f | 4981 ba86 | 0000 0000 | 0000 0074 | 0949 ff8a | 8600 0000 | eb51 498b 
  0x00007e4fb9a401fc: 8296 0000 | 0049 0b82 | 8e00 0000 | 750a 49c7 | 423e 0000 | 0000 eb47 | 4981 ba9e | 0000 0000 
  0x00007e4fb9a4021c: 0000 0074 | 2548 33c0 | 49c7 423e | 0000 0000 | f083 0424 | 0049 81ba | 9e00 0000 | 0000 0000 
  0x00007e4fb9a4023c: 750d f04d | 0fb1 7a3e | 7505 83c8 | 01eb 10f7 | c000 0000 | 00eb 084c | 8b10 f04d | 0fb1 130f 
  0x00007e4fb9a4025c: 1f44 0000 | 0f85 430b | 0000 4c8b | 4424 204c | 8b4c 2428 | bd01 0000 | 0044 8b5c | 2408 488b 
  0x00007e4fb9a4027c: 7c24 188b 

  0x00007e4fb9a40280: ;   {metadata('com/intellij/ide/IdeEventQueue$dispatchEvent$processEventRunnable$1$1$1')}
  0x00007e4fb9a40280: 0c24 81f9 | 818f 1720 | 0f85 ea09 | 0000 4c8b | 5424 1041 | 8b5a 0c45 | 8b52 1085 | db66 6690 
  0x00007e4fb9a402a0: 0f84 4a09 | 0000 4889 | 7c24 1844 | 891c 244c | 894c 2410 | 4c89 4424 | 0849 8bd2 

  0x00007e4fb9a402bc: ;   {optimized virtual_call}
  0x00007e4fb9a402bc: 488b f3e8 

  0x00007e4fb9a402c0: ; ImmutableOopMap {[8]=Oop [16]=Oop [24]=Oop [48]=Oop }
                      ;*invokespecial _dispatchEvent {reexecute=0 rethrow=0 return_oop=0}
                      ; - com.intellij.ide.IdeEventQueue::access$_dispatchEvent@2 (line 77)
                      ; - com.intellij.ide.IdeEventQueue$dispatchEvent$processEventRunnable$1$1$1::compute@8 (line 362)
                      ; - com.intellij.ide.IdeEventQueue$dispatchEvent$processEventRunnable$1$1$1::compute@1 (line 361)
                      ; - com.intellij.openapi.progress.impl.CoreProgressManager::computePrioritized@59 (line 843)
  0x00007e4fb9a402c0: 1c8c faff | 85ed 0f84 | a804 0000 | 4c8b 5424 | 0845 8b5a | 2045 8b43 | 0c45 85c0 | 0f1f 4000 
  0x00007e4fb9a402e0: 0f8f 0c02 | 0000 458b | 421c 458b 

  0x00007e4fb9a402ec: ;   {metadata('java/util/concurrent/ConcurrentHashMap$KeySetView')}
  0x00007e4fb9a402ec: 5808 4181 | fba5 8a02 | 200f 8539 | 0a00 004d | 8bd8 458b | 5b0c 458b | 4330 4d8b | 5b18 4585 
  0x00007e4fb9a4030c: c00f 8581 | 0c00 004d | 85db 0f8e | d601 0000 | 4533 db90 | e9d3 0100 | 0045 85d2 | 0f85 42ff 
  0x00007e4fb9a4032c: ffff 448b | 5424 0466 | 0f1f 8400 | 0000 0000 | 6666 6690 

  0x00007e4fb9a40340: ;   {metadata('com/intellij/openapi/progress/impl/ProgressManagerImpl')}
  0x00007e4fb9a40340: 4181 fa40 | a115 200f | 85e5 0a00 | 004c 895c | 2438 4c89 | 4c24 2849 | 8be8 c645 | 2401 f083 
  0x00007e4fb9a40360: 4424 c000 

  0x00007e4fb9a40364: ;   {oop(a 'java/util/HashMap'{0x00000000ac4f2768})}
  0x00007e4fb9a40364: 49b8 6827 | 4fac 0000 | 0000 488d | 5c24 4049 | 8b00 48f7 | c002 0000 | 0075 2448 | 83c8 0148 
  0x00007e4fb9a40384: 8903 f049 | 0fb1 180f | 843e 0000 | 0048 2bc4 | 4881 e007 | f0ff ff48 | 8903 e92c | 0000 004c 
  0x00007e4fb9a403a4: 8bd8 4833 | c0f0 4d0f | b17b 3e48 | c703 0300 | 0000 0f84 | 1300 0000 | 4c3b f80f | 850a 0000 
  0x00007e4fb9a403c4: 0049 ff83 | 8600 0000 | 4833 c00f | 857b 0a00 

  0x00007e4fb9a403d4: ;   {oop(a 'java/util/HashSet'{0x00000000ad622c00})}
  0x00007e4fb9a403d4: 0049 ba00 | 2c62 ad00 | 0000 0045 | 8b5a 0c41 | 8b4b 1444 | 0fb6 5524 | 4585 d20f | 8470 0600 
  0x00007e4fb9a403f4: 0085 c90f | 858f 0500 

  0x00007e4fb9a403fc: ;   {oop(a 'com/intellij/openapi/progress/impl/CoreProgressManager$CheckCanceledBehavior'{0x00000000ad700658})}
  0x00007e4fb9a403fc: 0049 ba58 | 0670 ad00 | 0000 004d 

  0x00007e4fb9a40408: ;   {oop(a 'java/lang/Class'{0x00000000ac4f0530} = 'com/intellij/openapi/progress/impl/CoreProgressManager')}
  0x00007e4fb9a40408: 8bda 49ba | 3005 4fac | 0000 0000 | 4589 9a88 | 0000 0049 | c1ea 0949 | bb00 20c2 | d04f 7e00 
  0x00007e4fb9a40428: 0047 8824 | 13f0 8344 

  0x00007e4fb9a40430: ;   {oop(a 'java/util/HashMap'{0x00000000ac4f2768})}
  0x00007e4fb9a40430: 24c0 0049 | bb68 274f | ac00 0000 | 0048 8d44 | 2440 4881 | 3800 0000 | 000f 8483 | 0000 004d 
  0x00007e4fb9a40450: 8b13 49f7 | c202 0000 | 0074 6f49 | 81ba 8600 | 0000 0000 | 0000 7409 | 49ff 8a86 | 0000 00eb 
  0x00007e4fb9a40470: 5149 8b82 | 9600 0000 | 490b 828e | 0000 0075 | 0a49 c742 | 3e00 0000 | 00eb 4749 | 81ba 9e00 
  0x00007e4fb9a40490: 0000 0000 | 0000 7425 | 4833 c049 | c742 3e00 | 0000 00f0 | 8304 2400 | 4981 ba9e | 0000 0000 
  0x00007e4fb9a404b0: 0000 0075 | 0df0 4d0f | b17a 3e75 | 0583 c801 | eb10 f7c0 | 0000 0000 | eb08 4c8b | 10f0 4d0f 
  0x00007e4fb9a404d0: b113 0f85 | 9109 0000 | 4c8b 4424 | 204c 8b4c | 2428 e989 | fdff ff41 | b801 0000 | 00e9 c400 
  0x00007e4fb9a404f0: 0000 41bb | 0100 0000 | 458b 4a1c | 0f1f 4000 

  0x00007e4fb9a40500: ; implicit exception: dispatches to 0x00007e4fb9a41214
  0x00007e4fb9a40500: 458b 4108 

  0x00007e4fb9a40504: ;   {metadata('java/util/concurrent/ConcurrentHashMap$KeySetView')}
  0x00007e4fb9a40504: 4181 f8a5 | 8a02 200f | 85bb 0700 | 004d 8bc1 | 458b 400c | 4585 c00f | 1f44 0000 | 0f84 2a07 
  0x00007e4fb9a40524: 0000 4489 | 5c24 0849 | 8bea 498b | f048 8b54 | 2430 33c9 

  0x00007e4fb9a40538: ;   {optimized virtual_call}
  0x00007e4fb9a40538: 4533 c0e8 

  0x00007e4fb9a4053c: ; ImmutableOopMap {rbp=Oop [16]=Oop [24]=Oop }
                      ;*invokevirtual replaceNode {reexecute=0 rethrow=0 return_oop=1}
                      ; - java.util.concurrent.ConcurrentHashMap::remove@4 (line 1102)
                      ; - java.util.concurrent.ConcurrentHashMap$KeySetView::remove@5 (line 4626)
                      ; - com.intellij.openapi.progress.impl.CoreProgressManager::lambda$computePrioritized$18@5 (line 847)
                      ; - com.intellij.openapi.progress.impl.CoreProgressManager$$Lambda$1055/0x0000000100bdb7c0::compute@8
                      ; - com.intellij.openapi.progress.impl.CoreProgressManager::changePrioritizing@38 (line 854)
                      ; - com.intellij.openapi.progress.impl.CoreProgressManager::computePrioritized@78 (line 847)
  0x00007e4fb9a4053c: c0dd e6ff | 4c8b cd45 | 8b59 2045 | 8b5b 0c48 | 85c0 4c8b 

  0x00007e4fb9a40550: ;   {oop(a 'java/lang/Boolean'{0x00000000aaac5f70} = true)}
  0x00007e4fb9a40550: 5424 1049 | b870 5fac | aa00 0000 | 004d 0f45 | d045 85db | 0f8f 7dff | ffff 458b | 411c 458b 
  0x00007e4fb9a40570: 5808 6666 | 0f1f 8400 | 0000 0000 | 6666 6690 

  0x00007e4fb9a40580: ;   {metadata('java/util/concurrent/ConcurrentHashMap$KeySetView')}
  0x00007e4fb9a40580: 4181 fba5 | 8a02 200f | 85bb 0700 | 004d 8bd8 | 418b 4b0c 

  0x00007e4fb9a40594: ; implicit exception: dispatches to 0x00007e4fb9a41290
  0x00007e4fb9a40594: 448b 5930 | 4c8b 4118 | 0f1f 4000 | 4585 db0f | 8507 0a00 | 004d 85c0 | 0f8e 35ff | ffff 448b 
  0x00007e4fb9a405b4: 0424 448b | 5c24 080f | 1f44 0000 | 4585 db0f | 85c0 0100 | 0045 85c0 | 0f84 2e0a | 0000 448b 
  0x00007e4fb9a405d4: 5c24 0466 | 0f1f 8400 | 0000 0000 

  0x00007e4fb9a405e0: ;   {metadata('com/intellij/openapi/progress/impl/ProgressManagerImpl')}
  0x00007e4fb9a405e0: 4181 fb40 | a115 200f | 85e5 0700 | 0044 8865 | 24f0 8344 

  0x00007e4fb9a405f4: ;   {oop(a 'java/util/HashMap'{0x00000000ac4f2768})}
  0x00007e4fb9a405f4: 24c0 0049 | b968 274f | ac00 0000 | 0048 8d5c | 2440 498b | 0148 f7c0 | 0200 0000 | 7524 4883 
  0x00007e4fb9a40614: c801 4889 | 03f0 490f | b119 0f84 | 3e00 0000 | 482b c448 | 81e0 07f0 | ffff 4889 | 03e9 2c00 
  0x00007e4fb9a40634: 0000 4c8b | c048 33c0 | f04d 0fb1 | 783e 48c7 | 0303 0000 | 000f 8413 | 0000 004c | 3bf8 0f85 
  0x00007e4fb9a40654: 0a00 0000 | 49ff 8086 | 0000 0048 | 33c0 0f85 | 7c07 0000 

  0x00007e4fb9a40668: ;   {oop(a 'java/util/HashSet'{0x00000000ad622c00})}
  0x00007e4fb9a40668: 49bb 002c | 62ad 0000 | 0000 458b | 5b0c 458b | 4b14 440f | b645 2490 | 4585 c00f | 8480 0300 
  0x00007e4fb9a40688: 0045 85c9 | 0f85 eb02 

  0x00007e4fb9a40690: ;   {oop(a 'com/intellij/openapi/progress/impl/CoreProgressManager$CheckCanceledBehavior'{0x00000000ad700658})}
  0x00007e4fb9a40690: 0000 49ba | 5806 70ad | 0000 0000 

  0x00007e4fb9a4069c: ;   {oop(a 'java/lang/Class'{0x00000000ac4f0530} = 'com/intellij/openapi/progress/impl/CoreProgressManager')}
  0x00007e4fb9a4069c: 49bb 3005 | 4fac 0000 | 0000 4589 | 9388 0000 

  0x00007e4fb9a406ac: ;   {oop(a 'java/lang/Class'{0x00000000ac4f0530} = 'com/intellij/openapi/progress/impl/CoreProgressManager')}
  0x00007e4fb9a406ac: 0049 ba30 | 054f ac00 | 0000 0049 | c1ea 0949 | bb00 20c2 | d04f 7e00 | 0047 8824 | 13f0 8344 
  0x00007e4fb9a406cc: ;   {oop(a 'java/util/HashMap'{0x00000000ac4f2768})}
  0x00007e4fb9a406cc: 24c0 0049 | bb68 274f | ac00 0000 | 0048 8d44 | 2440 4881 | 3800 0000 | 000f 8483 | 0000 004d 
  0x00007e4fb9a406ec: 8b13 49f7 | c202 0000 | 0074 6f49 | 81ba 8600 | 0000 0000 | 0000 7409 | 49ff 8a86 | 0000 00eb 
  0x00007e4fb9a4070c: 5149 8b82 | 9600 0000 | 490b 828e | 0000 0075 | 0a49 c742 | 3e00 0000 | 00eb 4749 | 81ba 9e00 
  0x00007e4fb9a4072c: 0000 0000 | 0000 7425 | 4833 c049 | c742 3e00 | 0000 00f0 | 8304 2400 | 4981 ba9e | 0000 0000 
  0x00007e4fb9a4074c: 0000 0075 | 0df0 4d0f | b17a 3e75 | 0583 c801 | eb10 f7c0 | 0000 0000 | eb08 4c8b | 10f0 4d0f 
  0x00007e4fb9a4076c: b113 0f85 | 9106 0000 | 33c0 4883 

  0x00007e4fb9a40778: ;   {poll_return}
  0x00007e4fb9a40778: c450 5d49 | 3ba7 4803 | 0000 0f87 | 680c 0000 | c345 85c0 | 75e6 448b | 4424 0466 | 0f1f 8400 
  0x00007e4fb9a40798: 0000 0000 | 6666 6690 

  0x00007e4fb9a407a0: ;   {metadata('com/intellij/openapi/progress/impl/ProgressManagerImpl')}
  0x00007e4fb9a407a0: 4181 f840 | a115 200f | 85e5 0600 | 00c6 4524 | 01f0 8344 

  0x00007e4fb9a407b4: ;   {oop(a 'java/util/HashMap'{0x00000000ac4f2768})}
  0x00007e4fb9a407b4: 24c0 0049 | b968 274f | ac00 0000 | 0048 8d5c | 2440 498b | 0148 f7c0 | 0200 0000 | 7524 4883 
  0x00007e4fb9a407d4: c801 4889 | 03f0 490f | b119 0f84 | 3e00 0000 | 482b c448 | 81e0 07f0 | ffff 4889 | 03e9 2c00 
  0x00007e4fb9a407f4: 0000 4c8b | d848 33c0 | f04d 0fb1 | 7b3e 48c7 | 0303 0000 | 000f 8413 | 0000 004c | 3bf8 0f85 
  0x00007e4fb9a40814: 0a00 0000 | 49ff 8386 | 0000 0048 | 33c0 0f85 | 7c06 0000 

  0x00007e4fb9a40828: ;   {oop(a 'java/util/HashSet'{0x00000000ad622c00})}
  0x00007e4fb9a40828: 49bb 002c | 62ad 0000 | 0000 458b | 430c 458b | 4814 440f | b65d 2490 | 4585 db0f | 8480 0200 
  0x00007e4fb9a40848: 0045 85c9 | 0f85 4901 

  0x00007e4fb9a40850: ;   {oop(a 'com/intellij/openapi/progress/impl/CoreProgressManager$CheckCanceledBehavior'{0x00000000ad700658})}
  0x00007e4fb9a40850: 0000 49ba | 5806 70ad | 0000 0000 

  0x00007e4fb9a4085c: ;   {oop(a 'java/lang/Class'{0x00000000ac4f0530} = 'com/intellij/openapi/progress/impl/CoreProgressManager')}
  0x00007e4fb9a4085c: 4d8b da49 | ba30 054f | ac00 0000 | 0045 899a | 8800 0000 | 49c1 ea09 | 49bb 0020 | c2d0 4f7e 
  0x00007e4fb9a4087c: 0000 4788 | 2413 f083 | 4424 c000 

  0x00007e4fb9a40888: ;   {oop(a 'java/util/HashMap'{0x00000000ac4f2768})}
  0x00007e4fb9a40888: 49bb 6827 | 4fac 0000 | 0000 488d | 4424 4048 | 8138 0000 | 0000 0f84 | 8300 0000 | 4d8b 1349 
  0x00007e4fb9a408a8: f7c2 0200 | 0000 746f | 4981 ba86 | 0000 0000 | 0000 0074 | 0949 ff8a | 8600 0000 | eb51 498b 
  0x00007e4fb9a408c8: 8296 0000 | 0049 0b82 | 8e00 0000 | 750a 49c7 | 423e 0000 | 0000 eb47 | 4981 ba9e | 0000 0000 
  0x00007e4fb9a408e8: 0000 0074 | 2548 33c0 | 49c7 423e | 0000 0000 | f083 0424 | 0049 81ba | 9e00 0000 | 0000 0000 
  0x00007e4fb9a40908: 750d f04d | 0fb1 7a3e | 7505 83c8 | 01eb 10f7 | c000 0000 | 00eb 084c | 8b10 f04d | 0fb1 130f 
  0x00007e4fb9a40928: 8447 feff 

  0x00007e4fb9a4092c: ;   {oop(a 'java/util/HashMap'{0x00000000ac4f2768})}
  0x00007e4fb9a4092c: ff48 bf68 | 274f ac00 | 0000 0048 | 8d74 2440 | 498b d790 | 49ba 7007 | 6ed2 4f7e | 0000 41ff 
  0x00007e4fb9a4094c: d2e9 22fe 

  0x00007e4fb9a40950: ;   {oop(a 'java/lang/Boolean'{0x00000000aaac5f80} = false)}
  0x00007e4fb9a40950: ffff 48bb | 805f acaa | 0000 0000 

  0x00007e4fb9a4095c: ;   {oop(a 'com/intellij/openapi/progress/impl/CoreProgressManager$CheckCanceledBehavior'{0x00000000ad622c10})}
  0x00007e4fb9a4095c: 4533 c949 | bd10 2c62 | ad00 0000 | 00e9 8ff5 

  0x00007e4fb9a4096c: ;   {oop(a 'com/intellij/openapi/progress/impl/CoreProgressManager$CheckCanceledBehavior'{0x00000000ad700670})}
  0x00007e4fb9a4096c: ffff 49ba | 7006 70ad | 0000 0000 | e913 f8ff 

  0x00007e4fb9a4097c: ;   {oop(a 'com/intellij/openapi/progress/impl/CoreProgressManager$CheckCanceledBehavior'{0x00000000ad700670})}
  0x00007e4fb9a4097c: ff49 ba70 | 0670 ad00 | 0000 00e9 | 10fd ffff 

  0x00007e4fb9a4098c: ;   {oop(a 'com/intellij/openapi/progress/impl/CoreProgressManager$CheckCanceledBehavior'{0x00000000ad700670})}
  0x00007e4fb9a4098c: 49ba 7006 | 70ad 0000 | 0000 e96c 

  0x00007e4fb9a40998: ;   {oop(a 'com/intellij/openapi/progress/impl/CoreProgressManager$CheckCanceledBehavior'{0x00000000ad700670})}
  0x00007e4fb9a40998: faff ff49 | ba70 0670 | ad00 0000 | 00e9 b2fe | ffff 448b | 5d28 85c9 | 410f 95c2 | 450f b6d2 
  0x00007e4fb9a409b8: 0f1f 8400 | 0000 0000 

  0x00007e4fb9a409c0: ; implicit exception: dispatches to 0x00007e4fb9a412f8
  0x00007e4fb9a409c0: 458b 4308 

  0x00007e4fb9a409c4: ;   {metadata('java/util/concurrent/ConcurrentHashMap$KeySetView')}
  0x00007e4fb9a409c4: 4181 f8a5 | 8a02 200f | 858f 0600 | 0045 8b5b | 0c45 8b4b | 3049 8b6b | 1866 6690 | 4585 c90f 
  0x00007e4fb9a409e4: 85ef 0600 | 0048 85ed | 0f8f 86f7 | ffff 85c9 | 0f85 7ef7 

  0x00007e4fb9a409f8: ;   {oop(a 'com/intellij/openapi/progress/impl/CoreProgressManager$CheckCanceledBehavior'{0x00000000ad622c10})}
  0x00007e4fb9a409f8: ffff 49ba | 102c 62ad | 0000 0000 | e987 f7ff | ff44 8b45 | 2845 85c9 | 0f95 c10f | b6c9 458b 
  0x00007e4fb9a40a18: 5808 660f | 1f44 0000 

  0x00007e4fb9a40a20: ;   {metadata('java/util/concurrent/ConcurrentHashMap$KeySetView')}
  0x00007e4fb9a40a20: 4181 fba5 | 8a02 200f | 8557 0600 | 004d 8bd8 | 458b 430c 

  0x00007e4fb9a40a34: ; implicit exception: dispatches to 0x00007e4fb9a41348
  0x00007e4fb9a40a34: 418b 5830 | 498b 6818 | 0f1f 4000 | 85db 0f85 | b806 0000 | 4885 ed0f | 8f38 fcff | ff45 85c9 
  0x00007e4fb9a40a54: 0f85 2ffc | ffff 4c8b | 5424 1890 | e937 fcff | ff44 8b4d | 2885 c941 | 0f95 c245 | 0fb6 d245 
  0x00007e4fb9a40a74: 8b41 0866 | 0f1f 8400 | 0000 0000 

  0x00007e4fb9a40a80: ;   {metadata('java/util/concurrent/ConcurrentHashMap$KeySetView')}
  0x00007e4fb9a40a80: 4181 f8a5 | 8a02 200f | 850f 0600 | 004d 8bd9 | 458b 430c 

  0x00007e4fb9a40a94: ; implicit exception: dispatches to 0x00007e4fb9a41378
  0x00007e4fb9a40a94: 458b 5830 | 498b 6818 | 0f1f 4000 | 4585 db0f | 856f 0600 | 0048 85ed | 0f8f 43f9 | ffff 85c9 
  0x00007e4fb9a40ab4: 0f85 3bf9 

  0x00007e4fb9a40ab8: ;   {oop(a 'com/intellij/openapi/progress/impl/CoreProgressManager$CheckCanceledBehavior'{0x00000000ad622c10})}
  0x00007e4fb9a40ab8: ffff 49ba | 102c 62ad | 0000 0000 | e93e f9ff | ff44 8b5d | 2845 85c9 | 0f95 c10f | b6c9 458b 
  0x00007e4fb9a40ad8: 4308 660f | 1f44 0000 

  0x00007e4fb9a40ae0: ;   {metadata('java/util/concurrent/ConcurrentHashMap$KeySetView')}
  0x00007e4fb9a40ae0: 4181 f8a5 | 8a02 200f | 85d3 0500 | 0045 8b5b | 0c41 8b5b | 3049 8b6b | 1885 db0f | 1f44 0000 
  0x00007e4fb9a40b00: 0f85 3a06 | 0000 4885 | ed0f 8f3a | fdff ff45 | 85c9 0f85 | 31fd ffff | 4c8b 5424 | 1866 6690 
  0x00007e4fb9a40b20: e937 fdff | ff4c 895c | 2418 894c | 2410 4889 | 7424 0848 | 8914 2449 | 8be9 4489 | 4c24 1449 
  0x00007e4fb9a40b40: ;   {optimized virtual_call}
  0x00007e4fb9a40b40: 8bf3 90e8 

  0x00007e4fb9a40b44: ; ImmutableOopMap {rbp=Oop [0]=Oop [8]=Oop [20]=NarrowOop [24]=Oop }
                      ;*invokevirtual hashCode {reexecute=0 rethrow=0 return_oop=0}
                      ; - java.util.concurrent.ConcurrentHashMap::get@1 (line 936)
                      ; - java.util.concurrent.ConcurrentHashMap::containsKey@2 (line 964)
                      ; - java.util.concurrent.ConcurrentHashMap$KeySetView::contains@5 (line 4615)
                      ; - com.intellij.openapi.progress.impl.CoreProgressManager::isCurrentThreadPrioritized@7 (line 871)
                      ; - com.intellij.openapi.progress.impl.CoreProgressManager::computePrioritized@14 (line 832)
  0x00007e4fb9a40b44: 3882 b4fe | 488b 1424 | 4c8b 5424 | 088b 4c24 | 104c 8b5c | 2418 448b | 4c24 1490 | e9aa f1ff 
  0x00007e4fb9a40b64: ;   {oop(a 'java/lang/Boolean'{0x00000000aaac5f80} = false)}
  0x00007e4fb9a40b64: ff49 b980 | 5fac aa00 | 0000 0045 

  0x00007e4fb9a40b70: ;   {oop(a 'com/intellij/openapi/progress/impl/CoreProgressManager$CheckCanceledBehavior'{0x00000000ad622c10})}
  0x00007e4fb9a40b70: 33db 48bf | 102c 62ad | 0000 0000 | eb09 4c8b | cb44 8bde | 498b fd33 | ed4c 8bc1 | e9ee f6ff 
  0x00007e4fb9a40b90: ff45 8b41 | 0866 6666 | 0f1f 8400 | 0000 0000 

  0x00007e4fb9a40ba0: ;   {metadata('java/util/concurrent/ConcurrentHashMap$ReservationNode')}
  0x00007e4fb9a40ba0: 4181 f85f | cb00 200f | 85ab 0500 

  0x00007e4fb9a40bac: ;   {oop(a 'java/lang/Boolean'{0x00000000aaac5f80} = false)}
  0x00007e4fb9a40bac: 0048 bb80 | 5fac aa00 | 0000 0045 

  0x00007e4fb9a40bb8: ;   {oop(a 'com/intellij/openapi/progress/impl/CoreProgressManager$CheckCanceledBehavior'{0x00000000ad622c10})}
  0x00007e4fb9a40bb8: 33c9 49bd | 102c 62ad | 0000 0000 | 4c8b d18b | 0c24 4c8b | 5c24 3044 | 8b44 2404 | e924 f3ff 
  0x00007e4fb9a40bd8: ffbe f6ff | ffff 498b | ea48 8914 | 244c 895c 

  0x00007e4fb9a40be8: ;   {runtime_call UncommonTrapBlob}
  0x00007e4fb9a40be8: 2410 90e8 

  0x00007e4fb9a40bec: ; ImmutableOopMap {rbp=Oop [0]=Oop [16]=Oop }
                      ;*invokevirtual containsKey {reexecute=0 rethrow=0 return_oop=0}
                      ; - java.util.concurrent.ConcurrentHashMap$KeySetView::contains@5 (line 4615)
                      ; - com.intellij.openapi.progress.impl.CoreProgressManager::isCurrentThreadPrioritized@7 (line 871)
                      ; - com.intellij.openapi.progress.impl.CoreProgressManager::computePrioritized@14 (line 832)
  0x00007e4fb9a40bec: 10d7 b4fe | bef6 ffff | ff4c 8904 | 2444 8954 

  0x00007e4fb9a40bfc: ;   {runtime_call UncommonTrapBlob}
  0x00007e4fb9a40bfc: 2410 90e8 

  0x00007e4fb9a40c00: ; ImmutableOopMap {[0]=Oop [16]=NarrowOop [48]=Oop }
                      ;*invokespecial _dispatchEvent {reexecute=0 rethrow=0 return_oop=0}
                      ; - com.intellij.ide.IdeEventQueue::access$_dispatchEvent@2 (line 77)
                      ; - com.intellij.ide.IdeEventQueue$dispatchEvent$processEventRunnable$1$1$1::compute@8 (line 362)
                      ; - com.intellij.ide.IdeEventQueue$dispatchEvent$processEventRunnable$1$1$1::compute@1 (line 361)
                      ; - com.intellij.openapi.progress.impl.CoreProgressManager::computePrioritized@59 (line 843)
  0x00007e4fb9a40c00: fcd6 b4fe | 4885 ffbd | 0100 0000 | 410f 4fe9 | be45 ffff | ff4c 8914 | 2448 8954 | 2408 4c89 
  0x00007e4fb9a40c20: ;   {runtime_call UncommonTrapBlob}
  0x00007e4fb9a40c20: 5c24 10e8 

  0x00007e4fb9a40c24: ; ImmutableOopMap {[0]=Oop [8]=Oop [16]=Oop }
                      ;*ifeq {reexecute=1 rethrow=0 return_oop=0}
                      ; - (reexecute) com.intellij.openapi.progress.impl.CoreProgressManager::computePrioritized@36 (line 837)
  0x00007e4fb9a40c24: d8d6 b4fe | bef6 ffff | ff48 8beb | 48ff 7424 | 1048 8f04 | 2448 ff74 | 2430 488f | 4424 0844 
  0x00007e4fb9a40c44: 8954 2418 

  0x00007e4fb9a40c48: ;   {runtime_call UncommonTrapBlob}
  0x00007e4fb9a40c48: 6666 90e8 

  0x00007e4fb9a40c4c: ; ImmutableOopMap {rbp=Oop [0]=Oop [8]=Oop [24]=NarrowOop }
                      ;*invokevirtual putVal {reexecute=0 rethrow=0 return_oop=0}
                      ; - java.util.concurrent.ConcurrentHashMap$KeySetView::add@24 (line 4652)
                      ; - com.intellij.openapi.progress.impl.CoreProgressManager::lambda$computePrioritized$17@5 (line 840)
                      ; - com.intellij.openapi.progress.impl.CoreProgressManager$$Lambda$1050/0x0000000100bdc000::compute@8
                      ; - com.intellij.openapi.progress.impl.CoreProgressManager::changePrioritizing@38 (line 854)
                      ; - com.intellij.openapi.progress.impl.CoreProgressManager::computePrioritized@54 (line 840)
  0x00007e4fb9a40c4c: b0d6 b4fe | bef6 ffff 

  0x00007e4fb9a40c54: ;   {runtime_call UncommonTrapBlob}
  0x00007e4fb9a40c54: ff66 90e8 

  0x00007e4fb9a40c58: ; ImmutableOopMap {[48]=Oop }
                      ;*invokevirtual remove {reexecute=0 rethrow=0 return_oop=0}
                      ; - java.util.concurrent.ConcurrentHashMap$KeySetView::remove@5 (line 4626)
                      ; - com.intellij.openapi.progress.impl.CoreProgressManager::lambda$computePrioritized$18@5 (line 847)
                      ; - com.intellij.openapi.progress.impl.CoreProgressManager$$Lambda$1055/0x0000000100bdb7c0::compute@8
                      ; - com.intellij.openapi.progress.impl.CoreProgressManager::changePrioritizing@38 (line 854)
                      ; - com.intellij.openapi.progress.impl.CoreProgressManager::computePrioritized@78 (line 847)
  0x00007e4fb9a40c58: a4d6 b4fe | bede ffff | ff49 8bea | 4889 1424 | 4489 4c24 | 104c 895c 

  0x00007e4fb9a40c70: ;   {runtime_call UncommonTrapBlob}
  0x00007e4fb9a40c70: 2418 90e8 

  0x00007e4fb9a40c74: ; ImmutableOopMap {rbp=Oop [0]=Oop [16]=NarrowOop [24]=Oop }
                      ;*invokeinterface contains {reexecute=0 rethrow=0 return_oop=0}
                      ; - com.intellij.openapi.progress.impl.CoreProgressManager::isCurrentThreadPrioritized@7 (line 871)
                      ; - com.intellij.openapi.progress.impl.CoreProgressManager::computePrioritized@14 (line 832)
  0x00007e4fb9a40c74: 88d6 b4fe | bede ffff | ff4c 8904 

  0x00007e4fb9a40c80: ;   {runtime_call UncommonTrapBlob}
  0x00007e4fb9a40c80: 2466 90e8 

  0x00007e4fb9a40c84: ; ImmutableOopMap {[0]=Oop [16]=Oop [48]=Oop }
                      ;*invokeinterface compute {reexecute=0 rethrow=0 return_oop=0}
                      ; - com.intellij.openapi.progress.impl.CoreProgressManager::computePrioritized@59 (line 843)
  0x00007e4fb9a40c84: 78d6 b4fe | bede ffff | ff49 8bea | 4889 1424 | 4c89 5c24 | 0889 4424 

  0x00007e4fb9a40c9c: ;   {runtime_call UncommonTrapBlob}
  0x00007e4fb9a40c9c: 1066 90e8 

  0x00007e4fb9a40ca0: ; ImmutableOopMap {rbp=Oop [0]=Oop [8]=Oop [16]=NarrowOop }
                      ;*invokeinterface isEmpty {reexecute=0 rethrow=0 return_oop=0}
                      ; - com.intellij.openapi.progress.impl.CoreProgressManager::computePrioritized@31 (line 837)
  0x00007e4fb9a40ca0: 5cd6 b4fe | bede ffff | ff48 ff74 | 2410 488f | 0424 48ff | 7424 3048 | 8f44 2408 | 4889 5c24 
  0x00007e4fb9a40cc0: 1044 8954 

  0x00007e4fb9a40cc4: ;   {runtime_call UncommonTrapBlob}
  0x00007e4fb9a40cc4: 241c 90e8 

  0x00007e4fb9a40cc8: ; ImmutableOopMap {[0]=Oop [8]=Oop [16]=Oop [28]=NarrowOop }
                      ;*invokeinterface add {reexecute=0 rethrow=0 return_oop=0}
                      ; - com.intellij.openapi.progress.impl.CoreProgressManager::lambda$computePrioritized$17@5 (line 840)
                      ; - com.intellij.openapi.progress.impl.CoreProgressManager$$Lambda$1050/0x0000000100bdc000::compute@8
                      ; - com.intellij.openapi.progress.impl.CoreProgressManager::changePrioritizing@38 (line 854)
                      ; - com.intellij.openapi.progress.impl.CoreProgressManager::computePrioritized@54 (line 840)
  0x00007e4fb9a40cc8: 34d6 b4fe | bede ffff | ff49 8bea | 4489 1c24 | 4489 4c24 

  0x00007e4fb9a40cdc: ;   {runtime_call UncommonTrapBlob}
  0x00007e4fb9a40cdc: 0466 90e8 

  0x00007e4fb9a40ce0: ; ImmutableOopMap {rbp=Oop [4]=NarrowOop [48]=Oop }
                      ;*invokeinterface remove {reexecute=0 rethrow=0 return_oop=0}
                      ; - com.intellij.openapi.progress.impl.CoreProgressManager::lambda$computePrioritized$18@5 (line 847)
                      ; - com.intellij.openapi.progress.impl.CoreProgressManager$$Lambda$1055/0x0000000100bdb7c0::compute@8
                      ; - com.intellij.openapi.progress.impl.CoreProgressManager::changePrioritizing@38 (line 854)
                      ; - com.intellij.openapi.progress.impl.CoreProgressManager::computePrioritized@78 (line 847)
  0x00007e4fb9a40ce0: 1cd6 b4fe | bede ffff | ff48 ff74 | 2410 488f | 0424 48ff | 7424 3048 | 8f44 2408 | 4889 5c24 
  0x00007e4fb9a40d00: 1044 895c | 2418 4889 

  0x00007e4fb9a40d08: ;   {runtime_call UncommonTrapBlob}
  0x00007e4fb9a40d08: 5c24 20e8 

  0x00007e4fb9a40d0c: ; ImmutableOopMap {[0]=Oop [8]=Oop [16]=Oop [24]=NarrowOop [32]=Oop }
                      ;*invokeinterface isEmpty {reexecute=0 rethrow=0 return_oop=0}
                      ; - com.intellij.openapi.progress.impl.CoreProgressManager::changePrioritizing@23 (line 853)
                      ; - com.intellij.openapi.progress.impl.CoreProgressManager::computePrioritized@54 (line 840)
  0x00007e4fb9a40d0c: f0d5 b4fe | bede ffff | ff48 ff74 | 2410 488f | 0424 4c89 | 4424 1048 | 894c 2420 | 4489 5424 
  0x00007e4fb9a40d2c: ;   {runtime_call UncommonTrapBlob}
  0x00007e4fb9a40d2c: 1c66 90e8 

  0x00007e4fb9a40d30: ; ImmutableOopMap {[0]=Oop [16]=Oop [28]=NarrowOop [32]=Oop [48]=Oop }
                      ;*invokeinterface isEmpty {reexecute=0 rethrow=0 return_oop=0}
                      ; - com.intellij.openapi.progress.impl.CoreProgressManager::changePrioritizing@58 (line 855)
                      ; - com.intellij.openapi.progress.impl.CoreProgressManager::computePrioritized@54 (line 840)
  0x00007e4fb9a40d30: ccd5 b4fe | bede ffff | ff49 8bea | 4489 0424 

  0x00007e4fb9a40d40: ;   {runtime_call UncommonTrapBlob}
  0x00007e4fb9a40d40: 6666 90e8 

  0x00007e4fb9a40d44: ; ImmutableOopMap {rbp=Oop [0]=NarrowOop [48]=Oop }
                      ;*invokeinterface isEmpty {reexecute=0 rethrow=0 return_oop=0}
                      ; - com.intellij.openapi.progress.impl.CoreProgressManager::changePrioritizing@23 (line 853)
                      ; - com.intellij.openapi.progress.impl.CoreProgressManager::computePrioritized@78 (line 847)
  0x00007e4fb9a40d44: b8d5 b4fe | bede ffff | ff48 8944 | 24f8 8b44 | 2408 8904 | 2448 8b44 | 24f8 4c89 | 5424 0844 
  0x00007e4fb9a40d64: 8944 2404 

  0x00007e4fb9a40d68: ;   {runtime_call UncommonTrapBlob}
  0x00007e4fb9a40d68: 6666 90e8 

  0x00007e4fb9a40d6c: ; ImmutableOopMap {rbp=Oop [4]=NarrowOop [8]=Oop }
                      ;*invokeinterface isEmpty {reexecute=0 rethrow=0 return_oop=0}
                      ; - com.intellij.openapi.progress.impl.CoreProgressManager::changePrioritizing@58 (line 855)
                      ; - com.intellij.openapi.progress.impl.CoreProgressManager::computePrioritized@78 (line 847)
  0x00007e4fb9a40d6c: 90d5 b4fe | be66 ffff | ff48 ff74 | 2410 488f | 0424 4c89 | 5c24 104c | 8944 2418 

  0x00007e4fb9a40d88: ;   {runtime_call UncommonTrapBlob}
  0x00007e4fb9a40d88: 6666 90e8 

  0x00007e4fb9a40d8c: ; ImmutableOopMap {[0]=Oop [16]=Oop [24]=Oop [32]=Oop [48]=Oop }
                      ;*invokevirtual prioritizingFinished {reexecute=0 rethrow=0 return_oop=0}
                      ; - com.intellij.openapi.progress.impl.CoreProgressManager::changePrioritizing@99 (line 860)
                      ; - com.intellij.openapi.progress.impl.CoreProgressManager::computePrioritized@54 (line 840)
  0x00007e4fb9a40d8c: 70d5 b4fe 

  0x00007e4fb9a40d90: ;   {oop(a 'java/util/HashMap'{0x00000000ac4f2768})}
  0x00007e4fb9a40d90: 48be 6827 | 4fac 0000 | 0000 488d 

  0x00007e4fb9a40d9c: ;   {runtime_call _complete_monitor_locking_Java}
  0x00007e4fb9a40d9c: 5424 40e8 

  0x00007e4fb9a40da0: ; ImmutableOopMap {rbp=Oop [16]=Oop [24]=Oop [32]=Oop [40]=Oop [48]=Oop [56]=Oop }
                      ;*monitorenter {reexecute=0 rethrow=0 return_oop=0}
                      ; - com.intellij.openapi.progress.impl.CoreProgressManager::updateShouldCheckCanceled@5 (line 775)
                      ; - com.intellij.openapi.progress.impl.ProgressManagerImpl::prioritizingFinished@6 (line 251)
                      ; - com.intellij.openapi.progress.impl.CoreProgressManager::changePrioritizing@99 (line 860)
                      ; - com.intellij.openapi.progress.impl.CoreProgressManager::computePrioritized@54 (line 840)
  0x00007e4fb9a40da0: 5c43 bffe | e9af f3ff 

  0x00007e4fb9a40da8: ;   {oop(a 'java/util/HashMap'{0x00000000ac4f2768})}
  0x00007e4fb9a40da8: ff48 bf68 | 274f ac00 | 0000 0048 | 8d74 2440 | 498b d70f | 1f44 0000 | 49ba 7007 | 6ed2 4f7e 
  0x00007e4fb9a40dc8: 0000 41ff | d2e9 94f4 | ffff be66 | ffff ff49 | 8bea 4c89 

  0x00007e4fb9a40ddc: ;   {runtime_call UncommonTrapBlob}
  0x00007e4fb9a40ddc: 0c24 90e8 

  0x00007e4fb9a40de0: ; ImmutableOopMap {rbp=Oop [0]=Oop }
                      ;*invokevirtual prioritizingFinished {reexecute=0 rethrow=0 return_oop=0}
                      ; - com.intellij.openapi.progress.impl.CoreProgressManager::changePrioritizing@99 (line 860)
                      ; - com.intellij.openapi.progress.impl.CoreProgressManager::computePrioritized@78 (line 847)
  0x00007e4fb9a40de0: 1cd5 b4fe | 4c89 1424 

  0x00007e4fb9a40de8: ;   {oop(a 'java/util/HashMap'{0x00000000ac4f2768})}
  0x00007e4fb9a40de8: 48be 6827 | 4fac 0000 | 0000 488d 

  0x00007e4fb9a40df4: ;   {runtime_call _complete_monitor_locking_Java}
  0x00007e4fb9a40df4: 5424 40e8 

  0x00007e4fb9a40df8: ; ImmutableOopMap {rbp=Oop [0]=Oop [24]=Oop }
                      ;*monitorenter {reexecute=0 rethrow=0 return_oop=0}
                      ; - com.intellij.openapi.progress.impl.CoreProgressManager::updateShouldCheckCanceled@5 (line 775)
                      ; - com.intellij.openapi.progress.impl.ProgressManagerImpl::prioritizingFinished@6 (line 251)
                      ; - com.intellij.openapi.progress.impl.CoreProgressManager::changePrioritizing@99 (line 860)
                      ; - com.intellij.openapi.progress.impl.CoreProgressManager::computePrioritized@78 (line 847)
  0x00007e4fb9a40df8: 0443 bffe | 4c8b 1424 | e963 f8ff 

  0x00007e4fb9a40e04: ;   {oop(a 'java/util/HashMap'{0x00000000ac4f2768})}
  0x00007e4fb9a40e04: ff48 bf68 | 274f ac00 | 0000 0048 | 8d74 2440 | 498b d766 | 0f1f 8400 | 0000 0000 | 49ba 7007 
  0x00007e4fb9a40e24: 6ed2 4f7e | 0000 41ff | d2e9 42f9 | ffff be66 | ffff ff48 | ff74 2410 | 488f 0424 | 4c89 5c24 
  0x00007e4fb9a40e44: 104c 8944 

  0x00007e4fb9a40e48: ;   {runtime_call UncommonTrapBlob}
  0x00007e4fb9a40e48: 2418 90e8 

  0x00007e4fb9a40e4c: ; ImmutableOopMap {[0]=Oop [16]=Oop [24]=Oop [32]=Oop [48]=Oop }
                      ;*invokevirtual prioritizingStarted {reexecute=0 rethrow=0 return_oop=0}
                      ; - com.intellij.openapi.progress.impl.CoreProgressManager::changePrioritizing@83 (line 857)
                      ; - com.intellij.openapi.progress.impl.CoreProgressManager::computePrioritized@54 (line 840)
  0x00007e4fb9a40e4c: b0d4 b4fe 

  0x00007e4fb9a40e50: ;   {oop(a 'java/util/HashMap'{0x00000000ac4f2768})}
  0x00007e4fb9a40e50: 48be 6827 | 4fac 0000 | 0000 488d 

  0x00007e4fb9a40e5c: ;   {runtime_call _complete_monitor_locking_Java}
  0x00007e4fb9a40e5c: 5424 40e8 

  0x00007e4fb9a40e60: ; ImmutableOopMap {rbp=Oop [16]=Oop [24]=Oop [32]=Oop [40]=Oop [48]=Oop [56]=Oop }
                      ;*monitorenter {reexecute=0 rethrow=0 return_oop=0}
                      ; - com.intellij.openapi.progress.impl.CoreProgressManager::updateShouldCheckCanceled@5 (line 775)
                      ; - com.intellij.openapi.progress.impl.ProgressManagerImpl::prioritizingStarted@6 (line 245)
                      ; - com.intellij.openapi.progress.impl.CoreProgressManager::changePrioritizing@83 (line 857)
                      ; - com.intellij.openapi.progress.impl.CoreProgressManager::computePrioritized@54 (line 840)
  0x00007e4fb9a40e60: 9c42 bffe | e96c f5ff 

  0x00007e4fb9a40e68: ;   {oop(a 'java/util/HashMap'{0x00000000ac4f2768})}
  0x00007e4fb9a40e68: ff48 bf68 | 274f ac00 | 0000 0048 | 8d74 2440 | 498b d70f | 1f44 0000 | 49ba 7007 | 6ed2 4f7e 
  0x00007e4fb9a40e88: 0000 41ff | d2e9 46f6 | ffff be66 | ffff ff49 | 8bea 4c89 

  0x00007e4fb9a40e9c: ;   {runtime_call UncommonTrapBlob}
  0x00007e4fb9a40e9c: 0c24 90e8 

  0x00007e4fb9a40ea0: ; ImmutableOopMap {rbp=Oop [0]=Oop }
                      ;*invokevirtual prioritizingStarted {reexecute=0 rethrow=0 return_oop=0}
                      ; - com.intellij.openapi.progress.impl.CoreProgressManager::changePrioritizing@83 (line 857)
                      ; - com.intellij.openapi.progress.impl.CoreProgressManager::computePrioritized@78 (line 847)
  0x00007e4fb9a40ea0: 5cd4 b4fe | 4c89 1424 

  0x00007e4fb9a40ea8: ;   {oop(a 'java/util/HashMap'{0x00000000ac4f2768})}
  0x00007e4fb9a40ea8: 48be 6827 | 4fac 0000 | 0000 488d 

  0x00007e4fb9a40eb4: ;   {runtime_call _complete_monitor_locking_Java}
  0x00007e4fb9a40eb4: 5424 40e8 

  0x00007e4fb9a40eb8: ; ImmutableOopMap {rbp=Oop [0]=Oop [24]=Oop }
                      ;*monitorenter {reexecute=0 rethrow=0 return_oop=0}
                      ; - com.intellij.openapi.progress.impl.CoreProgressManager::updateShouldCheckCanceled@5 (line 775)
                      ; - com.intellij.openapi.progress.impl.ProgressManagerImpl::prioritizingStarted@6 (line 245)
                      ; - com.intellij.openapi.progress.impl.CoreProgressManager::changePrioritizing@83 (line 857)
                      ; - com.intellij.openapi.progress.impl.CoreProgressManager::computePrioritized@78 (line 847)
  0x00007e4fb9a40eb8: 4442 bffe | 4c8b 1424 | e963 f9ff | ffbe 45ff | ffff 488b | e948 8914 | 244c 895c | 2410 4489 
  0x00007e4fb9a40ed8: 4c24 1844 | 8954 2420 | 4489 4424 

  0x00007e4fb9a40ee4: ;   {runtime_call UncommonTrapBlob}
  0x00007e4fb9a40ee4: 2466 90e8 

  0x00007e4fb9a40ee8: ; ImmutableOopMap {rbp=Oop [0]=Oop [16]=Oop [24]=NarrowOop [48]=Oop }
                      ;*ifle {reexecute=1 rethrow=0 return_oop=0}
                      ; - (reexecute) java.util.concurrent.ConcurrentHashMap::get@23 (line 937)
                      ; - java.util.concurrent.ConcurrentHashMap::containsKey@2 (line 964)
                      ; - java.util.concurrent.ConcurrentHashMap$KeySetView::contains@5 (line 4615)
                      ; - com.intellij.openapi.progress.impl.CoreProgressManager::isCurrentThreadPrioritized@7 (line 871)
                      ; - com.intellij.openapi.progress.impl.CoreProgressManager::computePrioritized@14 (line 832)
  0x00007e4fb9a40ee8: 14d4 b4fe | be45 ffff | ff49 8bea | 4889 1424 | 4c89 5c24 | 0848 897c | 2418 8944 

  0x00007e4fb9a40f04: ;   {runtime_call UncommonTrapBlob}
  0x00007e4fb9a40f04: 2414 90e8 

  0x00007e4fb9a40f08: ; ImmutableOopMap {rbp=Oop [0]=Oop [8]=Oop [20]=NarrowOop }
                      ;*ifnull {reexecute=1 rethrow=0 return_oop=0}
                      ; - (reexecute) java.util.concurrent.ConcurrentHashMap::sumCount@11 (line 2573)
                      ; - java.util.concurrent.ConcurrentHashMap::isEmpty@1 (line 920)
                      ; - java.util.concurrent.ConcurrentHashMap$CollectionView::isEmpty@4 (line 4438)
                      ; - com.intellij.openapi.progress.impl.CoreProgressManager::computePrioritized@31 (line 837)
  0x00007e4fb9a40f08: f4d3 b4fe | be45 ffff | ff48 ff74 | 2410 488f | 0424 48ff | 7424 3048 | 8f44 2408 | 4889 5c24 
  0x00007e4fb9a40f28: 104c 895c | 2420 4489 

  0x00007e4fb9a40f30: ;   {runtime_call UncommonTrapBlob}
  0x00007e4fb9a40f30: 5424 30e8 

  0x00007e4fb9a40f34: ; ImmutableOopMap {[0]=Oop [8]=Oop [16]=Oop [32]=Oop [48]=NarrowOop }
                      ;*ifnonnull {reexecute=1 rethrow=0 return_oop=0}
                      ; - (reexecute) java.util.concurrent.ConcurrentHashMap$KeySetView::add@6 (line 4650)
                      ; - com.intellij.openapi.progress.impl.CoreProgressManager::lambda$computePrioritized$17@5 (line 840)
                      ; - com.intellij.openapi.progress.impl.CoreProgressManager$$Lambda$1050/0x0000000100bdc000::compute@8
                      ; - com.intellij.openapi.progress.impl.CoreProgressManager::changePrioritizing@38 (line 854)
                      ; - com.intellij.openapi.progress.impl.CoreProgressManager::computePrioritized@54 (line 840)
  0x00007e4fb9a40f34: c8d3 b4fe | be45 ffff | ff48 ff74 | 2410 488f | 0424 4889 | 5c24 104c | 8954 2420 | 4489 5c24 
  0x00007e4fb9a40f54: 1c48 895c 

  0x00007e4fb9a40f58: ;   {runtime_call UncommonTrapBlob}
  0x00007e4fb9a40f58: 2428 90e8 

  0x00007e4fb9a40f5c: ; ImmutableOopMap {[0]=Oop [16]=Oop [28]=NarrowOop [40]=Oop [48]=Oop }
                      ;*ifnull {reexecute=1 rethrow=0 return_oop=0}
                      ; - (reexecute) java.util.concurrent.ConcurrentHashMap::sumCount@11 (line 2573)
                      ; - java.util.concurrent.ConcurrentHashMap::isEmpty@1 (line 920)
                      ; - java.util.concurrent.ConcurrentHashMap$CollectionView::isEmpty@4 (line 4438)
                      ; - com.intellij.openapi.progress.impl.CoreProgressManager::changePrioritizing@23 (line 853)
                      ; - com.intellij.openapi.progress.impl.CoreProgressManager::computePrioritized@54 (line 840)
  0x00007e4fb9a40f5c: a0d3 b4fe | be45 ffff | ff48 ff74 | 2410 488f | 0424 48ff | 7424 3048 | 8f44 2408 | 4c89 4424 
  0x00007e4fb9a40f7c: 1048 894c | 2420 4c89 | 5424 2844 | 895c 2430 

  0x00007e4fb9a40f8c: ;   {runtime_call UncommonTrapBlob}
  0x00007e4fb9a40f8c: 6666 90e8 

  0x00007e4fb9a40f90: ; ImmutableOopMap {[0]=Oop [8]=Oop [16]=Oop [32]=Oop [48]=NarrowOop }
                      ;*ifnull {reexecute=1 rethrow=0 return_oop=0}
                      ; - (reexecute) java.util.concurrent.ConcurrentHashMap::sumCount@11 (line 2573)
                      ; - java.util.concurrent.ConcurrentHashMap::isEmpty@1 (line 920)
                      ; - java.util.concurrent.ConcurrentHashMap$CollectionView::isEmpty@4 (line 4438)
                      ; - com.intellij.openapi.progress.impl.CoreProgressManager::changePrioritizing@58 (line 855)
                      ; - com.intellij.openapi.progress.impl.CoreProgressManager::computePrioritized@54 (line 840)
  0x00007e4fb9a40f90: 6cd3 b4fe | be45 ffff | ff4c 895c | 2408 4489 | 4424 044c | 8954 2410 

  0x00007e4fb9a40fa8: ;   {runtime_call UncommonTrapBlob}
  0x00007e4fb9a40fa8: 6666 90e8 

  0x00007e4fb9a40fac: ; ImmutableOopMap {[4]=NarrowOop [16]=Oop [48]=Oop }
                      ;*ifnull {reexecute=1 rethrow=0 return_oop=0}
                      ; - (reexecute) java.util.concurrent.ConcurrentHashMap::sumCount@11 (line 2573)
                      ; - java.util.concurrent.ConcurrentHashMap::isEmpty@1 (line 920)
                      ; - java.util.concurrent.ConcurrentHashMap$CollectionView::isEmpty@4 (line 4438)
                      ; - com.intellij.openapi.progress.impl.CoreProgressManager::changePrioritizing@23 (line 853)
                      ; - com.intellij.openapi.progress.impl.CoreProgressManager::computePrioritized@78 (line 847)
  0x00007e4fb9a40fac: 50d3 b4fe | be45 ffff | ff48 8944 | 24f8 8b44 | 2408 8904 | 2448 8b44 | 24f8 4c89 | 5424 084c 
  0x00007e4fb9a40fcc: 8944 2410 | 4489 5c24 

  0x00007e4fb9a40fd4: ;   {runtime_call UncommonTrapBlob}
  0x00007e4fb9a40fd4: 1866 90e8 

  0x00007e4fb9a40fd8: ; ImmutableOopMap {rbp=Oop [8]=Oop [24]=NarrowOop }
                      ;*ifnull {reexecute=1 rethrow=0 return_oop=0}
                      ; - (reexecute) java.util.concurrent.ConcurrentHashMap::sumCount@11 (line 2573)
                      ; - java.util.concurrent.ConcurrentHashMap::isEmpty@1 (line 920)
                      ; - java.util.concurrent.ConcurrentHashMap$CollectionView::isEmpty@4 (line 4438)
                      ; - com.intellij.openapi.progress.impl.CoreProgressManager::changePrioritizing@58 (line 855)
                      ; - com.intellij.openapi.progress.impl.CoreProgressManager::computePrioritized@78 (line 847)
  0x00007e4fb9a40fd8: 24d3 b4fe | be45 ffff | ff48 ff74 | 2410 488f | 0424 4c89 | 4424 104c | 895c 2418 | 4489 5424 
  0x00007e4fb9a40ff8: ;   {runtime_call UncommonTrapBlob}
  0x00007e4fb9a40ff8: 2066 90e8 

  0x00007e4fb9a40ffc: ; ImmutableOopMap {[0]=Oop [16]=Oop [24]=Oop [48]=Oop }
                      ;*ifeq {reexecute=1 rethrow=0 return_oop=0}
                      ; - (reexecute) com.intellij.openapi.progress.impl.CoreProgressManager::changePrioritizing@95 (line 859)
                      ; - com.intellij.openapi.progress.impl.CoreProgressManager::computePrioritized@54 (line 840)
  0x00007e4fb9a40ffc: 00d3 b4fe | be45 ffff | ff4c 8914 | 2444 8944 

  0x00007e4fb9a4100c: ;   {runtime_call UncommonTrapBlob}
  0x00007e4fb9a4100c: 2408 90e8 

  0x00007e4fb9a41010: ; ImmutableOopMap {rbp=Oop [0]=Oop }
                      ;*ifeq {reexecute=1 rethrow=0 return_oop=0}
                      ; - (reexecute) com.intellij.openapi.progress.impl.CoreProgressManager::changePrioritizing@95 (line 859)
                      ; - com.intellij.openapi.progress.impl.CoreProgressManager::computePrioritized@78 (line 847)
  0x00007e4fb9a41010: ecd2 b4fe | be45 ffff | ff48 8be9 | 4889 1424 | 4889 5c24 | 1044 894c | 2418 4489 | 5424 2044 
  0x00007e4fb9a41030: 895c 2424 

  0x00007e4fb9a41034: ;   {runtime_call UncommonTrapBlob}
  0x00007e4fb9a41034: 6666 90e8 

  0x00007e4fb9a41038: ; ImmutableOopMap {rbp=Oop [0]=Oop [16]=Oop [24]=NarrowOop [36]=NarrowOop [48]=Oop }
                      ;*ifnull {reexecute=1 rethrow=0 return_oop=0}
                      ; - (reexecute) java.util.concurrent.ConcurrentHashMap::get@67 (line 940)
                      ; - java.util.concurrent.ConcurrentHashMap::containsKey@2 (line 964)
                      ; - java.util.concurrent.ConcurrentHashMap$KeySetView::contains@5 (line 4615)
                      ; - com.intellij.openapi.progress.impl.CoreProgressManager::isCurrentThreadPrioritized@7 (line 871)
                      ; - com.intellij.openapi.progress.impl.CoreProgressManager::computePrioritized@14 (line 832)
  0x00007e4fb9a41038: c4d2 b4fe | be45 ffff | ff48 890c | 2448 ff74 | 2410 488f | 4424 0844 | 8954 2420 | 4c89 4c24 
  0x00007e4fb9a41058: ;   {runtime_call UncommonTrapBlob}
  0x00007e4fb9a41058: 2866 90e8 

  0x00007e4fb9a4105c: ; ImmutableOopMap {rbp=NarrowOop [0]=Oop [8]=Oop [40]=Oop [48]=Oop }
                      ;*ifnull {reexecute=1 rethrow=0 return_oop=0}
                      ; - (reexecute) java.util.concurrent.ConcurrentHashMap::get@143 (line 946)
                      ; - java.util.concurrent.ConcurrentHashMap::containsKey@2 (line 964)
                      ; - java.util.concurrent.ConcurrentHashMap$KeySetView::contains@5 (line 4615)
                      ; - com.intellij.openapi.progress.impl.CoreProgressManager::isCurrentThreadPrioritized@7 (line 871)
                      ; - com.intellij.openapi.progress.impl.CoreProgressManager::computePrioritized@14 (line 832)
  0x00007e4fb9a4105c: a0d2 b4fe | bede ffff | ff48 8b6c | 2420 48ff | 7424 1048 | 8f04 2444 | 8954 2418 | 4489 5c24 
  0x00007e4fb9a4107c: ;   {runtime_call UncommonTrapBlob}
  0x00007e4fb9a4107c: 1c66 90e8 

  0x00007e4fb9a41080: ; ImmutableOopMap {rbp=Oop [0]=Oop [28]=NarrowOop [48]=Oop [56]=Oop }
                      ;*invokeinterface isEmpty {reexecute=0 rethrow=0 return_oop=0}
                      ; - com.intellij.openapi.progress.impl.ProgressManagerImpl::hasCheckCanceledHooks@11 (line 239)
                      ; - com.intellij.openapi.progress.impl.CoreProgressManager::updateShouldCheckCanceled@24 (line 777)
                      ; - com.intellij.openapi.progress.impl.ProgressManagerImpl::prioritizingFinished@6 (line 251)
                      ; - com.intellij.openapi.progress.impl.CoreProgressManager::changePrioritizing@99 (line 860)
                      ; - com.intellij.openapi.progress.impl.CoreProgressManager::computePrioritized@54 (line 840)
  0x00007e4fb9a41080: 7cd2 b4fe | bede ffff | ff49 8bea | 890c 2444 | 8944 2404 

  0x00007e4fb9a41094: ;   {runtime_call UncommonTrapBlob}
  0x00007e4fb9a41094: 6666 90e8 

  0x00007e4fb9a41098: ; ImmutableOopMap {rbp=Oop [4]=NarrowOop }
                      ;*invokeinterface isEmpty {reexecute=0 rethrow=0 return_oop=0}
                      ; - com.intellij.openapi.progress.impl.ProgressManagerImpl::hasCheckCanceledHooks@11 (line 239)
                      ; - com.intellij.openapi.progress.impl.CoreProgressManager::updateShouldCheckCanceled@24 (line 777)
                      ; - com.intellij.openapi.progress.impl.ProgressManagerImpl::prioritizingFinished@6 (line 251)
                      ; - com.intellij.openapi.progress.impl.CoreProgressManager::changePrioritizing@99 (line 860)
                      ; - com.intellij.openapi.progress.impl.CoreProgressManager::computePrioritized@78 (line 847)
  0x00007e4fb9a41098: 64d2 b4fe | bede ffff | ff48 8b6c | 2420 48ff | 7424 1048 | 8f04 2444 | 8954 2418 | 4489 4c24 
  0x00007e4fb9a410b8: ;   {runtime_call UncommonTrapBlob}
  0x00007e4fb9a410b8: 1c66 90e8 

  0x00007e4fb9a410bc: ; ImmutableOopMap {rbp=Oop [0]=Oop [28]=NarrowOop [48]=Oop [56]=Oop }
                      ;*invokeinterface isEmpty {reexecute=0 rethrow=0 return_oop=0}
                      ; - com.intellij.openapi.progress.impl.ProgressManagerImpl::hasCheckCanceledHooks@11 (line 239)
                      ; - com.intellij.openapi.progress.impl.CoreProgressManager::updateShouldCheckCanceled@24 (line 777)
                      ; - com.intellij.openapi.progress.impl.ProgressManagerImpl::prioritizingStarted@6 (line 245)
                      ; - com.intellij.openapi.progress.impl.CoreProgressManager::changePrioritizing@83 (line 857)
                      ; - com.intellij.openapi.progress.impl.CoreProgressManager::computePrioritized@54 (line 840)
  0x00007e4fb9a410bc: 40d2 b4fe | bede ffff | ff49 8bea | 890c 2444 | 895c 2404 

  0x00007e4fb9a410d0: ;   {runtime_call UncommonTrapBlob}
  0x00007e4fb9a410d0: 6666 90e8 

  0x00007e4fb9a410d4: ; ImmutableOopMap {rbp=Oop [4]=NarrowOop }
                      ;*invokeinterface isEmpty {reexecute=0 rethrow=0 return_oop=0}
                      ; - com.intellij.openapi.progress.impl.ProgressManagerImpl::hasCheckCanceledHooks@11 (line 239)
                      ; - com.intellij.openapi.progress.impl.CoreProgressManager::updateShouldCheckCanceled@24 (line 777)
                      ; - com.intellij.openapi.progress.impl.ProgressManagerImpl::prioritizingStarted@6 (line 245)
                      ; - com.intellij.openapi.progress.impl.CoreProgressManager::changePrioritizing@83 (line 857)
                      ; - com.intellij.openapi.progress.impl.CoreProgressManager::computePrioritized@78 (line 847)
  0x00007e4fb9a410d4: 28d2 b4fe | be45 ffff | ff48 ff74 | 2420 488f | 0424 48ff | 7424 1048 | 8f44 2408 | 4489 5424 
  0x00007e4fb9a410f4: 2044 894c 

  0x00007e4fb9a410f8: ;   {runtime_call UncommonTrapBlob}
  0x00007e4fb9a410f8: 2428 90e8 

  0x00007e4fb9a410fc: ; ImmutableOopMap {[0]=Oop [8]=Oop [40]=NarrowOop [48]=Oop [56]=Oop }
                      ;*ifnull {reexecute=1 rethrow=0 return_oop=0}
                      ; - (reexecute) java.util.concurrent.ConcurrentHashMap::sumCount@11 (line 2573)
                      ; - java.util.concurrent.ConcurrentHashMap::isEmpty@1 (line 920)
                      ; - java.util.concurrent.ConcurrentHashMap$CollectionView::isEmpty@4 (line 4438)
                      ; - com.intellij.openapi.progress.impl.ProgressManagerImpl::hasCheckCanceledHooks@11 (line 239)
                      ; - com.intellij.openapi.progress.impl.CoreProgressManager::updateShouldCheckCanceled@24 (line 777)
                      ; - com.intellij.openapi.progress.impl.ProgressManagerImpl::prioritizingFinished@6 (line 251)
                      ; - com.intellij.openapi.progress.impl.CoreProgressManager::changePrioritizing@99 (line 860)
                      ; - com.intellij.openapi.progress.impl.CoreProgressManager::computePrioritized@54 (line 840)
  0x00007e4fb9a410fc: 00d2 b4fe | be45 ffff | ff4c 8914 | 2489 4c24 | 0889 5c24 

  0x00007e4fb9a41110: ;   {runtime_call UncommonTrapBlob}
  0x00007e4fb9a41110: 1066 90e8 

  0x00007e4fb9a41114: ; ImmutableOopMap {[0]=Oop [16]=NarrowOop }
                      ;*ifnull {reexecute=1 rethrow=0 return_oop=0}
                      ; - (reexecute) java.util.concurrent.ConcurrentHashMap::sumCount@11 (line 2573)
                      ; - java.util.concurrent.ConcurrentHashMap::isEmpty@1 (line 920)
                      ; - java.util.concurrent.ConcurrentHashMap$CollectionView::isEmpty@4 (line 4438)
                      ; - com.intellij.openapi.progress.impl.ProgressManagerImpl::hasCheckCanceledHooks@11 (line 239)
                      ; - com.intellij.openapi.progress.impl.CoreProgressManager::updateShouldCheckCanceled@24 (line 777)
                      ; - com.intellij.openapi.progress.impl.ProgressManagerImpl::prioritizingFinished@6 (line 251)
                      ; - com.intellij.openapi.progress.impl.CoreProgressManager::changePrioritizing@99 (line 860)
                      ; - com.intellij.openapi.progress.impl.CoreProgressManager::computePrioritized@78 (line 847)
  0x00007e4fb9a41114: e8d1 b4fe | be45 ffff | ff48 ff74 | 2420 488f | 0424 48ff | 7424 1048 | 8f44 2408 | 4489 5424 
  0x00007e4fb9a41134: 2044 895c 

  0x00007e4fb9a41138: ;   {runtime_call UncommonTrapBlob}
  0x00007e4fb9a41138: 2428 90e8 

  0x00007e4fb9a4113c: ; ImmutableOopMap {[0]=Oop [8]=Oop [40]=NarrowOop [48]=Oop [56]=Oop }
                      ;*ifnull {reexecute=1 rethrow=0 return_oop=0}
                      ; - (reexecute) java.util.concurrent.ConcurrentHashMap::sumCount@11 (line 2573)
                      ; - java.util.concurrent.ConcurrentHashMap::isEmpty@1 (line 920)
                      ; - java.util.concurrent.ConcurrentHashMap$CollectionView::isEmpty@4 (line 4438)
                      ; - com.intellij.openapi.progress.impl.ProgressManagerImpl::hasCheckCanceledHooks@11 (line 239)
                      ; - com.intellij.openapi.progress.impl.CoreProgressManager::updateShouldCheckCanceled@24 (line 777)
                      ; - com.intellij.openapi.progress.impl.ProgressManagerImpl::prioritizingStarted@6 (line 245)
                      ; - com.intellij.openapi.progress.impl.CoreProgressManager::changePrioritizing@83 (line 857)
                      ; - com.intellij.openapi.progress.impl.CoreProgressManager::computePrioritized@54 (line 840)
  0x00007e4fb9a4113c: c0d1 b4fe | be45 ffff | ff4c 8914 | 2489 4c24 | 0889 5c24 

  0x00007e4fb9a41150: ;   {runtime_call UncommonTrapBlob}
  0x00007e4fb9a41150: 1066 90e8 

  0x00007e4fb9a41154: ; ImmutableOopMap {[0]=Oop [16]=NarrowOop }
                      ;*ifnull {reexecute=1 rethrow=0 return_oop=0}
                      ; - (reexecute) java.util.concurrent.ConcurrentHashMap::sumCount@11 (line 2573)
                      ; - java.util.concurrent.ConcurrentHashMap::isEmpty@1 (line 920)
                      ; - java.util.concurrent.ConcurrentHashMap$CollectionView::isEmpty@4 (line 4438)
                      ; - com.intellij.openapi.progress.impl.ProgressManagerImpl::hasCheckCanceledHooks@11 (line 239)
                      ; - com.intellij.openapi.progress.impl.CoreProgressManager::updateShouldCheckCanceled@24 (line 777)
                      ; - com.intellij.openapi.progress.impl.ProgressManagerImpl::prioritizingStarted@6 (line 245)
                      ; - com.intellij.openapi.progress.impl.CoreProgressManager::changePrioritizing@83 (line 857)
                      ; - com.intellij.openapi.progress.impl.CoreProgressManager::computePrioritized@78 (line 847)
  0x00007e4fb9a41154: a8d1 b4fe | bede ffff | ff48 8be9 | 4889 1424 | 48ff 7424 | 3048 8f44 | 2408 4489 | 4c24 1044 
  0x00007e4fb9a41174: 8954 2414 

  0x00007e4fb9a41178: ;   {runtime_call UncommonTrapBlob}
  0x00007e4fb9a41178: 6666 90e8 

  0x00007e4fb9a4117c: ; ImmutableOopMap {rbp=Oop [0]=Oop [8]=Oop [16]=NarrowOop }
                      ;*invokevirtual find {reexecute=0 rethrow=0 return_oop=0}
                      ; - java.util.concurrent.ConcurrentHashMap::get@93 (line 944)
                      ; - java.util.concurrent.ConcurrentHashMap::containsKey@2 (line 964)
                      ; - java.util.concurrent.ConcurrentHashMap$KeySetView::contains@5 (line 4615)
                      ; - com.intellij.openapi.progress.impl.CoreProgressManager::isCurrentThreadPrioritized@7 (line 871)
                      ; - com.intellij.openapi.progress.impl.CoreProgressManager::computePrioritized@14 (line 832)
  0x00007e4fb9a4117c: 80d1 b4fe | bef6 ffff | ff49 8bea | 4889 1424 | 4c89 5c24 

  0x00007e4fb9a41190: ;   {runtime_call UncommonTrapBlob}
  0x00007e4fb9a41190: 1066 90e8 

  0x00007e4fb9a41194: ; ImmutableOopMap {rbp=Oop [0]=Oop [16]=Oop }
                      ;*invokeinterface contains {reexecute=0 rethrow=0 return_oop=0}
                      ; - com.intellij.openapi.progress.impl.CoreProgressManager::isCurrentThreadPrioritized@7 (line 871)
                      ; - com.intellij.openapi.progress.impl.CoreProgressManager::computePrioritized@14 (line 832)
  0x00007e4fb9a41194: 68d1 b4fe | bef6 ffff | ff49 8bea | 4889 1424 | 4c89 5c24 

  0x00007e4fb9a411a8: ;   {runtime_call UncommonTrapBlob}
  0x00007e4fb9a411a8: 0866 90e8 

  0x00007e4fb9a411ac: ; ImmutableOopMap {rbp=Oop [0]=Oop [8]=Oop }
                      ;*invokeinterface isEmpty {reexecute=0 rethrow=0 return_oop=0}
                      ; - com.intellij.openapi.progress.impl.CoreProgressManager::computePrioritized@31 (line 837)
  0x00007e4fb9a411ac: 50d1 b4fe | bef6 ffff | ff49 8bea | 4889 1424 | 4c89 5c24 

  0x00007e4fb9a411c0: ;   {runtime_call UncommonTrapBlob}
  0x00007e4fb9a411c0: 0866 90e8 

  0x00007e4fb9a411c4: ; ImmutableOopMap {rbp=Oop [0]=Oop [8]=Oop }
                      ;*invokevirtual isEmpty {reexecute=0 rethrow=0 return_oop=0}
                      ; - java.util.concurrent.ConcurrentHashMap$CollectionView::isEmpty@4 (line 4438)
                      ; - com.intellij.openapi.progress.impl.CoreProgressManager::computePrioritized@31 (line 837)
  0x00007e4fb9a411c4: 38d1 b4fe | bef6 ffff | ff48 8beb 

  0x00007e4fb9a411d0: ;   {runtime_call UncommonTrapBlob}
  0x00007e4fb9a411d0: 6666 90e8 

  0x00007e4fb9a411d4: ; ImmutableOopMap {rbp=Oop [16]=Oop [48]=Oop }
                      ;*invokevirtual get {reexecute=0 rethrow=0 return_oop=0}
                      ; - com.intellij.openapi.progress.impl.CoreProgressManager::changePrioritizing@13 (line 853)
                      ; - com.intellij.openapi.progress.impl.CoreProgressManager::computePrioritized@54 (line 840)
  0x00007e4fb9a411d4: 28d1 b4fe | bef6 ffff | ff48 8beb | 48ff 7424 | 1048 8f04 | 2448 ff74 | 2430 488f 

  0x00007e4fb9a411f0: ;   {runtime_call UncommonTrapBlob}
  0x00007e4fb9a411f0: 4424 08e8 

  0x00007e4fb9a411f4: ; ImmutableOopMap {rbp=Oop [0]=Oop [8]=Oop }
                      ;*invokeinterface add {reexecute=0 rethrow=0 return_oop=0}
                      ; - com.intellij.openapi.progress.impl.CoreProgressManager::lambda$computePrioritized$17@5 (line 840)
                      ; - com.intellij.openapi.progress.impl.CoreProgressManager$$Lambda$1050/0x0000000100bdc000::compute@8
                      ; - com.intellij.openapi.progress.impl.CoreProgressManager::changePrioritizing@38 (line 854)
                      ; - com.intellij.openapi.progress.impl.CoreProgressManager::computePrioritized@54 (line 840)
  0x00007e4fb9a411f4: 08d1 b4fe | bef6 ffff | ff49 8be8 

  0x00007e4fb9a41200: ;   {runtime_call UncommonTrapBlob}
  0x00007e4fb9a41200: 6666 90e8 

  0x00007e4fb9a41204: ; ImmutableOopMap {rbp=Oop [16]=Oop [48]=Oop }
                      ;*invokevirtual get {reexecute=0 rethrow=0 return_oop=0}
                      ; - com.intellij.openapi.progress.impl.CoreProgressManager::changePrioritizing@48 (line 855)
                      ; - com.intellij.openapi.progress.impl.CoreProgressManager::computePrioritized@54 (line 840)
  0x00007e4fb9a41204: f8d0 b4fe | bef6 ffff 

  0x00007e4fb9a4120c: ;   {runtime_call UncommonTrapBlob}
  0x00007e4fb9a4120c: ff66 90e8 

  0x00007e4fb9a41210: ; ImmutableOopMap {}
                      ;*invokevirtual get {reexecute=0 rethrow=0 return_oop=0}
                      ; - com.intellij.openapi.progress.impl.CoreProgressManager::changePrioritizing@13 (line 853)
                      ; - com.intellij.openapi.progress.impl.CoreProgressManager::computePrioritized@78 (line 847)
  0x00007e4fb9a41210: ecd0 b4fe | bef6 ffff 

  0x00007e4fb9a41218: ;   {runtime_call UncommonTrapBlob}
  0x00007e4fb9a41218: ff66 90e8 

  0x00007e4fb9a4121c: ; ImmutableOopMap {[48]=Oop }
                      ;*invokeinterface remove {reexecute=0 rethrow=0 return_oop=0}
                      ; - com.intellij.openapi.progress.impl.CoreProgressManager::lambda$computePrioritized$18@5 (line 847)
                      ; - com.intellij.openapi.progress.impl.CoreProgressManager$$Lambda$1055/0x0000000100bdb7c0::compute@8
                      ; - com.intellij.openapi.progress.impl.CoreProgressManager::changePrioritizing@38 (line 854)
                      ; - com.intellij.openapi.progress.impl.CoreProgressManager::computePrioritized@78 (line 847)
  0x00007e4fb9a4121c: e0d0 b4fe | bef6 ffff 

  0x00007e4fb9a41224: ;   {runtime_call UncommonTrapBlob}
  0x00007e4fb9a41224: ff66 90e8 

  0x00007e4fb9a41228: ; ImmutableOopMap {}
                      ;*invokevirtual get {reexecute=0 rethrow=0 return_oop=0}
                      ; - com.intellij.openapi.progress.impl.CoreProgressManager::changePrioritizing@48 (line 855)
                      ; - com.intellij.openapi.progress.impl.CoreProgressManager::computePrioritized@78 (line 847)
  0x00007e4fb9a41228: d4d0 b4fe | bef6 ffff | ff48 8beb 

  0x00007e4fb9a41234: ;   {runtime_call UncommonTrapBlob}
  0x00007e4fb9a41234: 6666 90e8 

  0x00007e4fb9a41238: ; ImmutableOopMap {rbp=Oop [16]=Oop [48]=Oop }
                      ;*invokeinterface isEmpty {reexecute=0 rethrow=0 return_oop=0}
                      ; - com.intellij.openapi.progress.impl.CoreProgressManager::changePrioritizing@23 (line 853)
                      ; - com.intellij.openapi.progress.impl.CoreProgressManager::computePrioritized@54 (line 840)
  0x00007e4fb9a41238: c4d0 b4fe | bef6 ffff | ff48 8beb 

  0x00007e4fb9a41244: ;   {runtime_call UncommonTrapBlob}
  0x00007e4fb9a41244: 6666 90e8 

  0x00007e4fb9a41248: ; ImmutableOopMap {rbp=Oop [16]=Oop [48]=Oop }
                      ;*invokevirtual isEmpty {reexecute=0 rethrow=0 return_oop=0}
                      ; - java.util.concurrent.ConcurrentHashMap$CollectionView::isEmpty@4 (line 4438)
                      ; - com.intellij.openapi.progress.impl.CoreProgressManager::changePrioritizing@23 (line 853)
                      ; - com.intellij.openapi.progress.impl.CoreProgressManager::computePrioritized@54 (line 840)
  0x00007e4fb9a41248: b4d0 b4fe | bef6 ffff | ff49 8be8 

  0x00007e4fb9a41254: ;   {runtime_call UncommonTrapBlob}
  0x00007e4fb9a41254: 6666 90e8 

  0x00007e4fb9a41258: ; ImmutableOopMap {rbp=Oop [16]=Oop [48]=Oop }
                      ;*invokeinterface isEmpty {reexecute=0 rethrow=0 return_oop=0}
                      ; - com.intellij.openapi.progress.impl.CoreProgressManager::changePrioritizing@58 (line 855)
                      ; - com.intellij.openapi.progress.impl.CoreProgressManager::computePrioritized@54 (line 840)
  0x00007e4fb9a41258: a4d0 b4fe | bef6 ffff | ff49 8be8 

  0x00007e4fb9a41264: ;   {runtime_call UncommonTrapBlob}
  0x00007e4fb9a41264: 6666 90e8 

  0x00007e4fb9a41268: ; ImmutableOopMap {rbp=Oop [16]=Oop [48]=Oop }
                      ;*invokevirtual isEmpty {reexecute=0 rethrow=0 return_oop=0}
                      ; - java.util.concurrent.ConcurrentHashMap$CollectionView::isEmpty@4 (line 4438)
                      ; - com.intellij.openapi.progress.impl.CoreProgressManager::changePrioritizing@58 (line 855)
                      ; - com.intellij.openapi.progress.impl.CoreProgressManager::computePrioritized@54 (line 840)
  0x00007e4fb9a41268: 94d0 b4fe | bef6 ffff 

  0x00007e4fb9a41270: ;   {runtime_call UncommonTrapBlob}
  0x00007e4fb9a41270: ff66 90e8 

  0x00007e4fb9a41274: ; ImmutableOopMap {}
                      ;*invokeinterface isEmpty {reexecute=0 rethrow=0 return_oop=0}
                      ; - com.intellij.openapi.progress.impl.CoreProgressManager::changePrioritizing@23 (line 853)
                      ; - com.intellij.openapi.progress.impl.CoreProgressManager::computePrioritized@78 (line 847)
  0x00007e4fb9a41274: 88d0 b4fe | bef6 ffff 

  0x00007e4fb9a4127c: ;   {runtime_call UncommonTrapBlob}
  0x00007e4fb9a4127c: ff66 90e8 

  0x00007e4fb9a41280: ; ImmutableOopMap {}
                      ;*invokevirtual isEmpty {reexecute=0 rethrow=0 return_oop=0}
                      ; - java.util.concurrent.ConcurrentHashMap$CollectionView::isEmpty@4 (line 4438)
                      ; - com.intellij.openapi.progress.impl.CoreProgressManager::changePrioritizing@23 (line 853)
                      ; - com.intellij.openapi.progress.impl.CoreProgressManager::computePrioritized@78 (line 847)
  0x00007e4fb9a41280: 7cd0 b4fe | bef6 ffff 

  0x00007e4fb9a41288: ;   {runtime_call UncommonTrapBlob}
  0x00007e4fb9a41288: ff66 90e8 

  0x00007e4fb9a4128c: ; ImmutableOopMap {}
                      ;*invokeinterface isEmpty {reexecute=0 rethrow=0 return_oop=0}
                      ; - com.intellij.openapi.progress.impl.CoreProgressManager::changePrioritizing@58 (line 855)
                      ; - com.intellij.openapi.progress.impl.CoreProgressManager::computePrioritized@78 (line 847)
  0x00007e4fb9a4128c: 70d0 b4fe | bef6 ffff 

  0x00007e4fb9a41294: ;   {runtime_call UncommonTrapBlob}
  0x00007e4fb9a41294: ff66 90e8 

  0x00007e4fb9a41298: ; ImmutableOopMap {}
                      ;*invokevirtual isEmpty {reexecute=0 rethrow=0 return_oop=0}
                      ; - java.util.concurrent.ConcurrentHashMap$CollectionView::isEmpty@4 (line 4438)
                      ; - com.intellij.openapi.progress.impl.CoreProgressManager::changePrioritizing@58 (line 855)
                      ; - com.intellij.openapi.progress.impl.CoreProgressManager::computePrioritized@78 (line 847)
  0x00007e4fb9a41298: 64d0 b4fe | bef6 ffff | ff48 ff74 | 2410 488f 

  0x00007e4fb9a412a8: ;   {runtime_call UncommonTrapBlob}
  0x00007e4fb9a412a8: 4424 08e8 

  0x00007e4fb9a412ac: ; ImmutableOopMap {rbp=Oop [8]=Oop [32]=Oop [48]=Oop [56]=Oop }
                      ;*invokevirtual isEmpty {reexecute=0 rethrow=0 return_oop=0}
                      ; - java.util.HashSet::isEmpty@4 (line 192)
                      ; - com.intellij.openapi.progress.impl.CoreProgressManager::updateShouldCheckCanceled@9 (line 776)
                      ; - com.intellij.openapi.progress.impl.ProgressManagerImpl::prioritizingFinished@6 (line 251)
                      ; - com.intellij.openapi.progress.impl.CoreProgressManager::changePrioritizing@99 (line 860)
                      ; - com.intellij.openapi.progress.impl.CoreProgressManager::computePrioritized@54 (line 840)
  0x00007e4fb9a412ac: 50d0 b4fe | bef6 ffff | ff4c 8914 

  0x00007e4fb9a412b8: ;   {runtime_call UncommonTrapBlob}
  0x00007e4fb9a412b8: 2466 90e8 

  0x00007e4fb9a412bc: ; ImmutableOopMap {rbp=Oop [0]=Oop }
                      ;*invokevirtual isEmpty {reexecute=0 rethrow=0 return_oop=0}
                      ; - java.util.HashSet::isEmpty@4 (line 192)
                      ; - com.intellij.openapi.progress.impl.CoreProgressManager::updateShouldCheckCanceled@9 (line 776)
                      ; - com.intellij.openapi.progress.impl.ProgressManagerImpl::prioritizingFinished@6 (line 251)
                      ; - com.intellij.openapi.progress.impl.CoreProgressManager::changePrioritizing@99 (line 860)
                      ; - com.intellij.openapi.progress.impl.CoreProgressManager::computePrioritized@78 (line 847)
  0x00007e4fb9a412bc: 40d0 b4fe | bef6 ffff | ff48 ff74 | 2410 488f 

  0x00007e4fb9a412cc: ;   {runtime_call UncommonTrapBlob}
  0x00007e4fb9a412cc: 4424 08e8 

  0x00007e4fb9a412d0: ; ImmutableOopMap {rbp=Oop [8]=Oop [32]=Oop [48]=Oop [56]=Oop }
                      ;*invokevirtual isEmpty {reexecute=0 rethrow=0 return_oop=0}
                      ; - java.util.HashSet::isEmpty@4 (line 192)
                      ; - com.intellij.openapi.progress.impl.CoreProgressManager::updateShouldCheckCanceled@9 (line 776)
                      ; - com.intellij.openapi.progress.impl.ProgressManagerImpl::prioritizingStarted@6 (line 245)
                      ; - com.intellij.openapi.progress.impl.CoreProgressManager::changePrioritizing@83 (line 857)
                      ; - com.intellij.openapi.progress.impl.CoreProgressManager::computePrioritized@54 (line 840)
  0x00007e4fb9a412d0: 2cd0 b4fe | bef6 ffff | ff4c 8914 

  0x00007e4fb9a412dc: ;   {runtime_call UncommonTrapBlob}
  0x00007e4fb9a412dc: 2466 90e8 

  0x00007e4fb9a412e0: ; ImmutableOopMap {rbp=Oop [0]=Oop }
                      ;*invokevirtual isEmpty {reexecute=0 rethrow=0 return_oop=0}
                      ; - java.util.HashSet::isEmpty@4 (line 192)
                      ; - com.intellij.openapi.progress.impl.CoreProgressManager::updateShouldCheckCanceled@9 (line 776)
                      ; - com.intellij.openapi.progress.impl.ProgressManagerImpl::prioritizingStarted@6 (line 245)
                      ; - com.intellij.openapi.progress.impl.CoreProgressManager::changePrioritizing@83 (line 857)
                      ; - com.intellij.openapi.progress.impl.CoreProgressManager::computePrioritized@78 (line 847)
  0x00007e4fb9a412e0: 1cd0 b4fe | be45 ffff | ff49 8bea | 4889 5424 

  0x00007e4fb9a412f0: ;   {runtime_call UncommonTrapBlob}
  0x00007e4fb9a412f0: 0866 90e8 

  0x00007e4fb9a412f4: ; ImmutableOopMap {rbp=Oop [8]=Oop }
                      ;*ifnonnull {reexecute=1 rethrow=0 return_oop=0}
                      ; - (reexecute) com.intellij.openapi.progress.impl.CoreProgressManager::computePrioritized@1
  0x00007e4fb9a412f4: 08d0 b4fe | bef6 ffff | ff48 8b6c | 2420 48ff | 7424 1048 | 8f04 2444 | 8954 2418 

  0x00007e4fb9a41310: ;   {runtime_call UncommonTrapBlob}
  0x00007e4fb9a41310: 6666 90e8 

  0x00007e4fb9a41314: ; ImmutableOopMap {rbp=Oop [0]=Oop [48]=Oop [56]=Oop }
                      ;*invokeinterface isEmpty {reexecute=0 rethrow=0 return_oop=0}
                      ; - com.intellij.openapi.progress.impl.ProgressManagerImpl::hasCheckCanceledHooks@11 (line 239)
                      ; - com.intellij.openapi.progress.impl.CoreProgressManager::updateShouldCheckCanceled@24 (line 777)
                      ; - com.intellij.openapi.progress.impl.ProgressManagerImpl::prioritizingFinished@6 (line 251)
                      ; - com.intellij.openapi.progress.impl.CoreProgressManager::changePrioritizing@99 (line 860)
                      ; - com.intellij.openapi.progress.impl.CoreProgressManager::computePrioritized@54 (line 840)
  0x00007e4fb9a41314: e8cf b4fe | bef6 ffff | ff48 8b6c | 2420 48ff | 7424 1048 | 8f04 2444 | 8954 2418 

  0x00007e4fb9a41330: ;   {runtime_call UncommonTrapBlob}
  0x00007e4fb9a41330: 6666 90e8 

  0x00007e4fb9a41334: ; ImmutableOopMap {rbp=Oop [0]=Oop [48]=Oop [56]=Oop }
                      ;*invokevirtual isEmpty {reexecute=0 rethrow=0 return_oop=0}
                      ; - java.util.concurrent.ConcurrentHashMap$CollectionView::isEmpty@4 (line 4438)
                      ; - com.intellij.openapi.progress.impl.ProgressManagerImpl::hasCheckCanceledHooks@11 (line 239)
                      ; - com.intellij.openapi.progress.impl.CoreProgressManager::updateShouldCheckCanceled@24 (line 777)
                      ; - com.intellij.openapi.progress.impl.ProgressManagerImpl::prioritizingFinished@6 (line 251)
                      ; - com.intellij.openapi.progress.impl.CoreProgressManager::changePrioritizing@99 (line 860)
                      ; - com.intellij.openapi.progress.impl.CoreProgressManager::computePrioritized@54 (line 840)
  0x00007e4fb9a41334: c8cf b4fe | bef6 ffff | ff49 8bea 

  0x00007e4fb9a41340: ;   {runtime_call UncommonTrapBlob}
  0x00007e4fb9a41340: 890c 24e8 

  0x00007e4fb9a41344: ; ImmutableOopMap {rbp=Oop }
                      ;*invokeinterface isEmpty {reexecute=0 rethrow=0 return_oop=0}
                      ; - com.intellij.openapi.progress.impl.ProgressManagerImpl::hasCheckCanceledHooks@11 (line 239)
                      ; - com.intellij.openapi.progress.impl.CoreProgressManager::updateShouldCheckCanceled@24 (line 777)
                      ; - com.intellij.openapi.progress.impl.ProgressManagerImpl::prioritizingFinished@6 (line 251)
                      ; - com.intellij.openapi.progress.impl.CoreProgressManager::changePrioritizing@99 (line 860)
                      ; - com.intellij.openapi.progress.impl.CoreProgressManager::computePrioritized@78 (line 847)
  0x00007e4fb9a41344: b8cf b4fe | bef6 ffff | ff49 8bea 

  0x00007e4fb9a41350: ;   {runtime_call UncommonTrapBlob}
  0x00007e4fb9a41350: 890c 24e8 

  0x00007e4fb9a41354: ; ImmutableOopMap {rbp=Oop }
                      ;*invokevirtual isEmpty {reexecute=0 rethrow=0 return_oop=0}
                      ; - java.util.concurrent.ConcurrentHashMap$CollectionView::isEmpty@4 (line 4438)
                      ; - com.intellij.openapi.progress.impl.ProgressManagerImpl::hasCheckCanceledHooks@11 (line 239)
                      ; - com.intellij.openapi.progress.impl.CoreProgressManager::updateShouldCheckCanceled@24 (line 777)
                      ; - com.intellij.openapi.progress.impl.ProgressManagerImpl::prioritizingFinished@6 (line 251)
                      ; - com.intellij.openapi.progress.impl.CoreProgressManager::changePrioritizing@99 (line 860)
                      ; - com.intellij.openapi.progress.impl.CoreProgressManager::computePrioritized@78 (line 847)
  0x00007e4fb9a41354: a8cf b4fe | bef6 ffff | ff48 8b6c | 2420 48ff | 7424 1048 | 8f04 2444 | 8954 2418 

  0x00007e4fb9a41370: ;   {runtime_call UncommonTrapBlob}
  0x00007e4fb9a41370: 6666 90e8 

  0x00007e4fb9a41374: ; ImmutableOopMap {rbp=Oop [0]=Oop [48]=Oop [56]=Oop }
                      ;*invokeinterface isEmpty {reexecute=0 rethrow=0 return_oop=0}
                      ; - com.intellij.openapi.progress.impl.ProgressManagerImpl::hasCheckCanceledHooks@11 (line 239)
                      ; - com.intellij.openapi.progress.impl.CoreProgressManager::updateShouldCheckCanceled@24 (line 777)
                      ; - com.intellij.openapi.progress.impl.ProgressManagerImpl::prioritizingStarted@6 (line 245)
                      ; - com.intellij.openapi.progress.impl.CoreProgressManager::changePrioritizing@83 (line 857)
                      ; - com.intellij.openapi.progress.impl.CoreProgressManager::computePrioritized@54 (line 840)
  0x00007e4fb9a41374: 88cf b4fe | bef6 ffff | ff48 8b6c | 2420 48ff | 7424 1048 | 8f04 2444 | 8954 2418 

  0x00007e4fb9a41390: ;   {runtime_call UncommonTrapBlob}
  0x00007e4fb9a41390: 6666 90e8 

  0x00007e4fb9a41394: ; ImmutableOopMap {rbp=Oop [0]=Oop [48]=Oop [56]=Oop }
                      ;*invokevirtual isEmpty {reexecute=0 rethrow=0 return_oop=0}
                      ; - java.util.concurrent.ConcurrentHashMap$CollectionView::isEmpty@4 (line 4438)
                      ; - com.intellij.openapi.progress.impl.ProgressManagerImpl::hasCheckCanceledHooks@11 (line 239)
                      ; - com.intellij.openapi.progress.impl.CoreProgressManager::updateShouldCheckCanceled@24 (line 777)
                      ; - com.intellij.openapi.progress.impl.ProgressManagerImpl::prioritizingStarted@6 (line 245)
                      ; - com.intellij.openapi.progress.impl.CoreProgressManager::changePrioritizing@83 (line 857)
                      ; - com.intellij.openapi.progress.impl.CoreProgressManager::computePrioritized@54 (line 840)
  0x00007e4fb9a41394: 68cf b4fe | bef6 ffff | ff49 8bea 

  0x00007e4fb9a413a0: ;   {runtime_call UncommonTrapBlob}
  0x00007e4fb9a413a0: 890c 24e8 

  0x00007e4fb9a413a4: ; ImmutableOopMap {rbp=Oop }
                      ;*invokeinterface isEmpty {reexecute=0 rethrow=0 return_oop=0}
                      ; - com.intellij.openapi.progress.impl.ProgressManagerImpl::hasCheckCanceledHooks@11 (line 239)
                      ; - com.intellij.openapi.progress.impl.CoreProgressManager::updateShouldCheckCanceled@24 (line 777)
                      ; - com.intellij.openapi.progress.impl.ProgressManagerImpl::prioritizingStarted@6 (line 245)
                      ; - com.intellij.openapi.progress.impl.CoreProgressManager::changePrioritizing@83 (line 857)
                      ; - com.intellij.openapi.progress.impl.CoreProgressManager::computePrioritized@78 (line 847)
  0x00007e4fb9a413a4: 58cf b4fe | bef6 ffff | ff49 8bea 

  0x00007e4fb9a413b0: ;   {runtime_call UncommonTrapBlob}
  0x00007e4fb9a413b0: 890c 24e8 

  0x00007e4fb9a413b4: ; ImmutableOopMap {rbp=Oop }
                      ;*invokevirtual isEmpty {reexecute=0 rethrow=0 return_oop=0}
                      ; - java.util.concurrent.ConcurrentHashMap$CollectionView::isEmpty@4 (line 4438)
                      ; - com.intellij.openapi.progress.impl.ProgressManagerImpl::hasCheckCanceledHooks@11 (line 239)
                      ; - com.intellij.openapi.progress.impl.CoreProgressManager::updateShouldCheckCanceled@24 (line 777)
                      ; - com.intellij.openapi.progress.impl.ProgressManagerImpl::prioritizingStarted@6 (line 245)
                      ; - com.intellij.openapi.progress.impl.CoreProgressManager::changePrioritizing@83 (line 857)
                      ; - com.intellij.openapi.progress.impl.CoreProgressManager::computePrioritized@78 (line 847)
  0x00007e4fb9a413b4: 48cf b4fe | 488b f0eb | 1466 6690 | 85ed 7517 | 488b f0eb | 0848 8bf0 | eb03 488b | f048 83c4 
  0x00007e4fb9a413d4: ;   {runtime_call _rethrow_Java}
  0x00007e4fb9a413d4: 505d e925 | 46bf febe | adff ffff | 488b 6c24 | 0848 8944 

  0x00007e4fb9a413e8: ;   {runtime_call UncommonTrapBlob}
  0x00007e4fb9a413e8: 2410 90e8 

  0x00007e4fb9a413ec: ; ImmutableOopMap {rbp=Oop [16]=Oop [48]=Oop }
                      ;*invokedynamic {reexecute=0 rethrow=0 return_oop=0}
                      ; - com.intellij.openapi.progress.impl.CoreProgressManager::computePrioritized@94 (line 847)
  0x00007e4fb9a413ec: 10cf b4fe 

  0x00007e4fb9a413f0: ;   {internal_word}
  0x00007e4fb9a413f0: 49ba 7b07 | a4b9 4f7e | 0000 4d89 | 9760 0300 

  0x00007e4fb9a41400: ;   {runtime_call SafepointBlob}
  0x00007e4fb9a41400: 00e9 fadf | b4fe f4f4 | f4f4 f4f4 | f4f4 f4f4 | f4f4 f4f4 | f4f4 f4f4 | f4f4 f4f4 | f4f4 f4f4 
[Stub Code]
  0x00007e4fb9a41420: ;   {no_reloc}
  0x00007e4fb9a41420: 48bb 0000 | 0000 0000 

  0x00007e4fb9a41428: ;   {runtime_call}
  0x00007e4fb9a41428: 0000 e9fb 

  0x00007e4fb9a4142c: ;   {static_stub}
  0x00007e4fb9a4142c: ffff ff48 | bb00 0000 | 0000 0000 

  0x00007e4fb9a41438: ;   {runtime_call}
  0x00007e4fb9a41438: 00e9 fbff 

  0x00007e4fb9a4143c: ;   {static_stub}
  0x00007e4fb9a4143c: ffff 48bb | 0000 0000 | 0000 0000 

  0x00007e4fb9a41448: ;   {runtime_call}
  0x00007e4fb9a41448: e9fb ffff 

  0x00007e4fb9a4144c: ;   {static_stub}
  0x00007e4fb9a4144c: ff48 bb00 | 0000 0000 

  0x00007e4fb9a41454: ;   {runtime_call}
  0x00007e4fb9a41454: 0000 00e9 | fbff ffff 
[Exception Handler]
  0x00007e4fb9a4145c: ;   {runtime_call ExceptionBlob}
  0x00007e4fb9a4145c: e99f a8b5 | fee8 0000 | 0000 4883 

  0x00007e4fb9a41468: ;   {runtime_call DeoptimizationBlob}
  0x00007e4fb9a41468: 2c24 05e9 | 30d2 b4fe 
[/MachCode]


Compiled method (c2) 4245046 39970       4       com.intellij.ide.IdeEventQueue$dispatchEvent$processEventRunnable$1$1::invoke (48 bytes)
 total in heap  [0x00007e4fb957b690,0x00007e4fb957ba40] = 944
 relocation     [0x00007e4fb957b7f0,0x00007e4fb957b818] = 40
 main code      [0x00007e4fb957b820,0x00007e4fb957b920] = 256
 stub code      [0x00007e4fb957b920,0x00007e4fb957b948] = 40
 oops           [0x00007e4fb957b948,0x00007e4fb957b950] = 8
 metadata       [0x00007e4fb957b950,0x00007e4fb957b990] = 64
 scopes data    [0x00007e4fb957b990,0x00007e4fb957b9b0] = 32
 scopes pcs     [0x00007e4fb957b9b0,0x00007e4fb957ba00] = 80
 dependencies   [0x00007e4fb957ba00,0x00007e4fb957ba10] = 16
 handler table  [0x00007e4fb957ba10,0x00007e4fb957ba40] = 48

[Constant Pool (empty)]

[MachCode]
[Entry Point]
  # {method} {0x00007e4fa773dc20} 'invoke' '()V' in 'com/intellij/ide/IdeEventQueue$dispatchEvent$processEventRunnable$1$1'
  #           [sp+0x30]  (sp of caller)
  0x00007e4fb957b820: 448b 5608 | 49c1 e203 

  0x00007e4fb957b828: ;   {runtime_call ic_miss_stub}
  0x00007e4fb957b828: 493b c20f | 854f d200 | ff66 6690 | 0f1f 8400 | 0000 0000 | 6666 6690 
[Verified Entry Point]
  0x00007e4fb957b840: 8984 2400 | c0fe ff55 | 4883 ec20 | 4889 3424 | 8b6e 1085 | ed0f 847e | 0000 0049 | 8b97 0801 
  0x00007e4fb957b860: 0000 4c8b | d249 83c2 | 184d 3b97 | 1801 0000 | 7351 4d89 | 9708 0100 | 0041 0f0d | 8a00 0100 
  0x00007e4fb957b880: 0048 c702 | 0100 0000 

  0x00007e4fb957b888: ;   {metadata('com/intellij/ide/IdeEventQueue$dispatchEvent$processEventRunnable$1$1$1')}
  0x00007e4fb957b888: c742 0881 | 8f17 2044 | 8962 144c | 8b14 2445 | 8b5a 1444 | 895a 0c45 | 8b52 1844 | 8952 1048 
  0x00007e4fb957b8a8: ;   {optimized virtual_call}
  0x00007e4fb957b8a8: 8bf5 90e8 

  0x00007e4fb957b8ac: ; ImmutableOopMap {}
                      ;*invokevirtual computePrioritized {reexecute=0 rethrow=0 return_oop=1}
                      ; - com.intellij.ide.IdeEventQueue$dispatchEvent$processEventRunnable$1$1::invoke@43 (line 361)
  0x00007e4fb957b8ac: f043 4c00 | 4883 c420 

  0x00007e4fb957b8b4: ;   {poll_return}
  0x00007e4fb957b8b4: 5d49 3ba7 | 4803 0000 | 0f87 3400 

  0x00007e4fb957b8c0: ;   {metadata('com/intellij/ide/IdeEventQueue$dispatchEvent$processEventRunnable$1$1$1')}
  0x00007e4fb957b8c0: 0000 c348 | be08 7cbc | 0001 0000 

  0x00007e4fb957b8cc: ;   {runtime_call _new_instance_Java}
  0x00007e4fb957b8cc: 0066 90e8 

  0x00007e4fb957b8d0: ; ImmutableOopMap {rbp=NarrowOop [0]=Oop }
                      ;*new {reexecute=0 rethrow=0 return_oop=1}
                      ; - com.intellij.ide.IdeEventQueue$dispatchEvent$processEventRunnable$1$1::invoke@25 (line 361)
  0x00007e4fb957b8d0: 2c80 0bff | 488b d0eb | babe 45ff 

  0x00007e4fb957b8dc: ;   {runtime_call UncommonTrapBlob}
  0x00007e4fb957b8dc: ffff 90e8 

  0x00007e4fb957b8e0: ; ImmutableOopMap {rbp=NarrowOop [0]=Oop }
                      ;*ifnonnull {reexecute=1 rethrow=0 return_oop=0}
                      ; - (reexecute) com.intellij.ide.IdeEventQueue$dispatchEvent$processEventRunnable$1$1::invoke@4 (line 357)
  0x00007e4fb957b8e0: 1c2a 01ff | 488b f0eb | 0348 8bf0 | 4883 c420 

  0x00007e4fb957b8f0: ;   {runtime_call _rethrow_Java}
  0x00007e4fb957b8f0: 5de9 0aa1 

  0x00007e4fb957b8f4: ;   {internal_word}
  0x00007e4fb957b8f4: 0bff 49ba | b5b8 57b9 | 4f7e 0000 | 4d89 9760 

  0x00007e4fb957b904: ;   {runtime_call SafepointBlob}
  0x00007e4fb957b904: 0300 00e9 | f43a 01ff | f4f4 f4f4 | f4f4 f4f4 | f4f4 f4f4 | f4f4 f4f4 | f4f4 f4f4 
[Stub Code]
  0x00007e4fb957b920: ;   {no_reloc}
  0x00007e4fb957b920: 48bb 48a4 | 37a7 4f7e 

  0x00007e4fb957b928: ;   {runtime_call I2C/C2I adapters}
  0x00007e4fb957b928: 0000 e925 

  0x00007e4fb957b92c: ;   {runtime_call ExceptionBlob}
  0x00007e4fb957b92c: 2701 ffe9 | cc03 02ff 
[Deopt Handler Code]
  0x00007e4fb957b934: e800 0000 | 0048 832c 

  0x00007e4fb957b93c: ;   {runtime_call DeoptimizationBlob}
  0x00007e4fb957b93c: 2405 e95d | 2d01 fff4 | f4f4 f4f4 
[/MachCode]


---------------  P R O C E S S  ---------------

Threads class SMR info:
_java_thread_list=0x00007e4f9176f180, length=47, elements={
0x00007e4fcc02c9e0, 0x00007e4fcc0cc7c0, 0x00007e4fcc0cddf0, 0x00007e4fcc0fe200,
0x00007e4fcc0ff590, 0x00007e4fcc100980, 0x00007e4fcc0f37b0, 0x00007e4fcc0f4c70,
0x00007e4fcc0f60c0, 0x00007e4fcc19dd00, 0x00007e4fcc1cd3e0, 0x00007e4f9405c580,
0x00007e4fa00730c0, 0x00007e4f9c071d50, 0x00007e4f941de900, 0x00007e4f941e4fc0,
0x00007e4f941e6700, 0x00007e4f941edc50, 0x00007e4f900d9af0, 0x00007e4f900e7570,
0x00007e4f900f1ea0, 0x00007e4f942f7130, 0x00007e4f94313ca0, 0x00007e4fcc37fad0,
0x00007e4f943adb30, 0x00007e4fcc3ead50, 0x00007e4fcc421830, 0x00007e4f98024310,
0x00005cfd1bdb69d0, 0x00007e4f906c75e0, 0x00007e4f906d4e70, 0x00007e4f906d5b40,
0x00007e4fa01924d0, 0x00007e4f908f4b10, 0x00007e4fa0267430, 0x00007e4f985b4590,
0x00007e4f84c844f0, 0x00007e4f98502960, 0x00007e4f946a6170, 0x00007e4f17d61f20,
0x00007e4f84ace860, 0x00007e4f84acf330, 0x00007e4f850a9220, 0x00007e4f8571fa30,
0x00007e4f8566be90, 0x00007e4f8566cb40, 0x00007e4f9173d5e0
}

Java Threads: ( => current thread )
  0x00007e4fcc02c9e0 JavaThread "main" [_thread_blocked, id=1287, stack(0x00007e4fd1819000,0x00007e4fd1919000)]
  0x00007e4fcc0cc7c0 JavaThread "Reference Handler" daemon [_thread_blocked, id=1289, stack(0x00007e4fd0980000,0x00007e4fd0a80000)]
  0x00007e4fcc0cddf0 JavaThread "Finalizer" daemon [_thread_blocked, id=1290, stack(0x00007e4fd0880000,0x00007e4fd0980000)]
  0x00007e4fcc0fe200 JavaThread "Signal Dispatcher" daemon [_thread_blocked, id=1291, stack(0x00007e4fd0100000,0x00007e4fd0200000)]
  0x00007e4fcc0ff590 JavaThread "Service Thread" daemon [_thread_blocked, id=1292, stack(0x00007e4fd0000000,0x00007e4fd0100000)]
  0x00007e4fcc100980 JavaThread "Monitor Deflation Thread" daemon [_thread_blocked, id=1293, stack(0x00007e4fa8700000,0x00007e4fa8800000)]
  0x00007e4fcc0f37b0 JavaThread "C2 CompilerThread0" daemon [_thread_blocked, id=1294, stack(0x00007e4fa8600000,0x00007e4fa8700000)]
  0x00007e4fcc0f4c70 JavaThread "C1 CompilerThread0" daemon [_thread_blocked, id=1295, stack(0x00007e4fa8500000,0x00007e4fa8600000)]
  0x00007e4fcc0f60c0 JavaThread "Sweeper thread" daemon [_thread_blocked, id=1296, stack(0x00007e4fa8400000,0x00007e4fa8500000)]
  0x00007e4fcc19dd00 JavaThread "Common-Cleaner" daemon [_thread_blocked, id=1297, stack(0x00007e4fa8300000,0x00007e4fa8400000)]
  0x00007e4fcc1cd3e0 JavaThread "Notification Thread" daemon [_thread_blocked, id=1298, stack(0x00007e4fa8200000,0x00007e4fa8300000)]
  0x00007e4f9405c580 JavaThread "DefaultDispatcher-worker-4" daemon [_thread_blocked, id=1303, stack(0x00007e4f88300000,0x00007e4f88400000)]
  0x00007e4fa00730c0 JavaThread "Timer-0" daemon [_thread_blocked, id=1304, stack(0x00007e4f88200000,0x00007e4f88300000)]
  0x00007e4f9c071d50 JavaThread "External Command Listener" daemon [_thread_in_native, id=1305, stack(0x00007e4f88100000,0x00007e4f88200000)]
  0x00007e4f941de900 JavaThread "Java2D Disposer" daemon [_thread_blocked, id=1312, stack(0x00007e4f55fc3000,0x00007e4f560c3000)]
  0x00007e4f941e4fc0 JavaThread "AWT-XAWT" daemon [_thread_in_native, id=1313, stack(0x00007e4f55ec3000,0x00007e4f55fc3000)]
  0x00007e4f941e6700 JavaThread "AWT-Shutdown" [_thread_blocked, id=1314, stack(0x00007e4f55dc3000,0x00007e4f55ec3000)]
=>0x00007e4f941edc50 JavaThread "AWT-EventQueue-0" [_thread_in_Java, id=1315, stack(0x00007e4f55cc3000,0x00007e4f55dc3000)]
  0x00007e4f900d9af0 JavaThread "DefaultDispatcher-worker-2" daemon [_thread_blocked, id=1326, stack(0x00007e4f54f00000,0x00007e4f55000000)]
  0x00007e4f900e7570 JavaThread "DefaultDispatcher-worker-3" daemon [_thread_blocked, id=1335, stack(0x00007e4f5449f000,0x00007e4f5459f000)]
  0x00007e4f900f1ea0 JavaThread "DefaultDispatcher-worker-1" daemon [_thread_blocked, id=1343, stack(0x00007e4f53500000,0x00007e4f53600000)]
  0x00007e4f942f7130 JavaThread "kotlinx.coroutines.DefaultExecutor" daemon [_thread_blocked, id=1356, stack(0x00007e4f41d00000,0x00007e4f41e00000)]
  0x00007e4f94313ca0 JavaThread "DirectBufferWrapper allocation thread" daemon [_thread_blocked, id=1357, stack(0x00007e4f41900000,0x00007e4f41a00000)]
  0x00007e4fcc37fad0 JavaThread "Coroutines Debugger Cleaner" daemon [_thread_blocked, id=1358, stack(0x00007e4f3fd00000,0x00007e4f3fe00000)]
  0x00007e4f943adb30 JavaThread "PeriodicMetricReader" daemon [_thread_blocked, id=1359, stack(0x00007e4f3e700000,0x00007e4f3e800000)]
  0x00007e4fcc3ead50 JavaThread "process reaper (pid 1372)" daemon [_thread_in_native, id=1361, stack(0x00007e4f4bdbf000,0x00007e4f4bde1000)]
  0x00007e4fcc421830 JavaThread "JNA Cleaner" daemon [_thread_blocked, id=1362, stack(0x00007e4f3d500000,0x00007e4f3d600000)]
  0x00007e4f98024310 JavaThread "Attach Listener" daemon [_thread_blocked, id=1363, stack(0x00007e4f3c700000,0x00007e4f3c800000)]
  0x00005cfd1bdb69d0 JavaThread "Periodic tasks thread" daemon [_thread_blocked, id=1369, stack(0x00007e4f31100000,0x00007e4f31200000)]
  0x00007e4f906c75e0 JavaThread "fsnotifier" [_thread_blocked, id=1373, stack(0x00007e4f55ac3000,0x00007e4f55bc3000)]
  0x00007e4f906d4e70 JavaThread "BaseDataReader: output stream of fsnotifier" [_thread_in_native, id=1374, stack(0x00007e4f55bc3000,0x00007e4f55cc3000)]
  0x00007e4f906d5b40 JavaThread "BaseDataReader: error stream of fsnotifier" [_thread_in_native, id=1375, stack(0x00007e4f26900000,0x00007e4f26a00000)]
  0x00007e4fa01924d0 JavaThread "GlobalMenuLinux loop" daemon [_thread_in_native, id=1377, stack(0x00007e4f21100000,0x00007e4f21200000)]
  0x00007e4f908f4b10 JavaThread "TimerQueue" daemon [_thread_blocked, id=1378, stack(0x00007e4f21000000,0x00007e4f21100000)]
  0x00007e4fa0267430 JavaThread "Netty Builtin Server 1" daemon [_thread_in_native, id=1379, stack(0x00007e4f1cf00000,0x00007e4f1d000000)]
  0x00007e4f985b4590 JavaThread "PtyProcess Reaper for [/bin/bash, --rcfile, /home/ilmi/pycharm-community-2024.1/plugins/terminal/shell-integrations/bash/bash-integration.bash, -i]" daemon [_thread_in_native, id=1385, stack(0x00007e4f1b700000,0x00007e4f1b800000)]
  0x00007e4f84c844f0 JavaThread "TerminalEmulator-Local" [_thread_in_native, id=1399, stack(0x00007e4f1b300000,0x00007e4f1b400000)]
  0x00007e4f98502960 JavaThread "DefaultDispatcher-worker-5" daemon [_thread_blocked, id=1401, stack(0x00007e4f1b100000,0x00007e4f1b200000)]
  0x00007e4f946a6170 JavaThread "HttpClient-1-SelectorManager" daemon [_thread_in_native, id=1433, stack(0x00007e4f19400000,0x00007e4f19500000)]
  0x00007e4f17d61f20 JavaThread "xdg-open" [_thread_blocked, id=1480, stack(0x00007e4f1a400000,0x00007e4f1a500000)]
  0x00007e4f84ace860 JavaThread "process reaper (pid 1481)" daemon [_thread_blocked, id=1482, stack(0x00007e4f3af35000,0x00007e4f3af57000)]
  0x00007e4f84acf330 JavaThread "BaseDataReader: output stream of xdg-open" [_thread_in_native, id=1483, stack(0x00007e4f1b000000,0x00007e4f1b100000)]
  0x00007e4f850a9220 JavaThread "BaseDataReader: error stream of xdg-open" [_thread_in_native, id=1485, stack(0x00007e4f55600000,0x00007e4f55700000)]
  0x00007e4f8571fa30 JavaThread "ApplicationImpl pooled thread 33" [_thread_blocked, id=2563, stack(0x00007e4f54c00000,0x00007e4f54d00000)]
  0x00007e4f8566be90 JavaThread "ApplicationImpl pooled thread 34" [_thread_blocked, id=2587, stack(0x00007e4f26800000,0x00007e4f26900000)]
  0x00007e4f8566cb40 JavaThread "ApplicationImpl pooled thread 35" [_thread_blocked, id=2588, stack(0x00007e4f55100000,0x00007e4f55200000)]
  0x00007e4f9173d5e0 JavaThread "JobScheduler FJ pool 0/1" daemon [_thread_blocked, id=2589, stack(0x00007e4f4ff00000,0x00007e4f50000000)]

Other Threads:
  0x00007e4fcc0bcf60 VMThread "VM Thread" [stack: 0x00007e4fd0a81000,0x00007e4fd0b81000] [id=1288]
  0x00007e4fcc07d300 WatcherThread [stack: 0x00007e4fa8100000,0x00007e4fa8200000] [id=1299]

Threads with active compile tasks:

VM state: not at safepoint (normal execution)

VM Mutex/Monitor currently owned by a thread: None

Heap address: 0x0000000080000000, size: 2048 MB, Compressed Oops mode: 32-bit

CDS archive(s) not mapped
Compressed class space mapped at: 0x0000000100000000-0x0000000140000000, reserved size: 1073741824
Narrow klass base: 0x0000000000000000, Narrow klass shift: 3, Narrow klass range: 0x140000000

GC Precious Log:
 CPUs: 1 total, 1 available
 Memory: 4897M
 Large Page Support: Disabled
 NUMA Support: Disabled
 Compressed Oops: Enabled (32-bit)
 Heap Min Capacity: 256M
 Heap Initial Capacity: 256M
 Heap Max Capacity: 2G
 Pre-touch: Disabled

Heap:
 def new generation   total 135296K, used 121824K [0x0000000080000000, 0x00000000892c0000, 0x00000000aaaa0000)
  eden space 120320K,  97% used [0x0000000080000000, 0x00000000872552e8, 0x0000000087580000)
  from space 14976K,  31% used [0x0000000088420000, 0x00000000888c2e18, 0x00000000892c0000)
  to   space 14976K,   0% used [0x0000000087580000, 0x0000000087580000, 0x0000000088420000)
 tenured generation   total 300268K, used 279617K [0x00000000aaaa0000, 0x00000000bcfdb000, 0x0000000100000000)
   the space 300268K,  93% used [0x00000000aaaa0000, 0x00000000bbbb0520, 0x00000000bbbb0600, 0x00000000bcfdb000)
 Metaspace       used 277381K, committed 280000K, reserved 1310720K
  class space    used 33565K, committed 34752K, reserved 1048576K

Card table byte_map: [0x00007e4fd1022000,0x00007e4fd1423000] _byte_map_base: 0x00007e4fd0c22000

Polling page: 0x00007e4fd3078000

Metaspace:

Usage:
  Non-class:    238.10 MB used.
      Class:     32.78 MB used.
       Both:    270.88 MB used.

Virtual space:
  Non-class space:      256.00 MB reserved,     239.50 MB ( 94%) committed,  4 nodes.
      Class space:        1.00 GB reserved,      33.94 MB (  3%) committed,  1 nodes.
             Both:        1.25 GB reserved,     273.44 MB ( 21%) committed. 

Chunk freelists:
   Non-Class:  353.00 KB
       Class:  13.95 MB
        Both:  14.30 MB

MaxMetaspaceSize: unlimited
CompressedClassSpaceSize: 1.00 GB
Initial GC threshold: 21.00 MB
Current GC threshold: 353.75 MB
CDS: off
MetaspaceReclaimPolicy: balanced
 - commit_granule_bytes: 65536.
 - commit_granule_words: 8192.
 - virtual_space_node_default_size: 8388608.
 - enlarge_chunks_in_place: 1.
 - new_chunks_are_fully_committed: 0.
 - uncommit_free_chunks: 1.
 - use_allocation_guard: 0.
 - handle_deallocations: 1.


Internal statistics:

num_allocs_failed_limit: 29.
num_arena_births: 3946.
num_arena_deaths: 134.
num_vsnodes_births: 5.
num_vsnodes_deaths: 0.
num_space_committed: 4373.
num_space_uncommitted: 0.
num_chunks_returned_to_freelist: 226.
num_chunks_taken_from_freelist: 16019.
num_chunk_merges: 90.
num_chunk_splits: 10167.
num_chunks_enlarged: 6405.
num_inconsistent_stats: 0.

CodeHeap 'non-profiled nmethods': size=259300Kb used=21532Kb max_used=21532Kb free=237767Kb
 bounds [0x00007e4fb8ac7000, 0x00007e4fb9fd7000, 0x00007e4fc8800000]
CodeHeap 'profiled nmethods': size=259296Kb used=69382Kb max_used=69382Kb free=189913Kb
 bounds [0x00007e4fa8800000, 0x00007e4facbd0000, 0x00007e4fb8538000]
CodeHeap 'non-nmethods': size=5692Kb used=2201Kb max_used=2269Kb free=3490Kb
 bounds [0x00007e4fb8538000, 0x00007e4fb87a8000, 0x00007e4fb8ac7000]
 total_blobs=37129 nmethods=35349 adapters=1692
 compilation: enabled
              stopped_count=0, restarted_count=0
 full_count=0

Compilation events (20 events):
Event: 4244.709 Thread 0x00007e4fcc0f4c70 55828       1       com.intellij.ui.HintHint::isAwtTooltip (5 bytes)
Event: 4244.709 Thread 0x00007e4fcc0f4c70 nmethod 55828 0x00007e4fb9fcd090 code [0x00007e4fb9fcd220, 0x00007e4fb9fcd2f0]
Event: 4244.819 Thread 0x00007e4fcc0f4c70 55829       3       com.intellij.openapi.actionSystem.impl.ProxyShortcutSet::getShortcuts (36 bytes)
Event: 4244.820 Thread 0x00007e4fcc0f4c70 nmethod 55829 0x00007e4facbc2e90 code [0x00007e4facbc3080, 0x00007e4facbc33b0]
Event: 4244.829 Thread 0x00007e4fcc0f4c70 55830   !   3       com.intellij.openapi.progress.ContextKt::prepareThreadContext (113 bytes)
Event: 4244.832 Thread 0x00007e4fcc0f4c70 nmethod 55830 0x00007e4facbc3510 code [0x00007e4facbc38c0, 0x00007e4facbc51a0]
Event: 4244.833 Thread 0x00007e4fcc0f4c70 55831       3       java.util.concurrent.ConcurrentHashMap$KeySetView::forEach (63 bytes)
Event: 4244.833 Thread 0x00007e4fcc0f4c70 nmethod 55831 0x00007e4facbc5a90 code [0x00007e4facbc5c80, 0x00007e4facbc6130]
Event: 4244.837 Thread 0x00007e4fcc0f37b0 55832       4       com.fasterxml.jackson.databind.util.internal.PrivateMaxEntriesMap::drainWriteBuffer (41 bytes)
Event: 4244.840 Thread 0x00007e4fcc0f4c70 55833       3       com.fasterxml.jackson.databind.node.TextNode::serialize (23 bytes)
Event: 4244.840 Thread 0x00007e4fcc0f4c70 nmethod 55833 0x00007e4facbc6310 code [0x00007e4facbc64e0, 0x00007e4facbc67d0]
Event: 4244.844 Thread 0x00007e4fcc0f4c70 55834       3       com.intellij.openapi.editor.actionSystem.EditorActionHandler::execute (131 bytes)
Event: 4244.846 Thread 0x00007e4fcc0f4c70 nmethod 55834 0x00007e4facbc6910 code [0x00007e4facbc6c80, 0x00007e4facbc8280]
Event: 4244.851 Thread 0x00007e4fcc0f4c70 55836       3       com.intellij.openapi.editor.impl.IntervalTreeImpl::assertAllDeltasAreNull (72 bytes)
Event: 4244.852 Thread 0x00007e4fcc0f4c70 nmethod 55836 0x00007e4facbc8910 code [0x00007e4facbc8b60, 0x00007e4facbc95e0]
Event: 4244.852 Thread 0x00007e4fcc0f4c70 55837       3       com.intellij.codeInsight.daemon.impl.TrafficLightRenderer$1::afterRemoved (18 bytes)
Event: 4244.852 Thread 0x00007e4fcc0f4c70 nmethod 55837 0x00007e4facbc9990 code [0x00007e4facbc9b40, 0x00007e4facbc9cf0]
Event: 4244.855 Thread 0x00007e4fcc0f37b0 nmethod 55832 0x00007e4fb9fcd390 code [0x00007e4fb9fcd560, 0x00007e4fb9fcd9f8]
Event: 4244.855 Thread 0x00007e4fcc0f37b0 55835       4       com.intellij.openapi.editor.impl.RedBlackTree$Node::sibling (43 bytes)
Event: 4244.856 Thread 0x00007e4fcc0f37b0 nmethod 55835 0x00007e4fb9fcdf90 code [0x00007e4fb9fce120, 0x00007e4fb9fce238]

GC Heap History (20 events):
Event: 2887.554 GC heap before
{Heap before GC invocations=65 (full 6):
 def new generation   total 135296K, used 125553K [0x0000000080000000, 0x00000000892c0000, 0x00000000aaaa0000)
  eden space 120320K, 100% used [0x0000000080000000, 0x0000000087580000, 0x0000000087580000)
  from space 14976K,  34% used [0x0000000088420000, 0x000000008893c7d8, 0x00000000892c0000)
  to   space 14976K,   0% used [0x0000000087580000, 0x0000000087580000, 0x0000000088420000)
 tenured generation   total 300268K, used 277559K [0x00000000aaaa0000, 0x00000000bcfdb000, 0x0000000100000000)
   the space 300268K,  92% used [0x00000000aaaa0000, 0x00000000bb9add08, 0x00000000bb9ade00, 0x00000000bcfdb000)
 Metaspace       used 276561K, committed 279232K, reserved 1310720K
  class space    used 33510K, committed 34752K, reserved 1048576K
}
Event: 2887.566 GC heap after
{Heap after GC invocations=66 (full 6):
 def new generation   total 135296K, used 5237K [0x0000000080000000, 0x00000000892c0000, 0x00000000aaaa0000)
  eden space 120320K,   0% used [0x0000000080000000, 0x0000000080000000, 0x0000000087580000)
  from space 14976K,  34% used [0x0000000087580000, 0x0000000087a9d478, 0x0000000088420000)
  to   space 14976K,   0% used [0x0000000088420000, 0x0000000088420000, 0x00000000892c0000)
 tenured generation   total 300268K, used 277697K [0x00000000aaaa0000, 0x00000000bcfdb000, 0x0000000100000000)
   the space 300268K,  92% used [0x00000000aaaa0000, 0x00000000bb9d05e8, 0x00000000bb9d0600, 0x00000000bcfdb000)
 Metaspace       used 276561K, committed 279232K, reserved 1310720K
  class space    used 33510K, committed 34752K, reserved 1048576K
}
Event: 3076.130 GC heap before
{Heap before GC invocations=66 (full 6):
 def new generation   total 135296K, used 125557K [0x0000000080000000, 0x00000000892c0000, 0x00000000aaaa0000)
  eden space 120320K, 100% used [0x0000000080000000, 0x0000000087580000, 0x0000000087580000)
  from space 14976K,  34% used [0x0000000087580000, 0x0000000087a9d478, 0x0000000088420000)
  to   space 14976K,   0% used [0x0000000088420000, 0x0000000088420000, 0x00000000892c0000)
 tenured generation   total 300268K, used 277697K [0x00000000aaaa0000, 0x00000000bcfdb000, 0x0000000100000000)
   the space 300268K,  92% used [0x00000000aaaa0000, 0x00000000bb9d05e8, 0x00000000bb9d0600, 0x00000000bcfdb000)
 Metaspace       used 276564K, committed 279232K, reserved 1310720K
  class space    used 33510K, committed 34752K, reserved 1048576K
}
Event: 3076.153 GC heap after
{Heap after GC invocations=67 (full 6):
 def new generation   total 135296K, used 5261K [0x0000000080000000, 0x00000000892c0000, 0x00000000aaaa0000)
  eden space 120320K,   0% used [0x0000000080000000, 0x0000000080000000, 0x0000000087580000)
  from space 14976K,  35% used [0x0000000088420000, 0x0000000088943570, 0x00000000892c0000)
  to   space 14976K,   0% used [0x0000000087580000, 0x0000000087580000, 0x0000000088420000)
 tenured generation   total 300268K, used 277856K [0x00000000aaaa0000, 0x00000000bcfdb000, 0x0000000100000000)
   the space 300268K,  92% used [0x00000000aaaa0000, 0x00000000bb9f81d0, 0x00000000bb9f8200, 0x00000000bcfdb000)
 Metaspace       used 276564K, committed 279232K, reserved 1310720K
  class space    used 33510K, committed 34752K, reserved 1048576K
}
Event: 3265.717 GC heap before
{Heap before GC invocations=67 (full 6):
 def new generation   total 135296K, used 125581K [0x0000000080000000, 0x00000000892c0000, 0x00000000aaaa0000)
  eden space 120320K, 100% used [0x0000000080000000, 0x0000000087580000, 0x0000000087580000)
  from space 14976K,  35% used [0x0000000088420000, 0x0000000088943570, 0x00000000892c0000)
  to   space 14976K,   0% used [0x0000000087580000, 0x0000000087580000, 0x0000000088420000)
 tenured generation   total 300268K, used 277856K [0x00000000aaaa0000, 0x00000000bcfdb000, 0x0000000100000000)
   the space 300268K,  92% used [0x00000000aaaa0000, 0x00000000bb9f81d0, 0x00000000bb9f8200, 0x00000000bcfdb000)
 Metaspace       used 276565K, committed 279232K, reserved 1310720K
  class space    used 33510K, committed 34752K, reserved 1048576K
}
Event: 3265.725 GC heap after
{Heap after GC invocations=68 (full 6):
 def new generation   total 135296K, used 5243K [0x0000000080000000, 0x00000000892c0000, 0x00000000aaaa0000)
  eden space 120320K,   0% used [0x0000000080000000, 0x0000000080000000, 0x0000000087580000)
  from space 14976K,  35% used [0x0000000087580000, 0x0000000087a9ed40, 0x0000000088420000)
  to   space 14976K,   0% used [0x0000000088420000, 0x0000000088420000, 0x00000000892c0000)
 tenured generation   total 300268K, used 277945K [0x00000000aaaa0000, 0x00000000bcfdb000, 0x0000000100000000)
   the space 300268K,  92% used [0x00000000aaaa0000, 0x00000000bba0e5f0, 0x00000000bba0e600, 0x00000000bcfdb000)
 Metaspace       used 276565K, committed 279232K, reserved 1310720K
  class space    used 33510K, committed 34752K, reserved 1048576K
}
Event: 3450.277 GC heap before
{Heap before GC invocations=68 (full 6):
 def new generation   total 135296K, used 125563K [0x0000000080000000, 0x00000000892c0000, 0x00000000aaaa0000)
  eden space 120320K, 100% used [0x0000000080000000, 0x0000000087580000, 0x0000000087580000)
  from space 14976K,  35% used [0x0000000087580000, 0x0000000087a9ed40, 0x0000000088420000)
  to   space 14976K,   0% used [0x0000000088420000, 0x0000000088420000, 0x00000000892c0000)
 tenured generation   total 300268K, used 277945K [0x00000000aaaa0000, 0x00000000bcfdb000, 0x0000000100000000)
   the space 300268K,  92% used [0x00000000aaaa0000, 0x00000000bba0e5f0, 0x00000000bba0e600, 0x00000000bcfdb000)
 Metaspace       used 276570K, committed 279232K, reserved 1310720K
  class space    used 33510K, committed 34752K, reserved 1048576K
}
Event: 3450.295 GC heap after
{Heap after GC invocations=69 (full 6):
 def new generation   total 135296K, used 4832K [0x0000000080000000, 0x00000000892c0000, 0x00000000aaaa0000)
  eden space 120320K,   0% used [0x0000000080000000, 0x0000000080000000, 0x0000000087580000)
  from space 14976K,  32% used [0x0000000088420000, 0x00000000888d8298, 0x00000000892c0000)
  to   space 14976K,   0% used [0x0000000087580000, 0x0000000087580000, 0x0000000088420000)
 tenured generation   total 300268K, used 278707K [0x00000000aaaa0000, 0x00000000bcfdb000, 0x0000000100000000)
   the space 300268K,  92% used [0x00000000aaaa0000, 0x00000000bbacccb8, 0x00000000bbacce00, 0x00000000bcfdb000)
 Metaspace       used 276570K, committed 279232K, reserved 1310720K
  class space    used 33510K, committed 34752K, reserved 1048576K
}
Event: 3642.360 GC heap before
{Heap before GC invocations=69 (full 6):
 def new generation   total 135296K, used 125152K [0x0000000080000000, 0x00000000892c0000, 0x00000000aaaa0000)
  eden space 120320K, 100% used [0x0000000080000000, 0x0000000087580000, 0x0000000087580000)
  from space 14976K,  32% used [0x0000000088420000, 0x00000000888d8298, 0x00000000892c0000)
  to   space 14976K,   0% used [0x0000000087580000, 0x0000000087580000, 0x0000000088420000)
 tenured generation   total 300268K, used 278707K [0x00000000aaaa0000, 0x00000000bcfdb000, 0x0000000100000000)
   the space 300268K,  92% used [0x00000000aaaa0000, 0x00000000bbacccb8, 0x00000000bbacce00, 0x00000000bcfdb000)
 Metaspace       used 276572K, committed 279232K, reserved 1310720K
  class space    used 33510K, committed 34752K, reserved 1048576K
}
Event: 3642.370 GC heap after
{Heap after GC invocations=70 (full 6):
 def new generation   total 135296K, used 4787K [0x0000000080000000, 0x00000000892c0000, 0x00000000aaaa0000)
  eden space 120320K,   0% used [0x0000000080000000, 0x0000000080000000, 0x0000000087580000)
  from space 14976K,  31% used [0x0000000087580000, 0x0000000087a2cf50, 0x0000000088420000)
  to   space 14976K,   0% used [0x0000000088420000, 0x0000000088420000, 0x00000000892c0000)
 tenured generation   total 300268K, used 278939K [0x00000000aaaa0000, 0x00000000bcfdb000, 0x0000000100000000)
   the space 300268K,  92% used [0x00000000aaaa0000, 0x00000000bbb06ee0, 0x00000000bbb07000, 0x00000000bcfdb000)
 Metaspace       used 276572K, committed 279232K, reserved 1310720K
  class space    used 33510K, committed 34752K, reserved 1048576K
}
Event: 3841.278 GC heap before
{Heap before GC invocations=70 (full 6):
 def new generation   total 135296K, used 125107K [0x0000000080000000, 0x00000000892c0000, 0x00000000aaaa0000)
  eden space 120320K, 100% used [0x0000000080000000, 0x0000000087580000, 0x0000000087580000)
  from space 14976K,  31% used [0x0000000087580000, 0x0000000087a2cf50, 0x0000000088420000)
  to   space 14976K,   0% used [0x0000000088420000, 0x0000000088420000, 0x00000000892c0000)
 tenured generation   total 300268K, used 278939K [0x00000000aaaa0000, 0x00000000bcfdb000, 0x0000000100000000)
   the space 300268K,  92% used [0x00000000aaaa0000, 0x00000000bbb06ee0, 0x00000000bbb07000, 0x00000000bcfdb000)
 Metaspace       used 276598K, committed 279296K, reserved 1310720K
  class space    used 33510K, committed 34752K, reserved 1048576K
}
Event: 3841.286 GC heap after
{Heap after GC invocations=71 (full 6):
 def new generation   total 135296K, used 4846K [0x0000000080000000, 0x00000000892c0000, 0x00000000aaaa0000)
  eden space 120320K,   0% used [0x0000000080000000, 0x0000000080000000, 0x0000000087580000)
  from space 14976K,  32% used [0x0000000088420000, 0x00000000888db818, 0x00000000892c0000)
  to   space 14976K,   0% used [0x0000000087580000, 0x0000000087580000, 0x0000000088420000)
 tenured generation   total 300268K, used 278999K [0x00000000aaaa0000, 0x00000000bcfdb000, 0x0000000100000000)
   the space 300268K,  92% used [0x00000000aaaa0000, 0x00000000bbb15cf8, 0x00000000bbb15e00, 0x00000000bcfdb000)
 Metaspace       used 276598K, committed 279296K, reserved 1310720K
  class space    used 33510K, committed 34752K, reserved 1048576K
}
Event: 3917.408 GC heap before
{Heap before GC invocations=71 (full 6):
 def new generation   total 135296K, used 125166K [0x0000000080000000, 0x00000000892c0000, 0x00000000aaaa0000)
  eden space 120320K, 100% used [0x0000000080000000, 0x0000000087580000, 0x0000000087580000)
  from space 14976K,  32% used [0x0000000088420000, 0x00000000888db818, 0x00000000892c0000)
  to   space 14976K,   0% used [0x0000000087580000, 0x0000000087580000, 0x0000000088420000)
 tenured generation   total 300268K, used 278999K [0x00000000aaaa0000, 0x00000000bcfdb000, 0x0000000100000000)
   the space 300268K,  92% used [0x00000000aaaa0000, 0x00000000bbb15cf8, 0x00000000bbb15e00, 0x00000000bcfdb000)
 Metaspace       used 276941K, committed 279616K, reserved 1310720K
  class space    used 33544K, committed 34752K, reserved 1048576K
}
Event: 3917.431 GC heap after
{Heap after GC invocations=72 (full 6):
 def new generation   total 135296K, used 4894K [0x0000000080000000, 0x00000000892c0000, 0x00000000aaaa0000)
  eden space 120320K,   0% used [0x0000000080000000, 0x0000000080000000, 0x0000000087580000)
  from space 14976K,  32% used [0x0000000087580000, 0x0000000087a47908, 0x0000000088420000)
  to   space 14976K,   0% used [0x0000000088420000, 0x0000000088420000, 0x00000000892c0000)
 tenured generation   total 300268K, used 279121K [0x00000000aaaa0000, 0x00000000bcfdb000, 0x0000000100000000)
   the space 300268K,  92% used [0x00000000aaaa0000, 0x00000000bbb34688, 0x00000000bbb34800, 0x00000000bcfdb000)
 Metaspace       used 276941K, committed 279616K, reserved 1310720K
  class space    used 33544K, committed 34752K, reserved 1048576K
}
Event: 3944.607 GC heap before
{Heap before GC invocations=72 (full 6):
 def new generation   total 135296K, used 125214K [0x0000000080000000, 0x00000000892c0000, 0x00000000aaaa0000)
  eden space 120320K, 100% used [0x0000000080000000, 0x0000000087580000, 0x0000000087580000)
  from space 14976K,  32% used [0x0000000087580000, 0x0000000087a47908, 0x0000000088420000)
  to   space 14976K,   0% used [0x0000000088420000, 0x0000000088420000, 0x00000000892c0000)
 tenured generation   total 300268K, used 279121K [0x00000000aaaa0000, 0x00000000bcfdb000, 0x0000000100000000)
   the space 300268K,  92% used [0x00000000aaaa0000, 0x00000000bbb34688, 0x00000000bbb34800, 0x00000000bcfdb000)
 Metaspace       used 277194K, committed 279872K, reserved 1310720K
  class space    used 33564K, committed 34752K, reserved 1048576K
}
Event: 3944.627 GC heap after
{Heap after GC invocations=73 (full 6):
 def new generation   total 135296K, used 4980K [0x0000000080000000, 0x00000000892c0000, 0x00000000aaaa0000)
  eden space 120320K,   0% used [0x0000000080000000, 0x0000000080000000, 0x0000000087580000)
  from space 14976K,  33% used [0x0000000088420000, 0x00000000888fd268, 0x00000000892c0000)
  to   space 14976K,   0% used [0x0000000087580000, 0x0000000087580000, 0x0000000088420000)
 tenured generation   total 300268K, used 279286K [0x00000000aaaa0000, 0x00000000bcfdb000, 0x0000000100000000)
   the space 300268K,  93% used [0x00000000aaaa0000, 0x00000000bbb5d9a0, 0x00000000bbb5da00, 0x00000000bcfdb000)
 Metaspace       used 277194K, committed 279872K, reserved 1310720K
  class space    used 33564K, committed 34752K, reserved 1048576K
}
Event: 4024.908 GC heap before
{Heap before GC invocations=73 (full 6):
 def new generation   total 135296K, used 125300K [0x0000000080000000, 0x00000000892c0000, 0x00000000aaaa0000)
  eden space 120320K, 100% used [0x0000000080000000, 0x0000000087580000, 0x0000000087580000)
  from space 14976K,  33% used [0x0000000088420000, 0x00000000888fd268, 0x00000000892c0000)
  to   space 14976K,   0% used [0x0000000087580000, 0x0000000087580000, 0x0000000088420000)
 tenured generation   total 300268K, used 279286K [0x00000000aaaa0000, 0x00000000bcfdb000, 0x0000000100000000)
   the space 300268K,  93% used [0x00000000aaaa0000, 0x00000000bbb5d9a0, 0x00000000bbb5da00, 0x00000000bcfdb000)
 Metaspace       used 277294K, committed 279936K, reserved 1310720K
  class space    used 33565K, committed 34752K, reserved 1048576K
}
Event: 4024.916 GC heap after
{Heap after GC invocations=74 (full 6):
 def new generation   total 135296K, used 4876K [0x0000000080000000, 0x00000000892c0000, 0x00000000aaaa0000)
  eden space 120320K,   0% used [0x0000000080000000, 0x0000000080000000, 0x0000000087580000)
  from space 14976K,  32% used [0x0000000087580000, 0x0000000087a432a8, 0x0000000088420000)
  to   space 14976K,   0% used [0x0000000088420000, 0x0000000088420000, 0x00000000892c0000)
 tenured generation   total 300268K, used 279447K [0x00000000aaaa0000, 0x00000000bcfdb000, 0x0000000100000000)
   the space 300268K,  93% used [0x00000000aaaa0000, 0x00000000bbb85f28, 0x00000000bbb86000, 0x00000000bcfdb000)
 Metaspace       used 277294K, committed 279936K, reserved 1310720K
  class space    used 33565K, committed 34752K, reserved 1048576K
}
Event: 4157.465 GC heap before
{Heap before GC invocations=74 (full 6):
 def new generation   total 135296K, used 125196K [0x0000000080000000, 0x00000000892c0000, 0x00000000aaaa0000)
  eden space 120320K, 100% used [0x0000000080000000, 0x0000000087580000, 0x0000000087580000)
  from space 14976K,  32% used [0x0000000087580000, 0x0000000087a432a8, 0x0000000088420000)
  to   space 14976K,   0% used [0x0000000088420000, 0x0000000088420000, 0x00000000892c0000)
 tenured generation   total 300268K, used 279447K [0x00000000aaaa0000, 0x00000000bcfdb000, 0x0000000100000000)
   the space 300268K,  93% used [0x00000000aaaa0000, 0x00000000bbb85f28, 0x00000000bbb86000, 0x00000000bcfdb000)
 Metaspace       used 277308K, committed 279936K, reserved 1310720K
  class space    used 33565K, committed 34752K, reserved 1048576K
}
Event: 4157.488 GC heap after
{Heap after GC invocations=75 (full 6):
 def new generation   total 135296K, used 4747K [0x0000000080000000, 0x00000000892c0000, 0x00000000aaaa0000)
  eden space 120320K,   0% used [0x0000000080000000, 0x0000000080000000, 0x0000000087580000)
  from space 14976K,  31% used [0x0000000088420000, 0x00000000888c2e18, 0x00000000892c0000)
  to   space 14976K,   0% used [0x0000000087580000, 0x0000000087580000, 0x0000000088420000)
 tenured generation   total 300268K, used 279617K [0x00000000aaaa0000, 0x00000000bcfdb000, 0x0000000100000000)
   the space 300268K,  93% used [0x00000000aaaa0000, 0x00000000bbbb0520, 0x00000000bbbb0600, 0x00000000bcfdb000)
 Metaspace       used 277308K, committed 279936K, reserved 1310720K
  class space    used 33565K, committed 34752K, reserved 1048576K
}

Dll operation events (17 events):
Event: 0.042 Loaded shared library /home/ilmi/pycharm-community-2024.1/jbr/lib/libjava.so
Event: 1.288 Loaded shared library /home/ilmi/pycharm-community-2024.1/jbr/lib/libnio.so
Event: 1.471 Loaded shared library /home/ilmi/pycharm-community-2024.1/jbr/lib/libzip.so
Event: 1.831 Loaded shared library /home/ilmi/pycharm-community-2024.1/jbr/lib/libnet.so
Event: 2.192 Loaded shared library /home/ilmi/pycharm-community-2024.1/jbr/lib/libjimage.so
Event: 3.318 Loaded shared library /home/ilmi/pycharm-community-2024.1/jbr/lib/libverify.so
Event: 4.246 Loaded shared library /home/ilmi/pycharm-community-2024.1/jbr/lib/libextnet.so
Event: 4.261 Loaded shared library /home/ilmi/pycharm-community-2024.1/jbr/lib/libprefs.so
Event: 4.439 Loaded shared library /home/ilmi/pycharm-community-2024.1/jbr/lib/libawt.so
Event: 4.483 Loaded shared library /home/ilmi/pycharm-community-2024.1/jbr/lib/libawt_xawt.so
Event: 4.981 Loaded shared library /home/ilmi/pycharm-community-2024.1/jbr/lib/libfontmanager.so
Event: 5.804 Loaded shared library /home/ilmi/pycharm-community-2024.1/lib/jna/amd64/libjnidispatch.so
Event: 6.454 Loaded shared library /home/ilmi/pycharm-community-2024.1/jbr/lib/libmanagement.so
Event: 6.524 Loaded shared library /home/ilmi/pycharm-community-2024.1/jbr/lib/libmanagement_ext.so
Event: 7.985 Loaded shared library /home/ilmi/pycharm-community-2024.1/jbr/lib/libinstrument.so
Event: 7.986 Loaded shared library /home/ilmi/pycharm-community-2024.1/jbr/lib/libzip.so
Event: 7.987 Loaded shared library /home/ilmi/pycharm-community-2024.1/jbr/lib/libinstrument.so

Deoptimization events (20 events):
Event: 3925.473 Thread 0x00007e4f941edc50 DEOPT PACKING pc=0x00007e4fb9f3357c sp=0x00007e4f55dbffe0
Event: 3925.473 Thread 0x00007e4f941edc50 DEOPT UNPACKING pc=0x00007e4fb858e399 sp=0x00007e4f55dbff90 mode 2
Event: 3944.764 Thread 0x00007e4f941edc50 DEOPT PACKING pc=0x00007e4faa57b5b4 sp=0x00007e4f55dbe300
Event: 3944.764 Thread 0x00007e4f941edc50 DEOPT UNPACKING pc=0x00007e4fb858eb2f sp=0x00007e4f55dbd888 mode 0
Event: 4065.816 Thread 0x00007e4f9173d5e0 Uncommon trap: trap_request=0xffffff45 fr.pc=0x00007e4fb9dba3fc relative=0x000000000000095c
Event: 4065.816 Thread 0x00007e4f9173d5e0 Uncommon trap: reason=unstable_if action=reinterpret pc=0x00007e4fb9dba3fc method=java.util.concurrent.SynchronousQueue$TransferStack.transfer(Ljava/lang/Object;ZJ)Ljava/lang/Object; @ 207 c2
Event: 4065.816 Thread 0x00007e4f9173d5e0 DEOPT PACKING pc=0x00007e4fb9dba3fc sp=0x00007e4f551fe640
Event: 4065.816 Thread 0x00007e4f9173d5e0 DEOPT UNPACKING pc=0x00007e4fb858e399 sp=0x00007e4f551fe5f8 mode 2
Event: 4226.913 Thread 0x00007e4f941edc50 Uncommon trap: trap_request=0xffffff45 fr.pc=0x00007e4fb9ed18cc relative=0x00000000000012ac
Event: 4226.913 Thread 0x00007e4f941edc50 Uncommon trap: reason=unstable_if action=reinterpret pc=0x00007e4fb9ed18cc method=com.intellij.openapi.wm.impl.IdeGlassPaneImpl.preprocess(Ljava/awt/event/MouseEvent;ZLjavax/swing/JRootPane;)Z @ 725 c2
Event: 4226.913 Thread 0x00007e4f941edc50 DEOPT PACKING pc=0x00007e4fb9ed18cc sp=0x00007e4f55dc1250
Event: 4226.913 Thread 0x00007e4f941edc50 DEOPT UNPACKING pc=0x00007e4fb858e399 sp=0x00007e4f55dc11f8 mode 2
Event: 4226.999 Thread 0x00007e4f941edc50 Uncommon trap: trap_request=0xffffff6e fr.pc=0x00007e4fb9f93b60 relative=0x0000000000004cc0
Event: 4226.999 Thread 0x00007e4f941edc50 Uncommon trap: reason=loop_limit_check action=maybe_recompile pc=0x00007e4fb9f93b60 method=com.intellij.openapi.util.ObjectTree.runWithTrace(Ljava/util/function/BiFunction;)V @ 110 c2
Event: 4226.999 Thread 0x00007e4f941edc50 DEOPT PACKING pc=0x00007e4fb9f93b60 sp=0x00007e4f55dc0b30
Event: 4226.999 Thread 0x00007e4f941edc50 DEOPT UNPACKING pc=0x00007e4fb858e399 sp=0x00007e4f55dc07c8 mode 2
Event: 4242.529 Thread 0x00007e4f8571fa30 Uncommon trap: trap_request=0xffffffde fr.pc=0x00007e4fb96ade60 relative=0x0000000000000600
Event: 4242.530 Thread 0x00007e4f8571fa30 Uncommon trap: reason=class_check action=maybe_recompile pc=0x00007e4fb96ade60 method=com.intellij.util.containers.ConcurrentRefHashMap.processQueue()Z @ 9 c2
Event: 4242.530 Thread 0x00007e4f8571fa30 DEOPT PACKING pc=0x00007e4fb96ade60 sp=0x00007e4f54cfb210
Event: 4242.530 Thread 0x00007e4f8571fa30 DEOPT UNPACKING pc=0x00007e4fb858e399 sp=0x00007e4f54cfb1c0 mode 2

Classes unloaded (20 events):
Event: 19.136 Thread 0x00007e4fcc0bcf60 Unloading class 0x0000000100931800 'jdk/internal/reflect/GeneratedSerializationConstructorAccessor15'
Event: 19.136 Thread 0x00007e4fcc0bcf60 Unloading class 0x0000000100931400 'jdk/internal/reflect/GeneratedSerializationConstructorAccessor14'
Event: 19.136 Thread 0x00007e4fcc0bcf60 Unloading class 0x0000000100931000 'jdk/internal/reflect/GeneratedSerializationConstructorAccessor13'
Event: 19.136 Thread 0x00007e4fcc0bcf60 Unloading class 0x0000000100930c00 'jdk/internal/reflect/GeneratedSerializationConstructorAccessor12'
Event: 19.136 Thread 0x00007e4fcc0bcf60 Unloading class 0x0000000100930800 'jdk/internal/reflect/GeneratedSerializationConstructorAccessor11'
Event: 19.136 Thread 0x00007e4fcc0bcf60 Unloading class 0x0000000100930400 'jdk/internal/reflect/GeneratedSerializationConstructorAccessor10'
Event: 19.136 Thread 0x00007e4fcc0bcf60 Unloading class 0x0000000100930000 'jdk/internal/reflect/GeneratedSerializationConstructorAccessor9'
Event: 19.136 Thread 0x00007e4fcc0bcf60 Unloading class 0x000000010092ec00 'jdk/internal/reflect/GeneratedSerializationConstructorAccessor8'
Event: 19.136 Thread 0x00007e4fcc0bcf60 Unloading class 0x000000010092e800 'jdk/internal/reflect/GeneratedSerializationConstructorAccessor7'
Event: 19.136 Thread 0x00007e4fcc0bcf60 Unloading class 0x000000010092e400 'jdk/internal/reflect/GeneratedSerializationConstructorAccessor6'
Event: 19.136 Thread 0x00007e4fcc0bcf60 Unloading class 0x000000010092e000 'jdk/internal/reflect/GeneratedSerializationConstructorAccessor5'
Event: 19.136 Thread 0x00007e4fcc0bcf60 Unloading class 0x000000010092dc00 'jdk/internal/reflect/GeneratedSerializationConstructorAccessor4'
Event: 19.136 Thread 0x00007e4fcc0bcf60 Unloading class 0x000000010092d800 'jdk/internal/reflect/GeneratedSerializationConstructorAccessor3'
Event: 19.136 Thread 0x00007e4fcc0bcf60 Unloading class 0x000000010092d400 'jdk/internal/reflect/GeneratedSerializationConstructorAccessor2'
Event: 19.136 Thread 0x00007e4fcc0bcf60 Unloading class 0x000000010092d000 'jdk/internal/reflect/GeneratedSerializationConstructorAccessor1'
Event: 85.498 Thread 0x00007e4fcc0bcf60 Unloading class 0x00000001015d1000 'java/lang/invoke/LambdaForm$MH+0x00000001015d1000'
Event: 85.498 Thread 0x00007e4fcc0bcf60 Unloading class 0x0000000101571400 'java/lang/invoke/LambdaForm$DMH+0x0000000101571400'
Event: 85.498 Thread 0x00007e4fcc0bcf60 Unloading class 0x00000001014ab800 'java/lang/invoke/LambdaForm$MH+0x00000001014ab800'
Event: 85.498 Thread 0x00007e4fcc0bcf60 Unloading class 0x00000001014aa800 'java/lang/invoke/LambdaForm$MH+0x00000001014aa800'
Event: 85.498 Thread 0x00007e4fcc0bcf60 Unloading class 0x00000001014a9c00 'java/lang/invoke/LambdaForm$MH+0x00000001014a9c00'

Classes redefined (1 events):
Event: 9.003 Thread 0x00007e4fcc0bcf60 redefined class name=kotlin.coroutines.jvm.internal.DebugProbesKt, count=1

Internal exceptions (20 events):
Event: 4215.823 Thread 0x00007e4f8571fa30 Exception <a 'sun/nio/fs/UnixException'{0x0000000082a0d170}> (0x0000000082a0d170) 
thrown [src/hotspot/share/prims/jni.cpp, line 531]
Event: 4215.823 Thread 0x00007e4f8571fa30 Exception <a 'sun/nio/fs/UnixException'{0x0000000082a0d880}> (0x0000000082a0d880) 
thrown [src/hotspot/share/prims/jni.cpp, line 531]
Event: 4215.823 Thread 0x00007e4f8571fa30 Exception <a 'sun/nio/fs/UnixException'{0x0000000082a0fab0}> (0x0000000082a0fab0) 
thrown [src/hotspot/share/prims/jni.cpp, line 531]
Event: 4215.823 Thread 0x00007e4f8571fa30 Exception <a 'sun/nio/fs/UnixException'{0x0000000082a0ff78}> (0x0000000082a0ff78) 
thrown [src/hotspot/share/prims/jni.cpp, line 531]
Event: 4215.823 Thread 0x00007e4f8571fa30 Exception <a 'sun/nio/fs/UnixException'{0x0000000082a10690}> (0x0000000082a10690) 
thrown [src/hotspot/share/prims/jni.cpp, line 531]
Event: 4215.823 Thread 0x00007e4f8571fa30 Exception <a 'sun/nio/fs/UnixException'{0x0000000082a10b78}> (0x0000000082a10b78) 
thrown [src/hotspot/share/prims/jni.cpp, line 531]
Event: 4215.824 Thread 0x00007e4f8571fa30 Exception <a 'sun/nio/fs/UnixException'{0x0000000082a1a368}> (0x0000000082a1a368) 
thrown [src/hotspot/share/prims/jni.cpp, line 531]
Event: 4234.598 Thread 0x00007e4f8571fa30 Exception <a 'sun/nio/fs/UnixException'{0x0000000083b74cf8}> (0x0000000083b74cf8) 
thrown [src/hotspot/share/prims/jni.cpp, line 531]
Event: 4234.600 Thread 0x00007e4f8566be90 Exception <a 'sun/nio/fs/UnixException'{0x00000000838271f8}> (0x00000000838271f8) 
thrown [src/hotspot/share/prims/jni.cpp, line 531]
Event: 4234.657 Thread 0x00007e4f8571fa30 Exception <a 'sun/nio/fs/UnixException'{0x0000000083f112f0}> (0x0000000083f112f0) 
thrown [src/hotspot/share/prims/jni.cpp, line 531]
Event: 4234.658 Thread 0x00007e4f8566be90 Exception <a 'sun/nio/fs/UnixException'{0x00000000838340a0}> (0x00000000838340a0) 
thrown [src/hotspot/share/prims/jni.cpp, line 531]
Event: 4239.126 Thread 0x00007e4f9405c580 Exception <a 'sun/nio/fs/UnixException'{0x000000008428c7a0}> (0x000000008428c7a0) 
thrown [src/hotspot/share/prims/jni.cpp, line 531]
Event: 4239.126 Thread 0x00007e4f9405c580 Exception <a 'sun/nio/fs/UnixException'{0x000000008428d160}> (0x000000008428d160) 
thrown [src/hotspot/share/prims/jni.cpp, line 531]
Event: 4239.126 Thread 0x00007e4f9405c580 Exception <a 'sun/nio/fs/UnixException'{0x000000008428db28}> (0x000000008428db28) 
thrown [src/hotspot/share/prims/jni.cpp, line 531]
Event: 4239.126 Thread 0x00007e4f9405c580 Exception <a 'sun/nio/fs/UnixException'{0x000000008428e4f8}> (0x000000008428e4f8) 
thrown [src/hotspot/share/prims/jni.cpp, line 531]
Event: 4239.126 Thread 0x00007e4f9405c580 Exception <a 'sun/nio/fs/UnixException'{0x000000008428eec8}> (0x000000008428eec8) 
thrown [src/hotspot/share/prims/jni.cpp, line 531]
Event: 4239.130 Thread 0x00007e4f9405c580 Exception <a 'sun/nio/fs/UnixException'{0x00000000842c7c08}> (0x00000000842c7c08) 
thrown [src/hotspot/share/prims/jni.cpp, line 531]
Event: 4239.131 Thread 0x00007e4f8571fa30 Exception <a 'sun/nio/fs/UnixException'{0x0000000084283890}> (0x0000000084283890) 
thrown [src/hotspot/share/prims/jni.cpp, line 531]
Event: 4244.835 Thread 0x00007e4f941edc50 Exception <a 'sun/nio/fs/UnixException'{0x0000000087173e58}> (0x0000000087173e58) 
thrown [src/hotspot/share/prims/jni.cpp, line 531]
Event: 4244.837 Thread 0x00007e4f8571fa30 Exception <a 'sun/nio/fs/UnixException'{0x00000000872450a0}> (0x00000000872450a0) 
thrown [src/hotspot/share/prims/jni.cpp, line 531]

VM Operations (20 events):
Event: 4157.465 Executing VM operation: GenCollectForAllocation
Event: 4157.488 Executing VM operation: GenCollectForAllocation done
Event: 4158.489 Executing VM operation: Cleanup
Event: 4158.489 Executing VM operation: Cleanup done
Event: 4160.490 Executing VM operation: Cleanup
Event: 4160.490 Executing VM operation: Cleanup done
Event: 4207.228 Executing VM operation: HandshakeAllThreads
Event: 4207.228 Executing VM operation: HandshakeAllThreads done
Event: 4227.233 Executing VM operation: Cleanup
Event: 4227.233 Executing VM operation: Cleanup done
Event: 4235.236 Executing VM operation: Cleanup
Event: 4235.237 Executing VM operation: Cleanup done
Event: 4239.238 Executing VM operation: Cleanup
Event: 4239.238 Executing VM operation: Cleanup done
Event: 4242.239 Executing VM operation: Cleanup
Event: 4242.239 Executing VM operation: Cleanup done
Event: 4243.240 Executing VM operation: Cleanup
Event: 4243.245 Executing VM operation: Cleanup done
Event: 4244.245 Executing VM operation: Cleanup
Event: 4244.245 Executing VM operation: Cleanup done

Events (20 events):
Event: 3923.211 Thread 0x00007e4fcc0f60c0 flushing nmethod 0x00007e4fab597b10
Event: 3923.211 Thread 0x00007e4fcc0f60c0 flushing nmethod 0x00007e4fab5a2490
Event: 3923.212 Thread 0x00007e4fcc0f60c0 flushing nmethod 0x00007e4fab6c5b90
Event: 3923.220 Thread 0x00007e4fcc0f60c0 flushing nmethod 0x00007e4fabc33a10
Event: 3923.568 loading class java/awt/Polygon
Event: 3923.568 loading class java/awt/Polygon done
Event: 3923.568 loading class java/awt/Polygon$PolygonPathIterator
Event: 3923.569 loading class java/awt/Polygon$PolygonPathIterator done
Event: 3923.569 loading class sun/java2d/pipe/ShapeSpanIterator
Event: 3923.569 loading class sun/awt/geom/PathConsumer2D
Event: 3923.569 loading class sun/awt/geom/PathConsumer2D done
Event: 3923.569 loading class sun/java2d/pipe/ShapeSpanIterator done
Event: 4013.125 Thread 0x00007e4f916bc490 Thread exited: 0x00007e4f916bc490
Event: 4126.144 Thread 0x00007e4f8566be90 Thread added: 0x00007e4f8566be90
Event: 4126.144 Protecting memory [0x00007e4f26800000,0x00007e4f26804000] with protection modes 0
Event: 4186.142 Thread 0x00007e4f9173d5e0 Thread exited: 0x00007e4f9173d5e0
Event: 4242.523 Thread 0x00007e4f8566cb40 Thread added: 0x00007e4f8566cb40
Event: 4242.523 Protecting memory [0x00007e4f55100000,0x00007e4f55104000] with protection modes 0
Event: 4242.908 Thread 0x00007e4f9173d5e0 Thread added: 0x00007e4f9173d5e0
Event: 4242.919 Protecting memory [0x00007e4f4ff00000,0x00007e4f4ff04000] with protection modes 0


Dynamic libraries:
80000000-892c0000 rw-p 00000000 00:00 0 
892c0000-aaaa0000 ---p 00000000 00:00 0 
aaaa0000-bcfdb000 rw-p 00000000 00:00 0 
bcfdb000-100000000 ---p 00000000 00:00 0 
100000000-100010000 rw-p 00000000 00:00 0 
100010000-100030000 rw-p 00000000 00:00 0 
100030000-1000b0000 rw-p 00000000 00:00 0 
1000b0000-100130000 rw-p 00000000 00:00 0 
100130000-1001b0000 rw-p 00000000 00:00 0 
1001b0000-1001f0000 rw-p 00000000 00:00 0 
1001f0000-100230000 rw-p 00000000 00:00 0 
100230000-100270000 rw-p 00000000 00:00 0 
100270000-1002d0000 rw-p 00000000 00:00 0 
1002d0000-1002f0000 rw-p 00000000 00:00 0 
1002f0000-100350000 rw-p 00000000 00:00 0 
100350000-100370000 rw-p 00000000 00:00 0 
100370000-100470000 rw-p 00000000 00:00 0 
100470000-100530000 rw-p 00000000 00:00 0 
100530000-100570000 rw-p 00000000 00:00 0 
100570000-1005d0000 rw-p 00000000 00:00 0 
1005d0000-1005f0000 rw-p 00000000 00:00 0 
1005f0000-1006b0000 rw-p 00000000 00:00 0 
1006b0000-100930000 rw-p 00000000 00:00 0 
100930000-100970000 rw-p 00000000 00:00 0 
100970000-100b70000 rw-p 00000000 00:00 0 
100b70000-100d30000 rw-p 00000000 00:00 0 
100d30000-100d70000 rw-p 00000000 00:00 0 
100d70000-101350000 rw-p 00000000 00:00 0 
101350000-101370000 rw-p 00000000 00:00 0 
101370000-1017f0000 rw-p 00000000 00:00 0 
1017f0000-101bb0000 rw-p 00000000 00:00 0 
101bb0000-102030000 rw-p 00000000 00:00 0 
102030000-102060000 rw-p 00000000 00:00 0 
102060000-102080000 ---p 00000000 00:00 0 
102080000-102210000 rw-p 00000000 00:00 0 
102210000-140000000 ---p 00000000 00:00 0 
5cfd1b444000-5cfd1b445000 r--p 00000000 08:03 659977                     /home/ilmi/pycharm-community-2024.1/jbr/bin/java
5cfd1b445000-5cfd1b446000 r-xp 00001000 08:03 659977                     /home/ilmi/pycharm-community-2024.1/jbr/bin/java
5cfd1b446000-5cfd1b447000 r--p 00002000 08:03 659977                     /home/ilmi/pycharm-community-2024.1/jbr/bin/java
5cfd1b447000-5cfd1b448000 r--p 00002000 08:03 659977                     /home/ilmi/pycharm-community-2024.1/jbr/bin/java
5cfd1b448000-5cfd1b449000 rw-p 00003000 08:03 659977                     /home/ilmi/pycharm-community-2024.1/jbr/bin/java
5cfd1b857000-5cfd1d092000 rw-p 00000000 00:00 0                          [heap]
7e4f04000000-7e4f05c45000 rw-p 00000000 00:00 0 
7e4f05c45000-7e4f08000000 ---p 00000000 00:00 0 
7e4f0c000000-7e4f0c8f0000 rw-p 00000000 00:00 0 
7e4f0c8f0000-7e4f0c9f0000 rw-p 00000000 00:00 0 
7e4f0c9f0000-7e4f0d9b0000 rw-p 00000000 00:00 0 
7e4f0d9b0000-7e4f0d9f0000 rw-p 00000000 00:00 0 
7e4f0d9f0000-7e4f0daf0000 rw-p 00000000 00:00 0 
7e4f0daf0000-7e4f0dbf0000 rw-p 00000000 00:00 0 
7e4f0dbf0000-7e4f0e170000 rw-p 00000000 00:00 0 
7e4f0e170000-7e4f0e1f0000 rw-p 00000000 00:00 0 
7e4f0e1f0000-7e4f0e5d0000 rw-p 00000000 00:00 0 
7e4f0e5d0000-7e4f0e600000 ---p 00000000 00:00 0 
7e4f0e600000-7e4f0efb0000 rw-p 00000000 00:00 0 
7e4f0efb0000-7e4f10000000 ---p 00000000 00:00 0 
7e4f10000000-7e4f108f0000 rw-p 00000000 00:00 0 
7e4f108f0000-7e4f109f0000 rw-p 00000000 00:00 0 
7e4f109f0000-7e4f11bf0000 rw-p 00000000 00:00 0 
7e4f11bf0000-7e4f12170000 rw-p 00000000 00:00 0 
7e4f12170000-7e4f121f0000 rw-p 00000000 00:00 0 
7e4f121f0000-7e4f12af0000 rw-p 00000000 00:00 0 
7e4f12af0000-7e4f12bf0000 rw-p 00000000 00:00 0 
7e4f12bf0000-7e4f139d0000 rw-p 00000000 00:00 0 
7e4f139d0000-7e4f13af0000 rw-p 00000000 00:00 0 
7e4f13af0000-7e4f13cf0000 rw-p 00000000 00:00 0 
7e4f13cf0000-7e4f13ef0000 rw-p 00000000 00:00 0 
7e4f13ef0000-7e4f14000000 rw-p 00000000 00:00 0 
7e4f14000000-7e4f17fd2000 rw-p 00000000 00:00 0 
7e4f17fd2000-7e4f18000000 ---p 00000000 00:00 0 
7e4f18600000-7e4f18604000 ---p 00000000 00:00 0 
7e4f18604000-7e4f18700000 rw-p 00000000 00:00 0 
7e4f18700000-7e4f18704000 ---p 00000000 00:00 0 
7e4f18704000-7e4f18800000 rw-p 00000000 00:00 0 
7e4f18800000-7e4f18804000 ---p 00000000 00:00 0 
7e4f18804000-7e4f18900000 rw-p 00000000 00:00 0 
7e4f18900000-7e4f18904000 ---p 00000000 00:00 0 
7e4f18904000-7e4f18a00000 rw-p 00000000 00:00 0 
7e4f18a00000-7e4f18e00000 rw-s 00000000 08:03 1318544                    /home/ilmi/.cache/JetBrains/PyCharmCE2024.1/index/fastAttributes/TodoIndex.index.version.fast
7e4f18e00000-7e4f18e04000 ---p 00000000 00:00 0 
7e4f18e04000-7e4f18f00000 rw-p 00000000 00:00 0 
7e4f18f00000-7e4f18f04000 ---p 00000000 00:00 0 
7e4f18f04000-7e4f19000000 rw-p 00000000 00:00 0 
7e4f19000000-7e4f19400000 rw-s 00000000 08:03 1316318                    /home/ilmi/.cache/JetBrains/PyCharmCE2024.1/index/fast_index_stamps/attributes
7e4f19400000-7e4f19404000 ---p 00000000 00:00 0 
7e4f19404000-7e4f19500000 rw-p 00000000 00:00 0 
7e4f19500000-7e4f19504000 ---p 00000000 00:00 0 
7e4f19504000-7e4f19600000 rw-p 00000000 00:00 0 
7e4f19600000-7e4f19a00000 rw-s 00000000 08:03 1318165                    /home/ilmi/.cache/JetBrains/PyCharmCE2024.1/caches/extended-attributes/stubIndexStamp
7e4f19a00000-7e4f19a04000 ---p 00000000 00:00 0 
7e4f19a04000-7e4f19b00000 rw-p 00000000 00:00 0 
7e4f19b00000-7e4f19b04000 ---p 00000000 00:00 0 
7e4f19b04000-7e4f19c00000 rw-p 00000000 00:00 0 
7e4f19d00000-7e4f19d04000 ---p 00000000 00:00 0 
7e4f19d04000-7e4f19e00000 rw-p 00000000 00:00 0 
7e4f19e00000-7e4f19e04000 ---p 00000000 00:00 0 
7e4f19e04000-7e4f19f00000 rw-p 00000000 00:00 0 
7e4f19f00000-7e4f19f04000 ---p 00000000 00:00 0 
7e4f19f04000-7e4f1a000000 rw-p 00000000 00:00 0 
7e4f1a400000-7e4f1a404000 ---p 00000000 00:00 0 
7e4f1a404000-7e4f1a500000 rw-p 00000000 00:00 0 
7e4f1a600000-7e4f1a604000 ---p 00000000 00:00 0 
7e4f1a604000-7e4f1a700000 rw-p 00000000 00:00 0 
7e4f1ac00000-7e4f1b000000 rw-s 00000000 08:03 1316314                    /home/ilmi/.cache/JetBrains/PyCharmCE2024.1/index/fastAttributes/indexing.flag
7e4f1b000000-7e4f1b004000 ---p 00000000 00:00 0 
7e4f1b004000-7e4f1b100000 rw-p 00000000 00:00 0 
7e4f1b100000-7e4f1b104000 ---p 00000000 00:00 0 
7e4f1b104000-7e4f1b200000 rw-p 00000000 00:00 0 
7e4f1b200000-7e4f1b204000 ---p 00000000 00:00 0 
7e4f1b204000-7e4f1b300000 rw-p 00000000 00:00 0 
7e4f1b300000-7e4f1b304000 ---p 00000000 00:00 0 
7e4f1b304000-7e4f1b400000 rw-p 00000000 00:00 0 
7e4f1b400000-7e4f1b402000 r-xp 00000000 08:03 659958                     /home/ilmi/pycharm-community-2024.1/lib/pty4j/linux/x86-64/libpty.so
7e4f1b402000-7e4f1b602000 ---p 00002000 08:03 659958                     /home/ilmi/pycharm-community-2024.1/lib/pty4j/linux/x86-64/libpty.so
7e4f1b602000-7e4f1b603000 r--p 00002000 08:03 659958                     /home/ilmi/pycharm-community-2024.1/lib/pty4j/linux/x86-64/libpty.so
7e4f1b603000-7e4f1b604000 rw-p 00003000 08:03 659958                     /home/ilmi/pycharm-community-2024.1/lib/pty4j/linux/x86-64/libpty.so
7e4f1b700000-7e4f1b704000 ---p 00000000 00:00 0 
7e4f1b704000-7e4f1b800000 rw-p 00000000 00:00 0 
7e4f1b800000-7e4f1b804000 ---p 00000000 00:00 0 
7e4f1b804000-7e4f1b900000 rw-p 00000000 00:00 0 
7e4f1b900000-7e4f1b904000 ---p 00000000 00:00 0 
7e4f1b904000-7e4f1ba00000 rw-p 00000000 00:00 0 
7e4f1ba00000-7e4f1be00000 rw-s 00000000 08:03 1315896                    /home/ilmi/.cache/JetBrains/PyCharmCE2024.1/index/filetypes/filetypes.index.mmap
7e4f1be00000-7e4f1be04000 ---p 00000000 00:00 0 
7e4f1be04000-7e4f1bf00000 rw-p 00000000 00:00 0 
7e4f1bf00000-7e4f1bf04000 ---p 00000000 00:00 0 
7e4f1bf04000-7e4f1c000000 rw-p 00000000 00:00 0 
7e4f1c000000-7e4f1c015000 r-xp 00000000 08:03 659941                     /home/ilmi/pycharm-community-2024.1/bin/libdbm.so
7e4f1c015000-7e4f1c214000 ---p 00015000 08:03 659941                     /home/ilmi/pycharm-community-2024.1/bin/libdbm.so
7e4f1c214000-7e4f1c215000 r--p 00014000 08:03 659941                     /home/ilmi/pycharm-community-2024.1/bin/libdbm.so
7e4f1c215000-7e4f1c216000 rw-p 00015000 08:03 659941                     /home/ilmi/pycharm-community-2024.1/bin/libdbm.so
7e4f1c300000-7e4f1c304000 ---p 00000000 00:00 0 
7e4f1c304000-7e4f1c400000 rw-p 00000000 00:00 0 
7e4f1c400000-7e4f1ce0c000 r--s 00000000 08:03 1315828                    /home/ilmi/pycharm-community-2024.1/plugins/emojipicker/lib/emojipicker.jar
7e4f1cf00000-7e4f1cf04000 ---p 00000000 00:00 0 
7e4f1cf04000-7e4f1d6f0000 rw-p 00000000 00:00 0 
7e4f1d6f0000-7e4f1d7f0000 rw-p 00000000 00:00 0 
7e4f1d7f0000-7e4f1dcf0000 rw-p 00000000 00:00 0 
7e4f1dcf0000-7e4f1ddf0000 rw-p 00000000 00:00 0 
7e4f1ddf0000-7e4f1e370000 rw-p 00000000 00:00 0 
7e4f1e370000-7e4f1e3f0000 rw-p 00000000 00:00 0 
7e4f1e3f0000-7e4f1e4f0000 rw-p 00000000 00:00 0 
7e4f1e4f0000-7e4f1e5f0000 rw-p 00000000 00:00 0 
7e4f1e5f0000-7e4f1e770000 rw-p 00000000 00:00 0 
7e4f1e770000-7e4f1e7f0000 rw-p 00000000 00:00 0 
7e4f1e7f0000-7e4f1ef70000 rw-p 00000000 00:00 0 
7e4f1ef70000-7e4f1eff0000 rw-p 00000000 00:00 0 
7e4f1eff0000-7e4f1f4f0000 rw-p 00000000 00:00 0 
7e4f1f4f0000-7e4f1f5f0000 rw-p 00000000 00:00 0 
7e4f1f5f0000-7e4f206f0000 rw-p 00000000 00:00 0 
7e4f206f0000-7e4f207f0000 rw-p 00000000 00:00 0 
7e4f207f0000-7e4f21000000 rw-p 00000000 00:00 0 
7e4f21000000-7e4f21004000 ---p 00000000 00:00 0 
7e4f21004000-7e4f21100000 rw-p 00000000 00:00 0 
7e4f21100000-7e4f21104000 ---p 00000000 00:00 0 
7e4f21104000-7e4f21200000 rw-p 00000000 00:00 0 
7e4f21200000-7e4f22dc9000 r--s 00000000 08:03 1315825                    /home/ilmi/pycharm-community-2024.1/plugins/vcs-svn/lib/vcs-svn.jar
7e4f24200000-7e4f24600000 rw-s 00000000 08:03 1318161                    /home/ilmi/.cache/JetBrains/PyCharmCE2024.1/index/fastAttributes/IdIndex.index.version.fast
7e4f24800000-7e4f24c00000 rw-s 00000000 08:03 1318141                    /home/ilmi/.cache/JetBrains/PyCharmCE2024.1/index/fastAttributes/Stubs.index.version.fast
7e4f24e00000-7e4f25600000 rw-s 00000000 08:03 1204087                    /home/ilmi/.cache/JetBrains/PyCharmCE2024.1/caches/names.dat.mmap
7e4f256c4000-7e4f25800000 r--s 00000000 08:03 1315822                    /home/ilmi/pycharm-community-2024.1/plugins/completionMlRanking/lib/completionMlRanking.jar
7e4f25800000-7e4f26800000 rw-s 00000000 08:03 1204088                    /home/ilmi/.cache/JetBrains/PyCharmCE2024.1/caches/attributes.dat
7e4f26800000-7e4f26804000 ---p 00000000 00:00 0 
7e4f26804000-7e4f26900000 rw-p 00000000 00:00 0 
7e4f26900000-7e4f26904000 ---p 00000000 00:00 0 
7e4f26904000-7e4f26a00000 rw-p 00000000 00:00 0 
7e4f26a00000-7e4f2aa00000 rw-s 00000000 08:03 1204089                    /home/ilmi/.cache/JetBrains/PyCharmCE2024.1/caches/content.dat
7e4f2aa54000-7e4f2ac00000 r--s 00000000 08:03 1308737                    /home/ilmi/pycharm-community-2024.1/plugins/vcs-hg/lib/vcs-hg.jar
7e4f2ac00000-7e4f2ec00000 rw-s 00000000 08:03 1204090                    /home/ilmi/.cache/JetBrains/PyCharmCE2024.1/caches/records.dat
7e4f2ec2e000-7e4f2ec6e000 rw-s 00000000 08:03 1316316                    /home/ilmi/.cache/JetBrains/PyCharmCE2024.1/index/fast_index_stamps/enumerator.mmapped
7e4f2ec6e000-7e4f2ed00000 r--s 00000000 08:03 1308740                    /home/ilmi/pycharm-community-2024.1/plugins/copyright/lib/copyright.jar
7e4f2ed00000-7e4f2ed04000 ---p 00000000 00:00 0 
7e4f2ed04000-7e4f2ee00000 rw-p 00000000 00:00 0 
7e4f2ee00000-7e4f2ee01000 r--p 00000000 08:03 680324                     /usr/lib/x86_64-linux-gnu/libicudata.so.70.1
7e4f2ee01000-7e4f2ee02000 r-xp 00001000 08:03 680324                     /usr/lib/x86_64-linux-gnu/libicudata.so.70.1
7e4f2ee02000-7e4f30a1c000 r--p 00002000 08:03 680324                     /usr/lib/x86_64-linux-gnu/libicudata.so.70.1
7e4f30a1c000-7e4f30a1d000 r--p 01c1b000 08:03 680324                     /usr/lib/x86_64-linux-gnu/libicudata.so.70.1
7e4f30a1d000-7e4f30a1e000 rw-p 01c1c000 08:03 680324                     /usr/lib/x86_64-linux-gnu/libicudata.so.70.1
7e4f30a23000-7e4f30a89000 r--p 00000000 08:03 680334                     /usr/lib/x86_64-linux-gnu/libicuuc.so.70.1
7e4f30a89000-7e4f30b7c000 r-xp 00066000 08:03 680334                     /usr/lib/x86_64-linux-gnu/libicuuc.so.70.1
7e4f30b7c000-7e4f30c08000 r--p 00159000 08:03 680334                     /usr/lib/x86_64-linux-gnu/libicuuc.so.70.1
7e4f30c08000-7e4f30c1b000 r--p 001e4000 08:03 680334                     /usr/lib/x86_64-linux-gnu/libicuuc.so.70.1
7e4f30c1b000-7e4f30c1c000 rw-p 001f7000 08:03 680334                     /usr/lib/x86_64-linux-gnu/libicuuc.so.70.1
7e4f30c1c000-7e4f30c1e000 rw-p 00000000 00:00 0 
7e4f30c1e000-7e4f30c4d000 r--p 00000000 08:03 676702                     /usr/lib/x86_64-linux-gnu/libxml2.so.2.9.13
7e4f30c4d000-7e4f30da0000 r-xp 0002f000 08:03 676702                     /usr/lib/x86_64-linux-gnu/libxml2.so.2.9.13
7e4f30da0000-7e4f30df4000 r--p 00182000 08:03 676702                     /usr/lib/x86_64-linux-gnu/libxml2.so.2.9.13
7e4f30df4000-7e4f30df5000 ---p 001d6000 08:03 676702                     /usr/lib/x86_64-linux-gnu/libxml2.so.2.9.13
7e4f30df5000-7e4f30dfe000 r--p 001d6000 08:03 676702                     /usr/lib/x86_64-linux-gnu/libxml2.so.2.9.13
7e4f30dfe000-7e4f30dff000 rw-p 001df000 08:03 676702                     /usr/lib/x86_64-linux-gnu/libxml2.so.2.9.13
7e4f30dff000-7e4f30e00000 rw-p 00000000 00:00 0 
7e4f30e00000-7e4f30e9a000 r--p 00000000 08:03 681017                     /usr/lib/x86_64-linux-gnu/libstdc++.so.6.0.30
7e4f30e9a000-7e4f30fab000 r-xp 0009a000 08:03 681017                     /usr/lib/x86_64-linux-gnu/libstdc++.so.6.0.30
7e4f30fab000-7e4f3101a000 r--p 001ab000 08:03 681017                     /usr/lib/x86_64-linux-gnu/libstdc++.so.6.0.30
7e4f3101a000-7e4f3101b000 ---p 0021a000 08:03 681017                     /usr/lib/x86_64-linux-gnu/libstdc++.so.6.0.30
7e4f3101b000-7e4f31026000 r--p 0021a000 08:03 681017                     /usr/lib/x86_64-linux-gnu/libstdc++.so.6.0.30
7e4f31026000-7e4f31029000 rw-p 00225000 08:03 681017                     /usr/lib/x86_64-linux-gnu/libstdc++.so.6.0.30
7e4f31029000-7e4f3102c000 rw-p 00000000 00:00 0 
7e4f3102c000-7e4f31083000 r--s 00000000 08:03 1315819                    /home/ilmi/pycharm-community-2024.1/plugins/configurationScript/lib/configurationScript.jar
7e4f31083000-7e4f31100000 r--p 00000000 08:03 804086                     /usr/share/fonts/truetype/noto/NotoSansMono-Regular.ttf
7e4f31100000-7e4f31104000 ---p 00000000 00:00 0 
7e4f31104000-7e4f31200000 rw-p 00000000 00:00 0 
7e4f31200000-7e4f37912000 r-xp 00000000 08:03 679389                     /usr/lib/x86_64-linux-gnu/libLLVM-15.so.1
7e4f37912000-7e4f38130000 r--p 06711000 08:03 679389                     /usr/lib/x86_64-linux-gnu/libLLVM-15.so.1
7e4f38130000-7e4f38176000 rw-p 06f2f000 08:03 679389                     /usr/lib/x86_64-linux-gnu/libLLVM-15.so.1
7e4f38176000-7e4f381f2000 rw-p 00000000 00:00 0 
7e4f38200000-7e4f38296000 r--p 00000000 08:03 654105                     /usr/lib/x86_64-linux-gnu/dri/swrast_dri.so
7e4f38296000-7e4f39596000 r-xp 00096000 08:03 654105                     /usr/lib/x86_64-linux-gnu/dri/swrast_dri.so
7e4f39596000-7e4f3a082000 r--p 01396000 08:03 654105                     /usr/lib/x86_64-linux-gnu/dri/swrast_dri.so
7e4f3a082000-7e4f3a109000 r--p 01e81000 08:03 654105                     /usr/lib/x86_64-linux-gnu/dri/swrast_dri.so
7e4f3a109000-7e4f3a11b000 rw-p 01f08000 08:03 654105                     /usr/lib/x86_64-linux-gnu/dri/swrast_dri.so
7e4f3a11b000-7e4f3a2db000 rw-p 00000000 00:00 0 
7e4f3a2e2000-7e4f3a2e6000 ---p 00000000 00:00 0 
7e4f3a2e6000-7e4f3a304000 rw-p 00000000 00:00 0 
7e4f3a304000-7e4f3a382000 r--p 00000000 08:03 803959                     /usr/share/fonts/truetype/noto/NotoSans-Regular.ttf
7e4f3a382000-7e4f3a400000 r--p 00000000 08:03 803959                     /usr/share/fonts/truetype/noto/NotoSans-Regular.ttf
7e4f3a400000-7e4f3af34000 r--s 00000000 08:03 1315735                    /home/ilmi/pycharm-community-2024.1/plugins/vcs-gitlab/lib/vcs-gitlab.jar
7e4f3af35000-7e4f3af39000 ---p 00000000 00:00 0 
7e4f3af39000-7e4f3af57000 rw-p 00000000 00:00 0 
7e4f3af57000-7e4f3af62000 r--s 00000000 08:03 659825                     /home/ilmi/pycharm-community-2024.1/plugins/color-scheme-warmNeon/lib/color-scheme-warmNeon.jar
7e4f3af62000-7e4f3af70000 r--s 00000000 08:03 1308721                    /home/ilmi/pycharm-community-2024.1/plugins/color-scheme-twilight/lib/color-scheme-twilight.jar
7e4f3af70000-7e4f3b070000 rw-s 00000000 08:03 1204093                    /home/ilmi/.cache/JetBrains/PyCharmCE2024.1/caches/content.dat.hashToId
7e4f3b070000-7e4f3b0b0000 r--p 00000000 08:03 679144                     /usr/lib/x86_64-linux-gnu/libGLdispatch.so.0.0.0
7e4f3b0b0000-7e4f3b0ef000 r-xp 00040000 08:03 679144                     /usr/lib/x86_64-linux-gnu/libGLdispatch.so.0.0.0
7e4f3b0ef000-7e4f3b102000 r--p 0007f000 08:03 679144                     /usr/lib/x86_64-linux-gnu/libGLdispatch.so.0.0.0
7e4f3b102000-7e4f3b103000 ---p 00092000 08:03 679144                     /usr/lib/x86_64-linux-gnu/libGLdispatch.so.0.0.0
7e4f3b103000-7e4f3b11f000 r--p 00092000 08:03 679144                     /usr/lib/x86_64-linux-gnu/libGLdispatch.so.0.0.0
7e4f3b11f000-7e4f3b120000 rw-p 000ae000 08:03 679144                     /usr/lib/x86_64-linux-gnu/libGLdispatch.so.0.0.0
7e4f3b120000-7e4f3b128000 rw-p 00000000 00:00 0 
7e4f3b128000-7e4f3b137000 r--p 00000000 08:03 680170                     /usr/lib/x86_64-linux-gnu/libgcrypt.so.20.3.4
7e4f3b137000-7e4f3b21d000 r-xp 0000f000 08:03 680170                     /usr/lib/x86_64-linux-gnu/libgcrypt.so.20.3.4
7e4f3b21d000-7e4f3b25b000 r--p 000f5000 08:03 680170                     /usr/lib/x86_64-linux-gnu/libgcrypt.so.20.3.4
7e4f3b25b000-7e4f3b25c000 ---p 00133000 08:03 680170                     /usr/lib/x86_64-linux-gnu/libgcrypt.so.20.3.4
7e4f3b25c000-7e4f3b25f000 r--p 00133000 08:03 680170                     /usr/lib/x86_64-linux-gnu/libgcrypt.so.20.3.4
7e4f3b25f000-7e4f3b265000 rw-p 00136000 08:03 680170                     /usr/lib/x86_64-linux-gnu/libgcrypt.so.20.3.4
7e4f3b265000-7e4f3b266000 rw-p 00000000 00:00 0 
7e4f3b266000-7e4f3b270000 r--p 00000000 08:03 681322                     /usr/lib/x86_64-linux-gnu/libzstd.so.1.4.8
7e4f3b270000-7e4f3b322000 r-xp 0000a000 08:03 681322                     /usr/lib/x86_64-linux-gnu/libzstd.so.1.4.8
7e4f3b322000-7e4f3b333000 r--p 000bc000 08:03 681322                     /usr/lib/x86_64-linux-gnu/libzstd.so.1.4.8
7e4f3b333000-7e4f3b334000 r--p 000cc000 08:03 681322                     /usr/lib/x86_64-linux-gnu/libzstd.so.1.4.8
7e4f3b334000-7e4f3b335000 rw-p 000cd000 08:03 681322                     /usr/lib/x86_64-linux-gnu/libzstd.so.1.4.8
7e4f3b335000-7e4f3b348000 r--p 00000000 08:03 654204                     /usr/lib/x86_64-linux-gnu/libsystemd.so.0.32.0
7e4f3b348000-7e4f3b3c7000 r-xp 00013000 08:03 654204                     /usr/lib/x86_64-linux-gnu/libsystemd.so.0.32.0
7e4f3b3c7000-7e4f3b3f2000 r--p 00092000 08:03 654204                     /usr/lib/x86_64-linux-gnu/libsystemd.so.0.32.0
7e4f3b3f2000-7e4f3b3f3000 ---p 000bd000 08:03 654204                     /usr/lib/x86_64-linux-gnu/libsystemd.so.0.32.0
7e4f3b3f3000-7e4f3b3fa000 r--p 000bd000 08:03 654204                     /usr/lib/x86_64-linux-gnu/libsystemd.so.0.32.0
7e4f3b3fa000-7e4f3b3fb000 rw-p 000c4000 08:03 654204                     /usr/lib/x86_64-linux-gnu/libsystemd.so.0.32.0
7e4f3b3fb000-7e4f3b3fc000 rw-p 00000000 00:00 0 
7e4f3b3fc000-7e4f3b405000 r--p 00000000 08:03 680286                     /usr/lib/x86_64-linux-gnu/libharfbuzz.so.0.20704.0
7e4f3b405000-7e4f3b496000 r-xp 00009000 08:03 680286                     /usr/lib/x86_64-linux-gnu/libharfbuzz.so.0.20704.0
7e4f3b496000-7e4f3b4c8000 r--p 0009a000 08:03 680286                     /usr/lib/x86_64-linux-gnu/libharfbuzz.so.0.20704.0
7e4f3b4c8000-7e4f3b4c9000 ---p 000cc000 08:03 680286                     /usr/lib/x86_64-linux-gnu/libharfbuzz.so.0.20704.0
7e4f3b4c9000-7e4f3b4ca000 r--p 000cc000 08:03 680286                     /usr/lib/x86_64-linux-gnu/libharfbuzz.so.0.20704.0
7e4f3b4ca000-7e4f3b4cb000 rw-p 000cd000 08:03 680286                     /usr/lib/x86_64-linux-gnu/libharfbuzz.so.0.20704.0
7e4f3b4cb000-7e4f3b52b000 r--p 00000000 08:03 680045                     /usr/lib/x86_64-linux-gnu/libepoxy.so.0.0.0
7e4f3b52b000-7e4f3b594000 r-xp 00060000 08:03 680045                     /usr/lib/x86_64-linux-gnu/libepoxy.so.0.0.0
7e4f3b594000-7e4f3b5f1000 r--p 000c9000 08:03 680045                     /usr/lib/x86_64-linux-gnu/libepoxy.so.0.0.0
7e4f3b5f1000-7e4f3b5f9000 r--p 00125000 08:03 680045                     /usr/lib/x86_64-linux-gnu/libepoxy.so.0.0.0
7e4f3b5f9000-7e4f3b600000 rw-p 0012d000 08:03 680045                     /usr/lib/x86_64-linux-gnu/libepoxy.so.0.0.0
7e4f3b600000-7e4f3b684000 r--p 00000000 08:03 680276                     /usr/lib/x86_64-linux-gnu/libgtk-3.so.0.2404.29
7e4f3b684000-7e4f3ba07000 r-xp 00084000 08:03 680276                     /usr/lib/x86_64-linux-gnu/libgtk-3.so.0.2404.29
7e4f3ba07000-7e4f3be12000 r--p 00407000 08:03 680276                     /usr/lib/x86_64-linux-gnu/libgtk-3.so.0.2404.29
7e4f3be12000-7e4f3be22000 r--p 00811000 08:03 680276                     /usr/lib/x86_64-linux-gnu/libgtk-3.so.0.2404.29
7e4f3be22000-7e4f3be24000 rw-p 00821000 08:03 680276                     /usr/lib/x86_64-linux-gnu/libgtk-3.so.0.2404.29
7e4f3be24000-7e4f3be29000 rw-p 00000000 00:00 0 
7e4f3be30000-7e4f3be3e000 r--s 00000000 08:03 1308734                    /home/ilmi/pycharm-community-2024.1/plugins/color-scheme-monokai/lib/color-scheme-monokai.jar
7e4f3be3e000-7e4f3be4c000 r--s 00000000 08:03 1315816                    /home/ilmi/pycharm-community-2024.1/plugins/color-scheme-github/lib/color-scheme-github.jar
7e4f3be4c000-7e4f3be5a000 r--p 00000000 08:03 681063                     /usr/lib/x86_64-linux-gnu/libtinfo.so.6.3
7e4f3be5a000-7e4f3be6b000 r-xp 0000e000 08:03 681063                     /usr/lib/x86_64-linux-gnu/libtinfo.so.6.3
7e4f3be6b000-7e4f3be79000 r--p 0001f000 08:03 681063                     /usr/lib/x86_64-linux-gnu/libtinfo.so.6.3
7e4f3be79000-7e4f3be7d000 r--p 0002c000 08:03 681063                     /usr/lib/x86_64-linux-gnu/libtinfo.so.6.3
7e4f3be7d000-7e4f3be7e000 rw-p 00030000 08:03 681063                     /usr/lib/x86_64-linux-gnu/libtinfo.so.6.3
7e4f3be7e000-7e4f3be86000 r--p 00000000 08:03 680033                     /usr/lib/x86_64-linux-gnu/libedit.so.2.0.68
7e4f3be86000-7e4f3bea4000 r-xp 00008000 08:03 680033                     /usr/lib/x86_64-linux-gnu/libedit.so.2.0.68
7e4f3bea4000-7e4f3beb1000 r--p 00026000 08:03 680033                     /usr/lib/x86_64-linux-gnu/libedit.so.2.0.68
7e4f3beb1000-7e4f3beb3000 r--p 00032000 08:03 680033                     /usr/lib/x86_64-linux-gnu/libedit.so.2.0.68
7e4f3beb3000-7e4f3beb4000 rw-p 00034000 08:03 680033                     /usr/lib/x86_64-linux-gnu/libedit.so.2.0.68
7e4f3beb4000-7e4f3beb8000 rw-p 00000000 00:00 0 
7e4f3beb8000-7e4f3bebb000 r--p 00000000 08:03 680166                     /usr/lib/x86_64-linux-gnu/libgcc_s.so.1
7e4f3bebb000-7e4f3bed2000 r-xp 00003000 08:03 680166                     /usr/lib/x86_64-linux-gnu/libgcc_s.so.1
7e4f3bed2000-7e4f3bed6000 r--p 0001a000 08:03 680166                     /usr/lib/x86_64-linux-gnu/libgcc_s.so.1
7e4f3bed6000-7e4f3bed7000 r--p 0001d000 08:03 680166                     /usr/lib/x86_64-linux-gnu/libgcc_s.so.1
7e4f3bed7000-7e4f3bed8000 rw-p 0001e000 08:03 680166                     /usr/lib/x86_64-linux-gnu/libgcc_s.so.1
7e4f3bed8000-7e4f3beea000 r--p 00000000 08:03 679885                     /usr/lib/x86_64-linux-gnu/libcairo.so.2.11600.0
7e4f3beea000-7e4f3bfbd000 r-xp 00012000 08:03 679885                     /usr/lib/x86_64-linux-gnu/libcairo.so.2.11600.0
7e4f3bfbd000-7e4f3bffa000 r--p 000e5000 08:03 679885                     /usr/lib/x86_64-linux-gnu/libcairo.so.2.11600.0
7e4f3bffa000-7e4f3bffe000 r--p 00121000 08:03 679885                     /usr/lib/x86_64-linux-gnu/libcairo.so.2.11600.0
7e4f3bffe000-7e4f3bfff000 rw-p 00125000 08:03 679885                     /usr/lib/x86_64-linux-gnu/libcairo.so.2.11600.0
7e4f3bfff000-7e4f3c000000 rw-p 00000000 00:00 0 
7e4f3c000000-7e4f3c303000 r--s 00000000 08:03 1315766                    /home/ilmi/pycharm-community-2024.1/plugins/editorconfig/lib/editorconfig.jar
7e4f3c306000-7e4f3c308000 r--p 00000000 08:03 680731                     /usr/lib/x86_64-linux-gnu/libpciaccess.so.0.11.1
7e4f3c308000-7e4f3c30d000 r-xp 00002000 08:03 680731                     /usr/lib/x86_64-linux-gnu/libpciaccess.so.0.11.1
7e4f3c30d000-7e4f3c30f000 r--p 00007000 08:03 680731                     /usr/lib/x86_64-linux-gnu/libpciaccess.so.0.11.1
7e4f3c30f000-7e4f3c310000 r--p 00008000 08:03 680731                     /usr/lib/x86_64-linux-gnu/libpciaccess.so.0.11.1
7e4f3c310000-7e4f3c311000 rw-p 00009000 08:03 680731                     /usr/lib/x86_64-linux-gnu/libpciaccess.so.0.11.1
7e4f3c311000-7e4f3c314000 r--p 00000000 08:03 680011                     /usr/lib/x86_64-linux-gnu/libdrm_intel.so.1.0.0
7e4f3c314000-7e4f3c32b000 r-xp 00003000 08:03 680011                     /usr/lib/x86_64-linux-gnu/libdrm_intel.so.1.0.0
7e4f3c32b000-7e4f3c335000 r--p 0001a000 08:03 680011                     /usr/lib/x86_64-linux-gnu/libdrm_intel.so.1.0.0
7e4f3c335000-7e4f3c336000 r--p 00023000 08:03 680011                     /usr/lib/x86_64-linux-gnu/libdrm_intel.so.1.0.0
7e4f3c336000-7e4f3c337000 rw-p 00024000 08:03 680011                     /usr/lib/x86_64-linux-gnu/libdrm_intel.so.1.0.0
7e4f3c337000-7e4f3c339000 r--p 00000000 08:03 680013                     /usr/lib/x86_64-linux-gnu/libdrm_nouveau.so.2.0.0
7e4f3c339000-7e4f3c33e000 r-xp 00002000 08:03 680013                     /usr/lib/x86_64-linux-gnu/libdrm_nouveau.so.2.0.0
7e4f3c33e000-7e4f3c340000 r--p 00007000 08:03 680013                     /usr/lib/x86_64-linux-gnu/libdrm_nouveau.so.2.0.0
7e4f3c340000-7e4f3c341000 r--p 00008000 08:03 680013                     /usr/lib/x86_64-linux-gnu/libdrm_nouveau.so.2.0.0
7e4f3c341000-7e4f3c342000 rw-p 00009000 08:03 680013                     /usr/lib/x86_64-linux-gnu/libdrm_nouveau.so.2.0.0
7e4f3c342000-7e4f3c34f000 r--p 00000000 08:03 658998                     /usr/lib/x86_64-linux-gnu/libglapi.so.0.0.0
7e4f3c34f000-7e4f3c35d000 r-xp 0000d000 08:03 658998                     /usr/lib/x86_64-linux-gnu/libglapi.so.0.0.0
7e4f3c35d000-7e4f3c371000 r--p 0001b000 08:03 658998                     /usr/lib/x86_64-linux-gnu/libglapi.so.0.0.0
7e4f3c371000-7e4f3c372000 ---p 0002f000 08:03 658998                     /usr/lib/x86_64-linux-gnu/libglapi.so.0.0.0
7e4f3c372000-7e4f3c376000 r--p 0002f000 08:03 658998                     /usr/lib/x86_64-linux-gnu/libglapi.so.0.0.0
7e4f3c376000-7e4f3c377000 rw-p 00033000 08:03 658998                     /usr/lib/x86_64-linux-gnu/libglapi.so.0.0.0
7e4f3c377000-7e4f3c3a2000 r--p 00000000 08:03 680178                     /usr/lib/x86_64-linux-gnu/libgdk-3.so.0.2404.29
7e4f3c3a2000-7e4f3c425000 r-xp 0002b000 08:03 680178                     /usr/lib/x86_64-linux-gnu/libgdk-3.so.0.2404.29
7e4f3c425000-7e4f3c472000 r--p 000ae000 08:03 680178                     /usr/lib/x86_64-linux-gnu/libgdk-3.so.0.2404.29
7e4f3c472000-7e4f3c47b000 r--p 000fa000 08:03 680178                     /usr/lib/x86_64-linux-gnu/libgdk-3.so.0.2404.29
7e4f3c47b000-7e4f3c47d000 rw-p 00103000 08:03 680178                     /usr/lib/x86_64-linux-gnu/libgdk-3.so.0.2404.29
7e4f3c47d000-7e4f3c47e000 rw-p 00000000 00:00 0 
7e4f3c47e000-7e4f3c579000 r--s 00000000 08:03 659828                     /home/ilmi/pycharm-community-2024.1/plugins/textmate/lib/textmate.jar
7e4f3c579000-7e4f3c700000 r--s 00000000 08:03 1308724                    /home/ilmi/pycharm-community-2024.1/plugins/yaml/lib/yaml.jar
7e4f3c700000-7e4f3c704000 ---p 00000000 00:00 0 
7e4f3c704000-7e4f3c800000 rw-p 00000000 00:00 0 
7e4f3c800000-7e4f3d45e000 r--s 00000000 08:03 1308728                    /home/ilmi/pycharm-community-2024.1/plugins/vcs-git/lib/vcs-git.jar
7e4f3d463000-7e4f3d466000 r--p 00000000 08:03 680009                     /usr/lib/x86_64-linux-gnu/libdrm_amdgpu.so.1.0.0
7e4f3d466000-7e4f3d46b000 r-xp 00003000 08:03 680009                     /usr/lib/x86_64-linux-gnu/libdrm_amdgpu.so.1.0.0
7e4f3d46b000-7e4f3d46d000 r--p 00008000 08:03 680009                     /usr/lib/x86_64-linux-gnu/libdrm_amdgpu.so.1.0.0
7e4f3d46d000-7e4f3d46e000 r--p 00009000 08:03 680009                     /usr/lib/x86_64-linux-gnu/libdrm_amdgpu.so.1.0.0
7e4f3d46e000-7e4f3d46f000 rw-p 0000a000 08:03 680009                     /usr/lib/x86_64-linux-gnu/libdrm_amdgpu.so.1.0.0
7e4f3d46f000-7e4f3d472000 r--p 00000000 08:03 680040                     /usr/lib/x86_64-linux-gnu/libelf-0.186.so
7e4f3d472000-7e4f3d486000 r-xp 00003000 08:03 680040                     /usr/lib/x86_64-linux-gnu/libelf-0.186.so
7e4f3d486000-7e4f3d48a000 r--p 00017000 08:03 680040                     /usr/lib/x86_64-linux-gnu/libelf-0.186.so
7e4f3d48a000-7e4f3d48b000 ---p 0001b000 08:03 680040                     /usr/lib/x86_64-linux-gnu/libelf-0.186.so
7e4f3d48b000-7e4f3d48c000 r--p 0001b000 08:03 680040                     /usr/lib/x86_64-linux-gnu/libelf-0.186.so
7e4f3d48c000-7e4f3d48d000 rw-p 0001c000 08:03 680040                     /usr/lib/x86_64-linux-gnu/libelf-0.186.so
7e4f3d48d000-7e4f3d4a6000 r--p 00000000 08:03 654564                     /usr/lib/x86_64-linux-gnu/libGLX_mesa.so.0.0.0
7e4f3d4a6000-7e4f3d4e5000 r-xp 00019000 08:03 654564                     /usr/lib/x86_64-linux-gnu/libGLX_mesa.so.0.0.0
7e4f3d4e5000-7e4f3d4fb000 r--p 00058000 08:03 654564                     /usr/lib/x86_64-linux-gnu/libGLX_mesa.so.0.0.0
7e4f3d4fb000-7e4f3d4fe000 r--p 0006d000 08:03 654564                     /usr/lib/x86_64-linux-gnu/libGLX_mesa.so.0.0.0
7e4f3d4fe000-7e4f3d4ff000 rw-p 00070000 08:03 654564                     /usr/lib/x86_64-linux-gnu/libGLX_mesa.so.0.0.0
7e4f3d4ff000-7e4f3d500000 rw-p 00000000 00:00 0 
7e4f3d500000-7e4f3d504000 ---p 00000000 00:00 0 
7e4f3d504000-7e4f3d600000 rw-p 00000000 00:00 0 
7e4f3d600000-7e4f3dfa8000 r--s 00000000 08:03 1315788                    /home/ilmi/pycharm-community-2024.1/plugins/cwm-plugin/lib/cwm-common.jar
7e4f3dfad000-7e4f3dfaf000 r--p 00000000 08:03 680015                     /usr/lib/x86_64-linux-gnu/libdrm_radeon.so.1.0.1
7e4f3dfaf000-7e4f3dfb6000 r-xp 00002000 08:03 680015                     /usr/lib/x86_64-linux-gnu/libdrm_radeon.so.1.0.1
7e4f3dfb6000-7e4f3dfba000 r--p 00009000 08:03 680015                     /usr/lib/x86_64-linux-gnu/libdrm_radeon.so.1.0.1
7e4f3dfba000-7e4f3dfbb000 r--p 0000c000 08:03 680015                     /usr/lib/x86_64-linux-gnu/libdrm_radeon.so.1.0.1
7e4f3dfbb000-7e4f3dfbc000 rw-p 0000d000 08:03 680015                     /usr/lib/x86_64-linux-gnu/libdrm_radeon.so.1.0.1
7e4f3dfbc000-7e4f3dfbe000 r--p 00000000 08:03 680924                     /usr/lib/x86_64-linux-gnu/libsensors.so.5.0.0
7e4f3dfbe000-7e4f3dfc5000 r-xp 00002000 08:03 680924                     /usr/lib/x86_64-linux-gnu/libsensors.so.5.0.0
7e4f3dfc5000-7e4f3dfc9000 r--p 00009000 08:03 680924                     /usr/lib/x86_64-linux-gnu/libsensors.so.5.0.0
7e4f3dfc9000-7e4f3dfca000 ---p 0000d000 08:03 680924                     /usr/lib/x86_64-linux-gnu/libsensors.so.5.0.0
7e4f3dfca000-7e4f3dfcb000 r--p 0000d000 08:03 680924                     /usr/lib/x86_64-linux-gnu/libsensors.so.5.0.0
7e4f3dfcb000-7e4f3dfcc000 rw-p 0000e000 08:03 680924                     /usr/lib/x86_64-linux-gnu/libsensors.so.5.0.0
7e4f3dfcc000-7e4f3dfcf000 r--p 00000000 08:03 679139                     /usr/lib/x86_64-linux-gnu/libGLX.so.0.0.0
7e4f3dfcf000-7e4f3dfea000 r-xp 00003000 08:03 679139                     /usr/lib/x86_64-linux-gnu/libGLX.so.0.0.0
7e4f3dfea000-7e4f3dfed000 r--p 0001e000 08:03 679139                     /usr/lib/x86_64-linux-gnu/libGLX.so.0.0.0
7e4f3dfed000-7e4f3dfee000 ---p 00021000 08:03 679139                     /usr/lib/x86_64-linux-gnu/libGLX.so.0.0.0
7e4f3dfee000-7e4f3dfef000 r--p 00021000 08:03 679139                     /usr/lib/x86_64-linux-gnu/libGLX.so.0.0.0
7e4f3dfef000-7e4f3dff0000 rw-p 00022000 08:03 679139                     /usr/lib/x86_64-linux-gnu/libGLX.so.0.0.0
7e4f3dff0000-7e4f3e000000 rw-p 00000000 00:00 0 
7e4f3e000000-7e4f3e663000 r--s 00000000 08:03 1315799                    /home/ilmi/pycharm-community-2024.1/plugins/cwm-plugin/lib/cwm-model.jar
7e4f3e665000-7e4f3e668000 r--p 00000000 08:03 681268                     /usr/lib/x86_64-linux-gnu/libxcb-xfixes.so.0.0.0
7e4f3e668000-7e4f3e66b000 r-xp 00003000 08:03 681268                     /usr/lib/x86_64-linux-gnu/libxcb-xfixes.so.0.0.0
7e4f3e66b000-7e4f3e66c000 r--p 00006000 08:03 681268                     /usr/lib/x86_64-linux-gnu/libxcb-xfixes.so.0.0.0
7e4f3e66c000-7e4f3e66d000 ---p 00007000 08:03 681268                     /usr/lib/x86_64-linux-gnu/libxcb-xfixes.so.0.0.0
7e4f3e66d000-7e4f3e66e000 r--p 00007000 08:03 681268                     /usr/lib/x86_64-linux-gnu/libxcb-xfixes.so.0.0.0
7e4f3e66e000-7e4f3e66f000 rw-p 00008000 08:03 681268                     /usr/lib/x86_64-linux-gnu/libxcb-xfixes.so.0.0.0
7e4f3e66f000-7e4f3e672000 r--p 00000000 08:03 681264                     /usr/lib/x86_64-linux-gnu/libxcb-sync.so.1.0.0
7e4f3e672000-7e4f3e675000 r-xp 00003000 08:03 681264                     /usr/lib/x86_64-linux-gnu/libxcb-sync.so.1.0.0
7e4f3e675000-7e4f3e676000 r--p 00006000 08:03 681264                     /usr/lib/x86_64-linux-gnu/libxcb-sync.so.1.0.0
7e4f3e676000-7e4f3e677000 ---p 00007000 08:03 681264                     /usr/lib/x86_64-linux-gnu/libxcb-sync.so.1.0.0
7e4f3e677000-7e4f3e678000 r--p 00007000 08:03 681264                     /usr/lib/x86_64-linux-gnu/libxcb-sync.so.1.0.0
7e4f3e678000-7e4f3e679000 rw-p 00008000 08:03 681264                     /usr/lib/x86_64-linux-gnu/libxcb-sync.so.1.0.0
7e4f3e679000-7e4f3e6bc000 r--p 00000000 08:03 679133                     /usr/lib/x86_64-linux-gnu/libGL.so.1.7.0
7e4f3e6bc000-7e4f3e6db000 r-xp 00043000 08:03 679133                     /usr/lib/x86_64-linux-gnu/libGL.so.1.7.0
7e4f3e6db000-7e4f3e6f0000 r--p 00062000 08:03 679133                     /usr/lib/x86_64-linux-gnu/libGL.so.1.7.0
7e4f3e6f0000-7e4f3e6fe000 r--p 00076000 08:03 679133                     /usr/lib/x86_64-linux-gnu/libGL.so.1.7.0
7e4f3e6fe000-7e4f3e6ff000 rw-p 00084000 08:03 679133                     /usr/lib/x86_64-linux-gnu/libGL.so.1.7.0
7e4f3e6ff000-7e4f3e700000 rw-p 00000000 00:00 0 
7e4f3e700000-7e4f3e704000 ---p 00000000 00:00 0 
7e4f3e704000-7e4f3e800000 rw-p 00000000 00:00 0 
7e4f3e800000-7e4f3fcb6000 r--s 00000000 08:03 1315810                    /home/ilmi/pycharm-community-2024.1/plugins/cwm-plugin/lib/cwm-host.jar
7e4f3fcbd000-7e4f3fcc8000 r--p 00000000 08:03 681240                     /usr/lib/x86_64-linux-gnu/libxcb-glx.so.0.0.0
7e4f3fcc8000-7e4f3fcd1000 r-xp 0000b000 08:03 681240                     /usr/lib/x86_64-linux-gnu/libxcb-glx.so.0.0.0
7e4f3fcd1000-7e4f3fcd6000 r--p 00014000 08:03 681240                     /usr/lib/x86_64-linux-gnu/libxcb-glx.so.0.0.0
7e4f3fcd6000-7e4f3fcd7000 ---p 00019000 08:03 681240                     /usr/lib/x86_64-linux-gnu/libxcb-glx.so.0.0.0
7e4f3fcd7000-7e4f3fcd9000 r--p 00019000 08:03 681240                     /usr/lib/x86_64-linux-gnu/libxcb-glx.so.0.0.0
7e4f3fcd9000-7e4f3fcda000 rw-p 0001b000 08:03 681240                     /usr/lib/x86_64-linux-gnu/libxcb-glx.so.0.0.0
7e4f3fcda000-7e4f3fcde000 r--p 00000000 08:03 680208                     /usr/lib/x86_64-linux-gnu/libgpg-error.so.0.32.1
7e4f3fcde000-7e4f3fcf4000 r-xp 00004000 08:03 680208                     /usr/lib/x86_64-linux-gnu/libgpg-error.so.0.32.1
7e4f3fcf4000-7e4f3fcfe000 r--p 0001a000 08:03 680208                     /usr/lib/x86_64-linux-gnu/libgpg-error.so.0.32.1
7e4f3fcfe000-7e4f3fcff000 r--p 00023000 08:03 680208                     /usr/lib/x86_64-linux-gnu/libgpg-error.so.0.32.1
7e4f3fcff000-7e4f3fd00000 rw-p 00024000 08:03 680208                     /usr/lib/x86_64-linux-gnu/libgpg-error.so.0.32.1
7e4f3fd00000-7e4f3fd04000 ---p 00000000 00:00 0 
7e4f3fd04000-7e4f3fe00000 rw-p 00000000 00:00 0 
7e4f3fe00000-7e4f402cd000 r--s 00000000 08:03 1308743                    /home/ilmi/pycharm-community-2024.1/plugins/markdown/lib/markdown.jar
7e4f402cf000-7e4f402d0000 r--p 00000000 08:03 681248                     /usr/lib/x86_64-linux-gnu/libxcb-present.so.0.0.0
7e4f402d0000-7e4f402d1000 r-xp 00001000 08:03 681248                     /usr/lib/x86_64-linux-gnu/libxcb-present.so.0.0.0
7e4f402d1000-7e4f402d2000 r--p 00002000 08:03 681248                     /usr/lib/x86_64-linux-gnu/libxcb-present.so.0.0.0
7e4f402d2000-7e4f402d3000 r--p 00002000 08:03 681248                     /usr/lib/x86_64-linux-gnu/libxcb-present.so.0.0.0
7e4f402d3000-7e4f402d4000 rw-p 00003000 08:03 681248                     /usr/lib/x86_64-linux-gnu/libxcb-present.so.0.0.0
7e4f402d4000-7e4f402d7000 r--p 00000000 08:03 680498                     /usr/lib/x86_64-linux-gnu/liblzma.so.5.2.5
7e4f402d7000-7e4f402f2000 r-xp 00003000 08:03 680498                     /usr/lib/x86_64-linux-gnu/liblzma.so.5.2.5
7e4f402f2000-7e4f402fd000 r--p 0001e000 08:03 680498                     /usr/lib/x86_64-linux-gnu/liblzma.so.5.2.5
7e4f402fd000-7e4f402fe000 r--p 00028000 08:03 680498                     /usr/lib/x86_64-linux-gnu/liblzma.so.5.2.5
7e4f402fe000-7e4f402ff000 rw-p 00029000 08:03 680498                     /usr/lib/x86_64-linux-gnu/liblzma.so.5.2.5
7e4f402ff000-7e4f40400000 rw-p 00000000 00:00 0 
7e4f40400000-7e4f4185d000 r--s 00000000 08:03 1315775                    /home/ilmi/pycharm-community-2024.1/plugins/performanceTesting/lib/performanceTesting.jar
7e4f4185f000-7e4f41861000 r--p 00000000 08:03 680496                     /usr/lib/x86_64-linux-gnu/liblz4.so.1.9.3
7e4f41861000-7e4f4187a000 r-xp 00002000 08:03 680496                     /usr/lib/x86_64-linux-gnu/liblz4.so.1.9.3
7e4f4187a000-7e4f4187c000 r--p 0001b000 08:03 680496                     /usr/lib/x86_64-linux-gnu/liblz4.so.1.9.3
7e4f4187c000-7e4f4187d000 ---p 0001d000 08:03 680496                     /usr/lib/x86_64-linux-gnu/liblz4.so.1.9.3
7e4f4187d000-7e4f4187e000 r--p 0001d000 08:03 680496                     /usr/lib/x86_64-linux-gnu/liblz4.so.1.9.3
7e4f4187e000-7e4f4187f000 rw-p 0001e000 08:03 680496                     /usr/lib/x86_64-linux-gnu/liblz4.so.1.9.3
7e4f4187f000-7e4f41883000 r--p 00000000 08:03 680384                     /usr/lib/x86_64-linux-gnu/libjpeg.so.8.2.2
7e4f41883000-7e4f418cc000 r-xp 00004000 08:03 680384                     /usr/lib/x86_64-linux-gnu/libjpeg.so.8.2.2
7e4f418cc000-7e4f418fe000 r--p 0004d000 08:03 680384                     /usr/lib/x86_64-linux-gnu/libjpeg.so.8.2.2
7e4f418fe000-7e4f418ff000 r--p 0007e000 08:03 680384                     /usr/lib/x86_64-linux-gnu/libjpeg.so.8.2.2
7e4f418ff000-7e4f41900000 rw-p 0007f000 08:03 680384                     /usr/lib/x86_64-linux-gnu/libjpeg.so.8.2.2
7e4f41900000-7e4f41904000 ---p 00000000 00:00 0 
7e4f41904000-7e4f41a00000 rw-p 00000000 00:00 0 
7e4f41a00000-7e4f41c34000 r--s 00000000 08:03 659850                     /home/ilmi/pycharm-community-2024.1/plugins/indexing-shared/lib/indexing-shared.jar
7e4f41c35000-7e4f41d00000 r--s 00000000 08:03 1315741                    /home/ilmi/pycharm-community-2024.1/plugins/platform-images/lib/platform-images.jar
7e4f41d00000-7e4f41d04000 ---p 00000000 00:00 0 
7e4f41d04000-7e4f41e00000 rw-p 00000000 00:00 0 
7e4f41e00000-7e4f43541000 r--s 00000000 08:03 1308731                    /home/ilmi/pycharm-community-2024.1/plugins/featuresTrainer/lib/featuresTrainer.jar
7e4f43542000-7e4f43549000 r--p 00000000 08:03 681250                     /usr/lib/x86_64-linux-gnu/libxcb-randr.so.0.1.0
7e4f43549000-7e4f4354f000 r-xp 00007000 08:03 681250                     /usr/lib/x86_64-linux-gnu/libxcb-randr.so.0.1.0
7e4f4354f000-7e4f43552000 r--p 0000d000 08:03 681250                     /usr/lib/x86_64-linux-gnu/libxcb-randr.so.0.1.0
7e4f43552000-7e4f43553000 ---p 00010000 08:03 681250                     /usr/lib/x86_64-linux-gnu/libxcb-randr.so.0.1.0
7e4f43553000-7e4f43554000 r--p 00010000 08:03 681250                     /usr/lib/x86_64-linux-gnu/libxcb-randr.so.0.1.0
7e4f43554000-7e4f43555000 rw-p 00011000 08:03 681250                     /usr/lib/x86_64-linux-gnu/libxcb-randr.so.0.1.0
7e4f43555000-7e4f4355f000 r--p 00000000 08:03 680754                     /usr/lib/x86_64-linux-gnu/libpixman-1.so.0.40.0
7e4f4355f000-7e4f435e5000 r-xp 0000a000 08:03 680754                     /usr/lib/x86_64-linux-gnu/libpixman-1.so.0.40.0
7e4f435e5000-7e4f435f7000 r--p 00090000 08:03 680754                     /usr/lib/x86_64-linux-gnu/libpixman-1.so.0.40.0
7e4f435f7000-7e4f435ff000 r--p 000a1000 08:03 680754                     /usr/lib/x86_64-linux-gnu/libpixman-1.so.0.40.0
7e4f435ff000-7e4f43600000 rw-p 000a9000 08:03 680754                     /usr/lib/x86_64-linux-gnu/libpixman-1.so.0.40.0
7e4f43600000-7e4f461bf000 r--s 00000000 08:03 1315772                    /home/ilmi/pycharm-community-2024.1/plugins/qodana/lib/qodana.jar
7e4f461c3000-7e4f461c8000 r--p 00000000 08:03 680007                     /usr/lib/x86_64-linux-gnu/libdrm.so.2.4.0
7e4f461c8000-7e4f461d3000 r-xp 00005000 08:03 680007                     /usr/lib/x86_64-linux-gnu/libdrm.so.2.4.0
7e4f461d3000-7e4f461d7000 r--p 00010000 08:03 680007                     /usr/lib/x86_64-linux-gnu/libdrm.so.2.4.0
7e4f461d7000-7e4f461d8000 r--p 00013000 08:03 680007                     /usr/lib/x86_64-linux-gnu/libdrm.so.2.4.0
7e4f461d8000-7e4f461d9000 rw-p 00014000 08:03 680007                     /usr/lib/x86_64-linux-gnu/libdrm.so.2.4.0
7e4f461d9000-7e4f461dc000 r--p 00000000 08:03 680225                     /usr/lib/x86_64-linux-gnu/libgraphite2.so.3.2.1
7e4f461dc000-7e4f461f9000 r-xp 00003000 08:03 680225                     /usr/lib/x86_64-linux-gnu/libgraphite2.so.3.2.1
7e4f461f9000-7e4f461fd000 r--p 00020000 08:03 680225                     /usr/lib/x86_64-linux-gnu/libgraphite2.so.3.2.1
7e4f461fd000-7e4f461ff000 r--p 00023000 08:03 680225                     /usr/lib/x86_64-linux-gnu/libgraphite2.so.3.2.1
7e4f461ff000-7e4f46200000 rw-p 00025000 08:03 680225                     /usr/lib/x86_64-linux-gnu/libgraphite2.so.3.2.1
7e4f46200000-7e4f46461000 r--s 00000000 08:03 659856                     /home/ilmi/pycharm-community-2024.1/plugins/packageChecker/lib/packageChecker.jar
7e4f46462000-7e4f46464000 r--p 00000000 08:03 681238                     /usr/lib/x86_64-linux-gnu/libxcb-dri3.so.0.0.0
7e4f46464000-7e4f46466000 r-xp 00002000 08:03 681238                     /usr/lib/x86_64-linux-gnu/libxcb-dri3.so.0.0.0
7e4f46466000-7e4f46467000 r--p 00004000 08:03 681238                     /usr/lib/x86_64-linux-gnu/libxcb-dri3.so.0.0.0
7e4f46467000-7e4f46468000 r--p 00004000 08:03 681238                     /usr/lib/x86_64-linux-gnu/libxcb-dri3.so.0.0.0
7e4f46468000-7e4f46469000 rw-p 00005000 08:03 681238                     /usr/lib/x86_64-linux-gnu/libxcb-dri3.so.0.0.0
7e4f46469000-7e4f4646a000 r--p 00000000 08:03 681298                     /usr/lib/x86_64-linux-gnu/libxshmfence.so.1.0.0
7e4f4646a000-7e4f4646b000 r-xp 00001000 08:03 681298                     /usr/lib/x86_64-linux-gnu/libxshmfence.so.1.0.0
7e4f4646b000-7e4f4646c000 r--p 00002000 08:03 681298                     /usr/lib/x86_64-linux-gnu/libxshmfence.so.1.0.0
7e4f4646c000-7e4f4646d000 r--p 00002000 08:03 681298                     /usr/lib/x86_64-linux-gnu/libxshmfence.so.1.0.0
7e4f4646d000-7e4f4646e000 rw-p 00003000 08:03 681298                     /usr/lib/x86_64-linux-gnu/libxshmfence.so.1.0.0
7e4f4646e000-7e4f46600000 r--s 00000000 08:03 1315813                    /home/ilmi/pycharm-community-2024.1/plugins/settingsSync/lib/settingsSync.jar
7e4f46600000-7e4f47fb8000 r--s 00000000 08:03 1315789                    /home/ilmi/pycharm-community-2024.1/plugins/cwm-plugin/lib/rd.jar
7e4f47fb8000-7e4f47fb9000 r--p 00000000 08:03 679605                     /usr/lib/x86_64-linux-gnu/libXxf86vm.so.1.0.0
7e4f47fb9000-7e4f47fbc000 r-xp 00001000 08:03 679605                     /usr/lib/x86_64-linux-gnu/libXxf86vm.so.1.0.0
7e4f47fbc000-7e4f47fbd000 r--p 00004000 08:03 679605                     /usr/lib/x86_64-linux-gnu/libXxf86vm.so.1.0.0
7e4f47fbd000-7e4f47fbe000 r--p 00004000 08:03 679605                     /usr/lib/x86_64-linux-gnu/libXxf86vm.so.1.0.0
7e4f47fbe000-7e4f47fbf000 rw-p 00005000 08:03 679605                     /usr/lib/x86_64-linux-gnu/libXxf86vm.so.1.0.0
7e4f47fbf000-7e4f47fc1000 r--p 00000000 08:03 681236                     /usr/lib/x86_64-linux-gnu/libxcb-dri2.so.0.0.0
7e4f47fc1000-7e4f47fc3000 r-xp 00002000 08:03 681236                     /usr/lib/x86_64-linux-gnu/libxcb-dri2.so.0.0.0
7e4f47fc3000-7e4f47fc4000 r--p 00004000 08:03 681236                     /usr/lib/x86_64-linux-gnu/libxcb-dri2.so.0.0.0
7e4f47fc4000-7e4f47fc5000 r--p 00004000 08:03 681236                     /usr/lib/x86_64-linux-gnu/libxcb-dri2.so.0.0.0
7e4f47fc5000-7e4f47fc6000 rw-p 00005000 08:03 681236                     /usr/lib/x86_64-linux-gnu/libxcb-dri2.so.0.0.0
7e4f47fc6000-7e4f47fd5000 r--p 00000000 08:03 679789                     /usr/lib/x86_64-linux-gnu/libatspi.so.0.0.1
7e4f47fd5000-7e4f47fee000 r-xp 0000f000 08:03 679789                     /usr/lib/x86_64-linux-gnu/libatspi.so.0.0.1
7e4f47fee000-7e4f47ffc000 r--p 00028000 08:03 679789                     /usr/lib/x86_64-linux-gnu/libatspi.so.0.0.1
7e4f47ffc000-7e4f47fff000 r--p 00035000 08:03 679789                     /usr/lib/x86_64-linux-gnu/libatspi.so.0.0.1
7e4f47fff000-7e4f48000000 rw-p 00038000 08:03 679789                     /usr/lib/x86_64-linux-gnu/libatspi.so.0.0.1
7e4f48000000-7e4f48474000 r--s 00000000 08:03 1315763                    /home/ilmi/pycharm-community-2024.1/plugins/searchEverywhereMl/lib/searchEverywhereMl.jar
7e4f48476000-7e4f48477000 r--p 00000000 08:03 677325                     /usr/lib/x86_64-linux-gnu/libX11-xcb.so.1.0.0
7e4f48477000-7e4f48478000 r-xp 00001000 08:03 677325                     /usr/lib/x86_64-linux-gnu/libX11-xcb.so.1.0.0
7e4f48478000-7e4f48479000 r--p 00002000 08:03 677325                     /usr/lib/x86_64-linux-gnu/libX11-xcb.so.1.0.0
7e4f48479000-7e4f4847a000 r--p 00002000 08:03 677325                     /usr/lib/x86_64-linux-gnu/libX11-xcb.so.1.0.0
7e4f4847a000-7e4f4847b000 rw-p 00003000 08:03 677325                     /usr/lib/x86_64-linux-gnu/libX11-xcb.so.1.0.0
7e4f4847b000-7e4f4847e000 r--p 00000000 08:03 679891                     /usr/lib/x86_64-linux-gnu/libcap.so.2.44
7e4f4847e000-7e4f48482000 r-xp 00003000 08:03 679891                     /usr/lib/x86_64-linux-gnu/libcap.so.2.44
7e4f48482000-7e4f48484000 r--p 00007000 08:03 679891                     /usr/lib/x86_64-linux-gnu/libcap.so.2.44
7e4f48484000-7e4f48485000 r--p 00008000 08:03 679891                     /usr/lib/x86_64-linux-gnu/libcap.so.2.44
7e4f48485000-7e4f48486000 rw-p 00009000 08:03 679891                     /usr/lib/x86_64-linux-gnu/libcap.so.2.44
7e4f48486000-7e4f48491000 r--p 00000000 08:03 679949                     /usr/lib/x86_64-linux-gnu/libdbus-1.so.3.19.13
7e4f48491000-7e4f484bf000 r-xp 0000b000 08:03 679949                     /usr/lib/x86_64-linux-gnu/libdbus-1.so.3.19.13
7e4f484bf000-7e4f484d1000 r--p 00039000 08:03 679949                     /usr/lib/x86_64-linux-gnu/libdbus-1.so.3.19.13
7e4f484d1000-7e4f484d2000 ---p 0004b000 08:03 679949                     /usr/lib/x86_64-linux-gnu/libdbus-1.so.3.19.13
7e4f484d2000-7e4f484d3000 r--p 0004b000 08:03 679949                     /usr/lib/x86_64-linux-gnu/libdbus-1.so.3.19.13
7e4f484d3000-7e4f484d4000 rw-p 0004c000 08:03 679949                     /usr/lib/x86_64-linux-gnu/libdbus-1.so.3.19.13
7e4f484d4000-7e4f484d9000 r--p 00000000 08:03 681256                     /usr/lib/x86_64-linux-gnu/libxcb-render.so.0.0.0
7e4f484d9000-7e4f484de000 r-xp 00005000 08:03 681256                     /usr/lib/x86_64-linux-gnu/libxcb-render.so.0.0.0
7e4f484de000-7e4f484e0000 r--p 0000a000 08:03 681256                     /usr/lib/x86_64-linux-gnu/libxcb-render.so.0.0.0
7e4f484e0000-7e4f484e1000 ---p 0000c000 08:03 681256                     /usr/lib/x86_64-linux-gnu/libxcb-render.so.0.0.0
7e4f484e1000-7e4f484e2000 r--p 0000c000 08:03 681256                     /usr/lib/x86_64-linux-gnu/libxcb-render.so.0.0.0
7e4f484e2000-7e4f484e3000 rw-p 0000d000 08:03 681256                     /usr/lib/x86_64-linux-gnu/libxcb-render.so.0.0.0
7e4f484e3000-7e4f484e7000 r--p 00000000 08:03 681284                     /usr/lib/x86_64-linux-gnu/libxkbcommon.so.0.0.0
7e4f484e7000-7e4f48506000 r-xp 00004000 08:03 681284                     /usr/lib/x86_64-linux-gnu/libxkbcommon.so.0.0.0
7e4f48506000-7e4f48527000 r--p 00023000 08:03 681284                     /usr/lib/x86_64-linux-gnu/libxkbcommon.so.0.0.0
7e4f48527000-7e4f48529000 r--p 00043000 08:03 681284                     /usr/lib/x86_64-linux-gnu/libxkbcommon.so.0.0.0
7e4f48529000-7e4f4852a000 rw-p 00045000 08:03 681284                     /usr/lib/x86_64-linux-gnu/libxkbcommon.so.0.0.0
7e4f4852a000-7e4f48600000 r--s 00000000 08:03 1315792                    /home/ilmi/pycharm-community-2024.1/plugins/cwm-plugin/lib/cwm-host-unattended.jar
7e4f48600000-7e4f4a876000 r--s 00000000 08:03 659865                     /home/ilmi/pycharm-community-2024.1/plugins/grazie/lib/grazie.jar
7e4f4a878000-7e4f4a87a000 r--p 00000000 08:03 679944                     /usr/lib/x86_64-linux-gnu/libdatrie.so.1.4.0
7e4f4a87a000-7e4f4a87e000 r-xp 00002000 08:03 679944                     /usr/lib/x86_64-linux-gnu/libdatrie.so.1.4.0
7e4f4a87e000-7e4f4a87f000 r--p 00006000 08:03 679944                     /usr/lib/x86_64-linux-gnu/libdatrie.so.1.4.0
7e4f4a87f000-7e4f4a880000 r--p 00007000 08:03 679944                     /usr/lib/x86_64-linux-gnu/libdatrie.so.1.4.0
7e4f4a880000-7e4f4a881000 rw-p 00008000 08:03 679944                     /usr/lib/x86_64-linux-gnu/libdatrie.so.1.4.0
7e4f4a881000-7e4f4a893000 r--p 00000000 08:03 680713                     /usr/lib/x86_64-linux-gnu/libpango-1.0.so.0.5000.6
7e4f4a893000-7e4f4a8c8000 r-xp 00012000 08:03 680713                     /usr/lib/x86_64-linux-gnu/libpango-1.0.so.0.5000.6
7e4f4a8c8000-7e4f4a8e3000 r--p 00047000 08:03 680713                     /usr/lib/x86_64-linux-gnu/libpango-1.0.so.0.5000.6
7e4f4a8e3000-7e4f4a8e7000 r--p 00061000 08:03 680713                     /usr/lib/x86_64-linux-gnu/libpango-1.0.so.0.5000.6
7e4f4a8e7000-7e4f4a8e8000 rw-p 00065000 08:03 680713                     /usr/lib/x86_64-linux-gnu/libpango-1.0.so.0.5000.6
7e4f4a8e8000-7e4f4a8ef000 r--p 00000000 08:03 680717                     /usr/lib/x86_64-linux-gnu/libpangoft2-1.0.so.0.5000.6
7e4f4a8ef000-7e4f4a8fc000 r-xp 00007000 08:03 680717                     /usr/lib/x86_64-linux-gnu/libpangoft2-1.0.so.0.5000.6
7e4f4a8fc000-7e4f4a900000 r--p 00014000 08:03 680717                     /usr/lib/x86_64-linux-gnu/libpangoft2-1.0.so.0.5000.6
7e4f4a900000-7e4f4a901000 ---p 00018000 08:03 680717                     /usr/lib/x86_64-linux-gnu/libpangoft2-1.0.so.0.5000.6
7e4f4a901000-7e4f4a902000 r--p 00018000 08:03 680717                     /usr/lib/x86_64-linux-gnu/libpangoft2-1.0.so.0.5000.6
7e4f4a902000-7e4f4a903000 rw-p 00019000 08:03 680717                     /usr/lib/x86_64-linux-gnu/libpangoft2-1.0.so.0.5000.6
7e4f4a903000-7e4f4a905000 r--p 00000000 08:03 680143                     /usr/lib/x86_64-linux-gnu/libfribidi.so.0.4.0
7e4f4a905000-7e4f4a908000 r-xp 00002000 08:03 680143                     /usr/lib/x86_64-linux-gnu/libfribidi.so.0.4.0
7e4f4a908000-7e4f4a91d000 r--p 00005000 08:03 680143                     /usr/lib/x86_64-linux-gnu/libfribidi.so.0.4.0
7e4f4a91d000-7e4f4a91e000 r--p 00019000 08:03 680143                     /usr/lib/x86_64-linux-gnu/libfribidi.so.0.4.0
7e4f4a91e000-7e4f4a91f000 rw-p 0001a000 08:03 680143                     /usr/lib/x86_64-linux-gnu/libfribidi.so.0.4.0
7e4f4a91f000-7e4f4aa00000 r--s 00000000 08:03 1315796                    /home/ilmi/pycharm-community-2024.1/plugins/cwm-plugin/lib/bouncy-castle-pgp.jar
7e4f4aa00000-7e4f4b43c000 r--s 00000000 08:03 659872                     /home/ilmi/pycharm-community-2024.1/plugins/vcs-github/lib/vcs-github.jar
7e4f4b43d000-7e4f4b43f000 r--p 00000000 08:03 681050                     /usr/lib/x86_64-linux-gnu/libthai.so.0.3.1
7e4f4b43f000-7e4f4b443000 r-xp 00002000 08:03 681050                     /usr/lib/x86_64-linux-gnu/libthai.so.0.3.1
7e4f4b443000-7e4f4b446000 r--p 00006000 08:03 681050                     /usr/lib/x86_64-linux-gnu/libthai.so.0.3.1
7e4f4b446000-7e4f4b447000 r--p 00008000 08:03 681050                     /usr/lib/x86_64-linux-gnu/libthai.so.0.3.1
7e4f4b447000-7e4f4b448000 rw-p 00009000 08:03 681050                     /usr/lib/x86_64-linux-gnu/libthai.so.0.3.1
7e4f4b448000-7e4f4b454000 r--p 00000000 08:03 679783                     /usr/lib/x86_64-linux-gnu/libatk-bridge-2.0.so.0.0.0
7e4f4b454000-7e4f4b46d000 r-xp 0000c000 08:03 679783                     /usr/lib/x86_64-linux-gnu/libatk-bridge-2.0.so.0.0.0
7e4f4b46d000-7e4f4b47c000 r--p 00025000 08:03 679783                     /usr/lib/x86_64-linux-gnu/libatk-bridge-2.0.so.0.0.0
7e4f4b47c000-7e4f4b47d000 ---p 00034000 08:03 679783                     /usr/lib/x86_64-linux-gnu/libatk-bridge-2.0.so.0.0.0
7e4f4b47d000-7e4f4b47e000 r--p 00034000 08:03 679783                     /usr/lib/x86_64-linux-gnu/libatk-bridge-2.0.so.0.0.0
7e4f4b47e000-7e4f4b480000 rw-p 00035000 08:03 679783                     /usr/lib/x86_64-linux-gnu/libatk-bridge-2.0.so.0.0.0
7e4f4b480000-7e4f4b4f7000 r--s 00000000 08:03 1315782                    /home/ilmi/pycharm-community-2024.1/plugins/platform-langInjection/lib/IntelliLang.jar
7e4f4b4f7000-7e4f4b600000 r--s 00000000 08:03 1315801                    /home/ilmi/pycharm-community-2024.1/plugins/cwm-plugin/lib/ice4j.jar
7e4f4b600000-7e4f4bd59000 r--s 00000000 08:03 1308712                    /home/ilmi/pycharm-community-2024.1/plugins/tasks/lib/tasks-core.jar
7e4f4bd5b000-7e4f4bd5c000 r--p 00000000 08:03 680274                     /usr/lib/x86_64-linux-gnu/libgthread-2.0.so.0.7200.4
7e4f4bd5c000-7e4f4bd5d000 r-xp 00001000 08:03 680274                     /usr/lib/x86_64-linux-gnu/libgthread-2.0.so.0.7200.4
7e4f4bd5d000-7e4f4bd5e000 r--p 00002000 08:03 680274                     /usr/lib/x86_64-linux-gnu/libgthread-2.0.so.0.7200.4
7e4f4bd5e000-7e4f4bd5f000 r--p 00002000 08:03 680274                     /usr/lib/x86_64-linux-gnu/libgthread-2.0.so.0.7200.4
7e4f4bd5f000-7e4f4bd60000 rw-p 00003000 08:03 680274                     /usr/lib/x86_64-linux-gnu/libgthread-2.0.so.0.7200.4
7e4f4bd60000-7e4f4bd61000 r--p 00000000 08:03 681262                     /usr/lib/x86_64-linux-gnu/libxcb-shm.so.0.0.0
7e4f4bd61000-7e4f4bd62000 r-xp 00001000 08:03 681262                     /usr/lib/x86_64-linux-gnu/libxcb-shm.so.0.0.0
7e4f4bd62000-7e4f4bd63000 r--p 00002000 08:03 681262                     /usr/lib/x86_64-linux-gnu/libxcb-shm.so.0.0.0
7e4f4bd63000-7e4f4bd64000 r--p 00002000 08:03 681262                     /usr/lib/x86_64-linux-gnu/libxcb-shm.so.0.0.0
7e4f4bd64000-7e4f4bd65000 rw-p 00003000 08:03 681262                     /usr/lib/x86_64-linux-gnu/libxcb-shm.so.0.0.0
7e4f4bd65000-7e4f4bd70000 r--p 00000000 08:03 679781                     /usr/lib/x86_64-linux-gnu/libatk-1.0.so.0.23609.1
7e4f4bd70000-7e4f4bd7f000 r-xp 0000b000 08:03 679781                     /usr/lib/x86_64-linux-gnu/libatk-1.0.so.0.23609.1
7e4f4bd7f000-7e4f4bd8b000 r--p 0001a000 08:03 679781                     /usr/lib/x86_64-linux-gnu/libatk-1.0.so.0.23609.1
7e4f4bd8b000-7e4f4bd8e000 r--p 00025000 08:03 679781                     /usr/lib/x86_64-linux-gnu/libatk-1.0.so.0.23609.1
7e4f4bd8e000-7e4f4bd8f000 rw-p 00028000 08:03 679781                     /usr/lib/x86_64-linux-gnu/libatk-1.0.so.0.23609.1
7e4f4bd8f000-7e4f4bd97000 r--p 00000000 08:03 680180                     /usr/lib/x86_64-linux-gnu/libgdk_pixbuf-2.0.so.0.4200.8
7e4f4bd97000-7e4f4bdb2000 r-xp 00008000 08:03 680180                     /usr/lib/x86_64-linux-gnu/libgdk_pixbuf-2.0.so.0.4200.8
7e4f4bdb2000-7e4f4bdbc000 r--p 00023000 08:03 680180                     /usr/lib/x86_64-linux-gnu/libgdk_pixbuf-2.0.so.0.4200.8
7e4f4bdbc000-7e4f4bdbd000 ---p 0002d000 08:03 680180                     /usr/lib/x86_64-linux-gnu/libgdk_pixbuf-2.0.so.0.4200.8
7e4f4bdbd000-7e4f4bdbe000 r--p 0002d000 08:03 680180                     /usr/lib/x86_64-linux-gnu/libgdk_pixbuf-2.0.so.0.4200.8
7e4f4bdbe000-7e4f4bdbf000 rw-p 0002e000 08:03 680180                     /usr/lib/x86_64-linux-gnu/libgdk_pixbuf-2.0.so.0.4200.8
7e4f4bdbf000-7e4f4bdc3000 ---p 00000000 00:00 0 
7e4f4bdc3000-7e4f4bde1000 rw-p 00000000 00:00 0 
7e4f4bde1000-7e4f4bf00000 r--s 00000000 08:03 1308715                    /home/ilmi/pycharm-community-2024.1/plugins/properties/lib/properties.jar
7e4f4c000000-7e4f4c004000 ---p 00000000 00:00 0 
7e4f4c004000-7e4f4c100000 rw-p 00000000 00:00 0 
7e4f4c300000-7e4f4c304000 ---p 00000000 00:00 0 
7e4f4c304000-7e4f4c400000 rw-p 00000000 00:00 0 
7e4f4c400000-7e4f4c404000 ---p 00000000 00:00 0 
7e4f4c404000-7e4f4c500000 rw-p 00000000 00:00 0 
7e4f4c500000-7e4f4c504000 ---p 00000000 00:00 0 
7e4f4c504000-7e4f4c600000 rw-p 00000000 00:00 0 
7e4f4c600000-7e4f4fac0000 r--s 00000000 08:03 1315744                    /home/ilmi/pycharm-community-2024.1/plugins/terminal/lib/terminal.jar
7e4f4fac4000-7e4f4fac5000 r--p 00000000 08:03 681189                     /usr/lib/x86_64-linux-gnu/libwayland-egl.so.1.20.0
7e4f4fac5000-7e4f4fac6000 r-xp 00001000 08:03 681189                     /usr/lib/x86_64-linux-gnu/libwayland-egl.so.1.20.0
7e4f4fac6000-7e4f4fac7000 r--p 00002000 08:03 681189                     /usr/lib/x86_64-linux-gnu/libwayland-egl.so.1.20.0
7e4f4fac7000-7e4f4fac8000 r--p 00002000 08:03 681189                     /usr/lib/x86_64-linux-gnu/libwayland-egl.so.1.20.0
7e4f4fac8000-7e4f4fac9000 rw-p 00003000 08:03 681189                     /usr/lib/x86_64-linux-gnu/libwayland-egl.so.1.20.0
7e4f4fac9000-7e4f4fb17000 r--s 00000000 08:03 1315800                    /home/ilmi/pycharm-community-2024.1/plugins/cwm-plugin/lib/cwm-unattended-common.jar
7e4f4fb17000-7e4f4fb5e000 r--s 00000000 08:03 1315794                    /home/ilmi/pycharm-community-2024.1/plugins/cwm-plugin/lib/java-websocket.jar
7e4f4fb5e000-7e4f4fbae000 r--s 00000000 08:03 1315797                    /home/ilmi/pycharm-community-2024.1/plugins/cwm-plugin/lib/jitsi-utils.jar
7e4f4fbae000-7e4f4fbb2000 ---p 00000000 00:00 0 
7e4f4fbb2000-7e4f4fcae000 rw-p 00000000 00:00 0 
7e4f4fdae000-7e4f4ff00000 r--s 00000000 08:03 1315769                    /home/ilmi/pycharm-community-2024.1/plugins/sh/lib/sh.jar
7e4f4ff00000-7e4f4ff04000 ---p 00000000 00:00 0 
7e4f4ff04000-7e4f50000000 rw-p 00000000 00:00 0 
7e4f50000000-7e4f50004000 ---p 00000000 00:00 0 
7e4f50004000-7e4f50100000 rw-p 00000000 00:00 0 
7e4f50200000-7e4f53429000 r--s 00000000 08:03 1308746                    /home/ilmi/pycharm-community-2024.1/plugins/python-ce/lib/python-ce.jar
7e4f5342d000-7e4f5342f000 r--p 00000000 08:03 681187                     /usr/lib/x86_64-linux-gnu/libwayland-cursor.so.0.20.0
7e4f5342f000-7e4f53431000 r-xp 00002000 08:03 681187                     /usr/lib/x86_64-linux-gnu/libwayland-cursor.so.0.20.0
7e4f53431000-7e4f53432000 r--p 00004000 08:03 681187                     /usr/lib/x86_64-linux-gnu/libwayland-cursor.so.0.20.0
7e4f53432000-7e4f53433000 r--p 00004000 08:03 681187                     /usr/lib/x86_64-linux-gnu/libwayland-cursor.so.0.20.0
7e4f53433000-7e4f53437000 rw-p 00005000 08:03 681187                     /usr/lib/x86_64-linux-gnu/libwayland-cursor.so.0.20.0
7e4f53437000-7e4f53500000 r--s 00000000 08:03 1315781                    /home/ilmi/pycharm-community-2024.1/plugins/platform-langInjection/lib/platform-langInjection.jar
7e4f53500000-7e4f53504000 ---p 00000000 00:00 0 
7e4f53504000-7e4f53600000 rw-p 00000000 00:00 0 
7e4f53700000-7e4f53704000 ---p 00000000 00:00 0 
7e4f53704000-7e4f53800000 rw-p 00000000 00:00 0 
7e4f53800000-7e4f53f80000 r--s 00000000 08:03 659859                     /home/ilmi/pycharm-community-2024.1/plugins/pycharm-community-customization/lib/pycharm-community-customization.jar
7e4f53f81000-7e4f53f85000 r--p 00000000 08:03 679883                     /usr/lib/x86_64-linux-gnu/libcairo-gobject.so.2.11600.0
7e4f53f85000-7e4f53f87000 r-xp 00004000 08:03 679883                     /usr/lib/x86_64-linux-gnu/libcairo-gobject.so.2.11600.0
7e4f53f87000-7e4f53f89000 r--p 00006000 08:03 679883                     /usr/lib/x86_64-linux-gnu/libcairo-gobject.so.2.11600.0
7e4f53f89000-7e4f53f8a000 ---p 00008000 08:03 679883                     /usr/lib/x86_64-linux-gnu/libcairo-gobject.so.2.11600.0
7e4f53f8a000-7e4f53f8c000 r--p 00008000 08:03 679883                     /usr/lib/x86_64-linux-gnu/libcairo-gobject.so.2.11600.0
7e4f53f8c000-7e4f53f8d000 rw-p 0000a000 08:03 679883                     /usr/lib/x86_64-linux-gnu/libcairo-gobject.so.2.11600.0
7e4f53f8d000-7e4f53f92000 r--p 00000000 08:03 680715                     /usr/lib/x86_64-linux-gnu/libpangocairo-1.0.so.0.5000.6
7e4f53f92000-7e4f53f9a000 r-xp 00005000 08:03 680715                     /usr/lib/x86_64-linux-gnu/libpangocairo-1.0.so.0.5000.6
7e4f53f9a000-7e4f53f9c000 r--p 0000d000 08:03 680715                     /usr/lib/x86_64-linux-gnu/libpangocairo-1.0.so.0.5000.6
7e4f53f9c000-7e4f53f9d000 ---p 0000f000 08:03 680715                     /usr/lib/x86_64-linux-gnu/libpangocairo-1.0.so.0.5000.6
7e4f53f9d000-7e4f53f9e000 r--p 0000f000 08:03 680715                     /usr/lib/x86_64-linux-gnu/libpangocairo-1.0.so.0.5000.6
7e4f53f9e000-7e4f53f9f000 rw-p 00010000 08:03 680715                     /usr/lib/x86_64-linux-gnu/libpangocairo-1.0.so.0.5000.6
7e4f53f9f000-7e4f53fa3000 ---p 00000000 00:00 0 
7e4f53fa3000-7e4f5409f000 rw-p 00000000 00:00 0 
7e4f5409f000-7e4f540a3000 ---p 00000000 00:00 0 
7e4f540a3000-7e4f5419f000 rw-p 00000000 00:00 0 
7e4f5449f000-7e4f544a3000 ---p 00000000 00:00 0 
7e4f544a3000-7e4f5459f000 rw-p 00000000 00:00 0 
7e4f5459f000-7e4f54700000 r--s 00000000 08:03 659853                     /home/ilmi/pycharm-community-2024.1/plugins/dev/lib/dev.jar
7e4f54800000-7e4f54804000 ---p 00000000 00:00 0 
7e4f54804000-7e4f54900000 rw-p 00000000 00:00 0 
7e4f54b00000-7e4f54b04000 ---p 00000000 00:00 0 
7e4f54b04000-7e4f54c00000 rw-p 00000000 00:00 0 
7e4f54c00000-7e4f54c04000 ---p 00000000 00:00 0 
7e4f54c04000-7e4f54d00000 rw-p 00000000 00:00 0 
7e4f54d00000-7e4f54d04000 ---p 00000000 00:00 0 
7e4f54d04000-7e4f54e00000 rw-p 00000000 00:00 0 
7e4f54f00000-7e4f54f04000 ---p 00000000 00:00 0 
7e4f54f04000-7e4f55000000 rw-p 00000000 00:00 0 
7e4f55100000-7e4f55104000 ---p 00000000 00:00 0 
7e4f55104000-7e4f55200000 rw-p 00000000 00:00 0 
7e4f55200000-7e4f55204000 ---p 00000000 00:00 0 
7e4f55204000-7e4f55300000 rw-p 00000000 00:00 0 
7e4f55300000-7e4f55304000 ---p 00000000 00:00 0 
7e4f55304000-7e4f55400000 rw-p 00000000 00:00 0 
7e4f55400000-7e4f55404000 ---p 00000000 00:00 0 
7e4f55404000-7e4f55500000 rw-p 00000000 00:00 0 
7e4f55600000-7e4f55604000 ---p 00000000 00:00 0 
7e4f55604000-7e4f55700000 rw-p 00000000 00:00 0 
7e4f55800000-7e4f5581e000 r-xp 00000000 08:03 659965                     /home/ilmi/pycharm-community-2024.1/lib/jna/amd64/libjnidispatch.so
7e4f5581e000-7e4f55a1d000 ---p 0001e000 08:03 659965                     /home/ilmi/pycharm-community-2024.1/lib/jna/amd64/libjnidispatch.so
7e4f55a1d000-7e4f55a1e000 rw-p 0001d000 08:03 659965                     /home/ilmi/pycharm-community-2024.1/lib/jna/amd64/libjnidispatch.so
7e4f55a1e000-7e4f55a1f000 rw-p 00000000 00:00 0 
7e4f55a21000-7e4f55a25000 r--s 00000000 08:03 659875                     /home/ilmi/pycharm-community-2024.1/plugins/marketplace/lib/marketplace.jar
7e4f55a25000-7e4f55a27000 r--s 00000000 08:03 1308727                    /home/ilmi/pycharm-community-2024.1/plugins/vcs-git/lib/git4idea-rt.jar
7e4f55a27000-7e4f55a28000 r--p 00000000 08:03 682021                     /usr/lib/x86_64-linux-gnu/gtk-3.0/modules/libwindow-decorations-gtk-module.so
7e4f55a28000-7e4f55a29000 r-xp 00001000 08:03 682021                     /usr/lib/x86_64-linux-gnu/gtk-3.0/modules/libwindow-decorations-gtk-module.so
7e4f55a29000-7e4f55a2a000 r--p 00002000 08:03 682021                     /usr/lib/x86_64-linux-gnu/gtk-3.0/modules/libwindow-decorations-gtk-module.so
7e4f55a2a000-7e4f55a2b000 r--p 00002000 08:03 682021                     /usr/lib/x86_64-linux-gnu/gtk-3.0/modules/libwindow-decorations-gtk-module.so
7e4f55a2b000-7e4f55a2c000 rw-p 00003000 08:03 682021                     /usr/lib/x86_64-linux-gnu/gtk-3.0/modules/libwindow-decorations-gtk-module.so
7e4f55a2c000-7e4f55a2d000 r--p 00000000 08:03 682020                     /usr/lib/x86_64-linux-gnu/gtk-3.0/modules/libcolorreload-gtk-module.so
7e4f55a2d000-7e4f55a2e000 r-xp 00001000 08:03 682020                     /usr/lib/x86_64-linux-gnu/gtk-3.0/modules/libcolorreload-gtk-module.so
7e4f55a2e000-7e4f55a2f000 r--p 00002000 08:03 682020                     /usr/lib/x86_64-linux-gnu/gtk-3.0/modules/libcolorreload-gtk-module.so
7e4f55a2f000-7e4f55a30000 r--p 00002000 08:03 682020                     /usr/lib/x86_64-linux-gnu/gtk-3.0/modules/libcolorreload-gtk-module.so
7e4f55a30000-7e4f55a31000 rw-p 00003000 08:03 682020                     /usr/lib/x86_64-linux-gnu/gtk-3.0/modules/libcolorreload-gtk-module.so
7e4f55a31000-7e4f55a32000 r-xp 00017000 08:03 659965                     /home/ilmi/pycharm-community-2024.1/lib/jna/amd64/libjnidispatch.so
7e4f55a32000-7e4f55a33000 rw-p 00000000 00:00 0 
7e4f55a33000-7e4f55a57000 r--s 00000000 08:03 1315790                    /home/ilmi/pycharm-community-2024.1/plugins/cwm-plugin/lib/tls-channel.jar
7e4f55a57000-7e4f55ac3000 r--s 00000000 08:03 1308718                    /home/ilmi/pycharm-community-2024.1/plugins/toml/lib/toml.jar
7e4f55ac3000-7e4f55ac7000 ---p 00000000 00:00 0 
7e4f55ac7000-7e4f55bc3000 rw-p 00000000 00:00 0 
7e4f55bc3000-7e4f55bc7000 ---p 00000000 00:00 0 
7e4f55bc7000-7e4f55cc3000 rw-p 00000000 00:00 0 
7e4f55cc3000-7e4f55cc7000 ---p 00000000 00:00 0 
7e4f55cc7000-7e4f55dc3000 rw-p 00000000 00:00 0 
7e4f55dc3000-7e4f55dc7000 ---p 00000000 00:00 0 
7e4f55dc7000-7e4f55ec3000 rw-p 00000000 00:00 0 
7e4f55ec3000-7e4f55ec7000 ---p 00000000 00:00 0 
7e4f55ec7000-7e4f55fc3000 rw-p 00000000 00:00 0 
7e4f55fc3000-7e4f55fc7000 ---p 00000000 00:00 0 
7e4f55fc7000-7e4f560c3000 rw-p 00000000 00:00 0 
7e4f560c3000-7e4f560c4000 ---p 00000000 00:00 0 
7e4f560c4000-7e4f568c4000 rw-p 00000000 00:00 0 
7e4f568c4000-7e4f568c5000 ---p 00000000 00:00 0 
7e4f568c5000-7e4f570c5000 rw-p 00000000 00:00 0 
7e4f570c5000-7e4f570c6000 ---p 00000000 00:00 0 
7e4f570c6000-7e4f578c6000 rw-p 00000000 00:00 0 
7e4f578c6000-7e4f578e3000 r--p 00000000 08:03 680194                     /usr/lib/x86_64-linux-gnu/libglib-2.0.so.0.7200.4
7e4f578e3000-7e4f57972000 r-xp 0001d000 08:03 680194                     /usr/lib/x86_64-linux-gnu/libglib-2.0.so.0.7200.4
7e4f57972000-7e4f579fc000 r--p 000ac000 08:03 680194                     /usr/lib/x86_64-linux-gnu/libglib-2.0.so.0.7200.4
7e4f579fc000-7e4f579fd000 ---p 00136000 08:03 680194                     /usr/lib/x86_64-linux-gnu/libglib-2.0.so.0.7200.4
7e4f579fd000-7e4f579fe000 r--p 00136000 08:03 680194                     /usr/lib/x86_64-linux-gnu/libglib-2.0.so.0.7200.4
7e4f579fe000-7e4f579ff000 rw-p 00137000 08:03 680194                     /usr/lib/x86_64-linux-gnu/libglib-2.0.so.0.7200.4
7e4f579ff000-7e4f57a00000 rw-p 00000000 00:00 0 
7e4f57a00000-7e4f57a06000 r--p 00000000 08:03 660453                     /home/ilmi/pycharm-community-2024.1/jbr/lib/libfontmanager.so
7e4f57a06000-7e4f57bbe000 r-xp 00006000 08:03 660453                     /home/ilmi/pycharm-community-2024.1/jbr/lib/libfontmanager.so
7e4f57bbe000-7e4f57c0a000 r--p 001be000 08:03 660453                     /home/ilmi/pycharm-community-2024.1/jbr/lib/libfontmanager.so
7e4f57c0a000-7e4f57c0b000 ---p 0020a000 08:03 660453                     /home/ilmi/pycharm-community-2024.1/jbr/lib/libfontmanager.so
7e4f57c0b000-7e4f57c0d000 r--p 0020a000 08:03 660453                     /home/ilmi/pycharm-community-2024.1/jbr/lib/libfontmanager.so
7e4f57c0d000-7e4f57c0e000 rw-p 0020c000 08:03 660453                     /home/ilmi/pycharm-community-2024.1/jbr/lib/libfontmanager.so
7e4f57c0e000-7e4f57c0f000 rw-p 00000000 00:00 0 
7e4f57c0f000-7e4f57c10000 r--s 00000000 08:03 1439035                    /tmp/byteBuddyAgent14017826540549912774.jar
7e4f57c10000-7e4f57c27000 r--s 00000000 08:03 1315798                    /home/ilmi/pycharm-community-2024.1/plugins/cwm-plugin/lib/jnaerator-runtime.jar
7e4f57c27000-7e4f57c5f000 r--p 00000000 08:03 680186                     /usr/lib/x86_64-linux-gnu/libgio-2.0.so.0.7200.4
7e4f57c5f000-7e4f57d70000 r-xp 00038000 08:03 680186                     /usr/lib/x86_64-linux-gnu/libgio-2.0.so.0.7200.4
7e4f57d70000-7e4f57df5000 r--p 00149000 08:03 680186                     /usr/lib/x86_64-linux-gnu/libgio-2.0.so.0.7200.4
7e4f57df5000-7e4f57dfd000 r--p 001cd000 08:03 680186                     /usr/lib/x86_64-linux-gnu/libgio-2.0.so.0.7200.4
7e4f57dfd000-7e4f57dfe000 rw-p 001d5000 08:03 680186                     /usr/lib/x86_64-linux-gnu/libgio-2.0.so.0.7200.4
7e4f57dfe000-7e4f57e00000 rw-p 00000000 00:00 0 
7e4f57e00000-7e4f58624000 r--s 00000000 08:03 659888                     /home/ilmi/pycharm-community-2024.1/lib/grpc.jar
7e4f58624000-7e4f58625000 r--p 00000000 08:03 679565                     /usr/lib/x86_64-linux-gnu/libXdamage.so.1.1.0
7e4f58625000-7e4f58626000 r-xp 00001000 08:03 679565                     /usr/lib/x86_64-linux-gnu/libXdamage.so.1.1.0
7e4f58626000-7e4f58627000 r--p 00002000 08:03 679565                     /usr/lib/x86_64-linux-gnu/libXdamage.so.1.1.0
7e4f58627000-7e4f58628000 r--p 00002000 08:03 679565                     /usr/lib/x86_64-linux-gnu/libXdamage.so.1.1.0
7e4f58628000-7e4f58629000 rw-p 00003000 08:03 679565                     /usr/lib/x86_64-linux-gnu/libXdamage.so.1.1.0
7e4f58629000-7e4f5864e000 r--s 00000000 08:03 1315793                    /home/ilmi/pycharm-community-2024.1/plugins/cwm-plugin/lib/jstun.jar
7e4f5864e000-7e4f58700000 r--s 00000000 08:03 1315791                    /home/ilmi/pycharm-community-2024.1/plugins/cwm-plugin/lib/cwm-plugin.jar
7e4f58800000-7e4f59c01000 r--s 00000000 08:03 659899                     /home/ilmi/pycharm-community-2024.1/lib/groovy.jar
7e4f59c01000-7e4f59c02000 r--p 00000000 08:03 679561                     /usr/lib/x86_64-linux-gnu/libXcomposite.so.1.0.0
7e4f59c02000-7e4f59c03000 r-xp 00001000 08:03 679561                     /usr/lib/x86_64-linux-gnu/libXcomposite.so.1.0.0
7e4f59c03000-7e4f59c04000 r--p 00002000 08:03 679561                     /usr/lib/x86_64-linux-gnu/libXcomposite.so.1.0.0
7e4f59c04000-7e4f59c05000 r--p 00002000 08:03 679561                     /usr/lib/x86_64-linux-gnu/libXcomposite.so.1.0.0
7e4f59c05000-7e4f59c06000 rw-p 00003000 08:03 679561                     /usr/lib/x86_64-linux-gnu/libXcomposite.so.1.0.0
7e4f59c06000-7e4f59c15000 r--s 00000000 08:03 1315783                    /home/ilmi/pycharm-community-2024.1/plugins/platform-langInjection/lib/java-langInjection-jps.jar
7e4f59c15000-7e4f59c24000 r--s 00000000 08:03 1315787                    /home/ilmi/pycharm-community-2024.1/plugins/cwm-plugin/lib/quiche-jna-stubs.jar
7e4f59c24000-7e4f59c82000 r--s 00000000 08:03 1315809                    /home/ilmi/pycharm-community-2024.1/plugins/cwm-plugin/lib/cwm-plugin-terminal.jar
7e4f59c82000-7e4f59cae000 r--s 00000000 08:03 659862                     /home/ilmi/pycharm-community-2024.1/plugins/qt-plugin/lib/qt-plugin.jar
7e4f59d00000-7e4f59d04000 ---p 00000000 00:00 0 
7e4f59d04000-7e4f59e00000 rw-p 00000000 00:00 0 
7e4f59e00000-7e4f66e77000 r--s 00000000 08:03 659889                     /home/ilmi/pycharm-community-2024.1/lib/lib.jar
7e4f66e77000-7e4f66e78000 rw-p 00000000 00:00 0 
7e4f66e78000-7e4f66e79000 r--p 00000000 00:00 0 
7e4f66e79000-7e4f66e7a000 r--p 00000000 08:03 660329                     /home/ilmi/pycharm-community-2024.1/jbr/lib/libinstrument.so
7e4f66e7a000-7e4f66e80000 r-xp 00001000 08:03 660329                     /home/ilmi/pycharm-community-2024.1/jbr/lib/libinstrument.so
7e4f66e80000-7e4f66e83000 r--p 00007000 08:03 660329                     /home/ilmi/pycharm-community-2024.1/jbr/lib/libinstrument.so
7e4f66e83000-7e4f66e84000 r--p 00009000 08:03 660329                     /home/ilmi/pycharm-community-2024.1/jbr/lib/libinstrument.so
7e4f66e84000-7e4f66e85000 rw-p 0000a000 08:03 660329                     /home/ilmi/pycharm-community-2024.1/jbr/lib/libinstrument.so
7e4f66e85000-7e4f66e87000 r--p 00000000 08:03 660330                     /home/ilmi/pycharm-community-2024.1/jbr/lib/libmanagement_ext.so
7e4f66e87000-7e4f66e8a000 r-xp 00002000 08:03 660330                     /home/ilmi/pycharm-community-2024.1/jbr/lib/libmanagement_ext.so
7e4f66e8a000-7e4f66e8b000 r--p 00005000 08:03 660330                     /home/ilmi/pycharm-community-2024.1/jbr/lib/libmanagement_ext.so
7e4f66e8b000-7e4f66e8c000 ---p 00006000 08:03 660330                     /home/ilmi/pycharm-community-2024.1/jbr/lib/libmanagement_ext.so
7e4f66e8c000-7e4f66e8d000 r--p 00006000 08:03 660330                     /home/ilmi/pycharm-community-2024.1/jbr/lib/libmanagement_ext.so
7e4f66e8d000-7e4f66e8e000 rw-p 00000000 00:00 0 
7e4f66e8e000-7e4f66e98000 r--s 00000000 08:03 1315795                    /home/ilmi/pycharm-community-2024.1/plugins/cwm-plugin/lib/cwm-plugin-notebooks.jar
7e4f66eb5000-7e4f66ec0000 r--s 00000000 08:03 958934                     /var/cache/fontconfig/fcee9a5b-3dd9-4f04-bb43-23c4efcb134e-le64.cache-7
7e4f66ec0000-7e4f66ed9000 r--p 00000000 08:03 677323                     /usr/lib/x86_64-linux-gnu/libX11.so.6.4.0
7e4f66ed9000-7e4f66f65000 r-xp 00019000 08:03 677323                     /usr/lib/x86_64-linux-gnu/libX11.so.6.4.0
7e4f66f65000-7e4f66ffa000 r--p 000a5000 08:03 677323                     /usr/lib/x86_64-linux-gnu/libX11.so.6.4.0
7e4f66ffa000-7e4f66ffb000 ---p 0013a000 08:03 677323                     /usr/lib/x86_64-linux-gnu/libX11.so.6.4.0
7e4f66ffb000-7e4f66ffc000 r--p 0013a000 08:03 677323                     /usr/lib/x86_64-linux-gnu/libX11.so.6.4.0
7e4f66ffc000-7e4f67000000 rw-p 0013b000 08:03 677323                     /usr/lib/x86_64-linux-gnu/libX11.so.6.4.0
7e4f67000000-7e4f67f47000 r--s 00000000 08:03 659905                     /home/ilmi/pycharm-community-2024.1/lib/bouncy-castle.jar
7e4f67f47000-7e4f67f53000 r--s 00000000 08:03 958739                     /var/cache/fontconfig/35d0e1a4-9346-499d-a5a3-d8043512af6c-le64.cache-7
7e4f67f53000-7e4f67f69000 r--s 00000000 08:03 958851                     /var/cache/fontconfig/8b8c8b98-0a62-475f-9fdc-cbb1948012c8-le64.cache-7
7e4f67f69000-7e4f67f6b000 r--p 00000000 08:03 680738                     /usr/lib/x86_64-linux-gnu/libpcre2-8.so.0.10.4
7e4f67f6b000-7e4f67fd6000 r-xp 00002000 08:03 680738                     /usr/lib/x86_64-linux-gnu/libpcre2-8.so.0.10.4
7e4f67fd6000-7e4f67ffe000 r--p 0006d000 08:03 680738                     /usr/lib/x86_64-linux-gnu/libpcre2-8.so.0.10.4
7e4f67ffe000-7e4f67fff000 r--p 00094000 08:03 680738                     /usr/lib/x86_64-linux-gnu/libpcre2-8.so.0.10.4
7e4f67fff000-7e4f68000000 rw-p 00095000 08:03 680738                     /usr/lib/x86_64-linux-gnu/libpcre2-8.so.0.10.4
7e4f68000000-7e4f6daf3000 r--s 00000000 08:03 659903                     /home/ilmi/pycharm-community-2024.1/lib/lib-client.jar
7e4f6daf3000-7e4f6daf5000 r--p 00000000 08:03 660339                     /home/ilmi/pycharm-community-2024.1/jbr/lib/libmanagement.so
7e4f6daf5000-7e4f6daf6000 r-xp 00002000 08:03 660339                     /home/ilmi/pycharm-community-2024.1/jbr/lib/libmanagement.so
7e4f6daf6000-7e4f6daf7000 r--p 00003000 08:03 660339                     /home/ilmi/pycharm-community-2024.1/jbr/lib/libmanagement.so
7e4f6daf7000-7e4f6daf8000 r--p 00003000 08:03 660339                     /home/ilmi/pycharm-community-2024.1/jbr/lib/libmanagement.so
7e4f6daf8000-7e4f6daf9000 rw-p 00000000 00:00 0 
7e4f6daf9000-7e4f6daff000 r--s 00000000 08:03 958795                     /var/cache/fontconfig/52439b3b-272b-4918-ba06-20cb0db88ee2-le64.cache-7
7e4f6daff000-7e4f6db00000 r--s 00000000 08:03 958810                     /var/cache/fontconfig/581ea919-4605-4271-97a2-9d2ce294ba94-le64.cache-7
7e4f6db00000-7e4f6db04000 ---p 00000000 00:00 0 
7e4f6db04000-7e4f6dc00000 rw-p 00000000 00:00 0 
7e4f6dc00000-7e4f72775000 r--s 00000000 08:03 659910                     /home/ilmi/pycharm-community-2024.1/lib/app.jar
7e4f72775000-7e4f72776000 r--s 00000000 08:03 958921                     /var/cache/fontconfig/e7ff232f-7cd5-49fc-bf62-c870472f1e2b-le64.cache-7
7e4f72776000-7e4f7277e000 r--s 00000000 08:03 958855                     /var/cache/fontconfig/962d0383-e9e4-4dbf-b30e-b465bd8f57e2-le64.cache-7
7e4f7277e000-7e4f7277f000 r--s 00000000 08:03 958938                     /var/cache/fontconfig/ff07378c-2825-4fac-a363-b088fec9af9e-le64.cache-7
7e4f7277f000-7e4f72781000 r--s 00000000 08:03 958768                     /var/cache/fontconfig/364344d2-4eba-40f2-b8e9-c543dbacaaa8-le64.cache-7
7e4f72781000-7e4f72782000 r--s 00000000 08:03 958751                     /var/cache/fontconfig/1be3e60d-092a-4e80-a752-6a8112ad746b-le64.cache-7
7e4f72782000-7e4f72784000 r--s 00000000 08:03 958797                     /var/cache/fontconfig/532ab1fd-4c93-4144-9afb-228093095b1f-le64.cache-7
7e4f72784000-7e4f72786000 r--s 00000000 08:03 958836                     /var/cache/fontconfig/77a33dd9-6be6-4452-ad7d-12eddb632a4f-le64.cache-7
7e4f72786000-7e4f727fb000 r--s 00000000 08:03 927002                     /var/cache/fontconfig/7438ed18-9ff1-47b3-be0c-ad911dcb5e3f-le64.cache-7
7e4f727fb000-7e4f72800000 r--s 00000000 08:03 958761                     /var/cache/fontconfig/28fc9f30-5346-4093-805f-043a5efdb380-le64.cache-7
7e4f72800000-7e4f7f917000 r--s 00000000 08:03 659891                     /home/ilmi/pycharm-community-2024.1/lib/app-client.jar
7e4f7f917000-7e4f7f918000 r--s 00000000 08:03 958762                     /var/cache/fontconfig/2b2e4ee0-d507-4a8d-9f9c-397fce335827-le64.cache-7
7e4f7f918000-7e4f7f919000 r--s 00000000 08:03 958932                     /var/cache/fontconfig/fac814e6-62b8-4165-8984-3f18d6e32c2a-le64.cache-7
7e4f7f919000-7e4f7f91a000 r--s 00000000 08:03 958748                     /var/cache/fontconfig/1a805fbf-5a04-4892-9847-a7b6c9c1e57e-le64.cache-7
7e4f7f91a000-7e4f7f91b000 r--s 00000000 08:03 958889                     /var/cache/fontconfig/c6d0d7ce-70b3-4ac5-94e6-e9122fa621fd-le64.cache-7
7e4f7f91b000-7e4f7f91c000 r--s 00000000 08:03 958752                     /var/cache/fontconfig/1c0ddff7-d6bc-4b47-b971-de23846b1441-le64.cache-7
7e4f7f91c000-7e4f7f91d000 r--s 00000000 08:03 958852                     /var/cache/fontconfig/91744108-767e-488a-877d-069685b5b57f-le64.cache-7
7e4f7f91d000-7e4f7f91e000 r--s 00000000 08:03 958892                     /var/cache/fontconfig/c9796f0f-3386-46f2-a59d-2170fee5c610-le64.cache-7
7e4f7f91e000-7e4f7f91f000 r--s 00000000 08:03 958829                     /var/cache/fontconfig/6dd32468-7963-4567-a7e1-8e1426831187-le64.cache-7
7e4f7f91f000-7e4f7f920000 r--s 00000000 08:03 958897                     /var/cache/fontconfig/d3281347-e2ca-41db-97a9-fcbbe2585ca9-le64.cache-7
7e4f7f920000-7e4f7f921000 r--s 00000000 08:03 958922                     /var/cache/fontconfig/e89d332f-136e-41e0-9ece-0a614820ce21-le64.cache-7
7e4f7f921000-7e4f7f927000 r--s 00000000 08:03 958850                     /var/cache/fontconfig/8a3ae9c2-3b16-43c2-a1d8-7da9b7b271e2-le64.cache-7
7e4f7f927000-7e4f7f92e000 r--s 00000000 08:03 958785                     /var/cache/fontconfig/4a7b713c-632d-44fe-a572-53b110efabb1-le64.cache-7
7e4f7f92e000-7e4f7f934000 r--s 00000000 08:03 958860                     /var/cache/fontconfig/9c004d83-23a9-4f48-953b-b5ae04c8d366-le64.cache-7
7e4f7f934000-7e4f7f947000 r--s 00000000 08:03 958796                     /var/cache/fontconfig/5257c389-1c79-4acc-aa8b-6a6bb78a178c-le64.cache-7
7e4f7f947000-7e4f7f953000 r--s 00000000 08:03 932444                     /var/cache/fontconfig/640862f6-cb84-411b-b3b1-3354c654e566-le64.cache-7
7e4f7f953000-7e4f7f95a000 r--p 00000000 08:03 676607                     /usr/lib/x86_64-linux-gnu/libblkid.so.1.1.0
7e4f7f95a000-7e4f7f97a000 r-xp 00007000 08:03 676607                     /usr/lib/x86_64-linux-gnu/libblkid.so.1.1.0
7e4f7f97a000-7e4f7f983000 r--p 00027000 08:03 676607                     /usr/lib/x86_64-linux-gnu/libblkid.so.1.1.0
7e4f7f983000-7e4f7f984000 ---p 00030000 08:03 676607                     /usr/lib/x86_64-linux-gnu/libblkid.so.1.1.0
7e4f7f984000-7e4f7f989000 r--p 00030000 08:03 676607                     /usr/lib/x86_64-linux-gnu/libblkid.so.1.1.0
7e4f7f989000-7e4f7f98a000 rw-p 00035000 08:03 676607                     /usr/lib/x86_64-linux-gnu/libblkid.so.1.1.0
7e4f7f98a000-7e4f7f98c000 r--p 00000000 08:03 680734                     /usr/lib/x86_64-linux-gnu/libpcre.so.3.13.3
7e4f7f98c000-7e4f7f9e1000 r-xp 00002000 08:03 680734                     /usr/lib/x86_64-linux-gnu/libpcre.so.3.13.3
7e4f7f9e1000-7e4f7f9fe000 r--p 00057000 08:03 680734                     /usr/lib/x86_64-linux-gnu/libpcre.so.3.13.3
7e4f7f9fe000-7e4f7f9ff000 r--p 00073000 08:03 680734                     /usr/lib/x86_64-linux-gnu/libpcre.so.3.13.3
7e4f7f9ff000-7e4f7fa00000 rw-p 00074000 08:03 680734                     /usr/lib/x86_64-linux-gnu/libpcre.so.3.13.3
7e4f7fa00000-7e4f83f78000 r--s 00000000 08:03 659898                     /home/ilmi/pycharm-community-2024.1/lib/util-8.jar
7e4f83f78000-7e4f83f79000 r--s 00000000 08:03 958935                     /var/cache/fontconfig/fe318ba6-d77b-48d4-9e1d-8a7a5fee03f0-le64.cache-7
7e4f83f79000-7e4f83f7a000 r--s 00000000 08:03 927001                     /var/cache/fontconfig/733b97d6-1900-4212-841a-cd223edaa3af-le64.cache-7
7e4f83f7a000-7e4f83f7b000 r--s 00000000 08:03 958813                     /var/cache/fontconfig/5d9064e0-c76f-468a-a070-c7a0c801f2b8-le64.cache-7
7e4f83f7b000-7e4f83f7c000 r--s 00000000 08:03 958846                     /var/cache/fontconfig/8826ae2d-e4c2-4de0-bd08-1f387d8580bd-le64.cache-7
7e4f83f7c000-7e4f83f82000 r--s 00000000 08:03 958896                     /var/cache/fontconfig/cfd99099-f6f6-44d1-a60a-3c455c3391ea-le64.cache-7
7e4f83f82000-7e4f83f90000 r--s 00000000 08:03 958874                     /var/cache/fontconfig/b01e6e90-65ea-44f2-af8f-446c6cef7e78-le64.cache-7
7e4f83f90000-7e4f83f96000 r--p 00000000 08:03 680921                     /usr/lib/x86_64-linux-gnu/libselinux.so.1
7e4f83f96000-7e4f83fb0000 r-xp 00006000 08:03 680921                     /usr/lib/x86_64-linux-gnu/libselinux.so.1
7e4f83fb0000-7e4f83fb7000 r--p 00020000 08:03 680921                     /usr/lib/x86_64-linux-gnu/libselinux.so.1
7e4f83fb7000-7e4f83fb8000 ---p 00027000 08:03 680921                     /usr/lib/x86_64-linux-gnu/libselinux.so.1
7e4f83fb8000-7e4f83fb9000 r--p 00027000 08:03 680921                     /usr/lib/x86_64-linux-gnu/libselinux.so.1
7e4f83fb9000-7e4f83fba000 rw-p 00028000 08:03 680921                     /usr/lib/x86_64-linux-gnu/libselinux.so.1
7e4f83fba000-7e4f83fbc000 rw-p 00000000 00:00 0 
7e4f83fbc000-7e4f83fc4000 r--p 00000000 08:03 676250                     /usr/lib/x86_64-linux-gnu/libmount.so.1.1.0
7e4f83fc4000-7e4f83ff0000 r-xp 00008000 08:03 676250                     /usr/lib/x86_64-linux-gnu/libmount.so.1.1.0
7e4f83ff0000-7e4f83ffd000 r--p 00034000 08:03 676250                     /usr/lib/x86_64-linux-gnu/libmount.so.1.1.0
7e4f83ffd000-7e4f83ffe000 ---p 00041000 08:03 676250                     /usr/lib/x86_64-linux-gnu/libmount.so.1.1.0
7e4f83ffe000-7e4f83fff000 r--p 00041000 08:03 676250                     /usr/lib/x86_64-linux-gnu/libmount.so.1.1.0
7e4f83fff000-7e4f84000000 rw-p 00042000 08:03 676250                     /usr/lib/x86_64-linux-gnu/libmount.so.1.1.0
7e4f84000000-7e4f865e9000 rw-p 00000000 00:00 0 
7e4f865e9000-7e4f88000000 ---p 00000000 00:00 0 
7e4f88000000-7e4f88002000 r--s 00000000 08:03 958773                     /var/cache/fontconfig/37cd786f-1105-4a2e-9b2d-4d1d73d13e21-le64.cache-7
7e4f88002000-7e4f88012000 r--s 00000000 08:03 958814                     /var/cache/fontconfig/631f2623-3f90-4177-92cf-8c086d8e25a2-le64.cache-7
7e4f88012000-7e4f8803d000 r--p 00000000 08:03 660334                     /home/ilmi/pycharm-community-2024.1/jbr/lib/libawt.so
7e4f8803d000-7e4f880c1000 r-xp 0002b000 08:03 660334                     /home/ilmi/pycharm-community-2024.1/jbr/lib/libawt.so
7e4f880c1000-7e4f880ce000 r--p 000af000 08:03 660334                     /home/ilmi/pycharm-community-2024.1/jbr/lib/libawt.so
7e4f880ce000-7e4f880cf000 ---p 000bc000 08:03 660334                     /home/ilmi/pycharm-community-2024.1/jbr/lib/libawt.so
7e4f880cf000-7e4f880d0000 r--p 000bc000 08:03 660334                     /home/ilmi/pycharm-community-2024.1/jbr/lib/libawt.so
7e4f880d0000-7e4f880db000 rw-p 000bd000 08:03 660334                     /home/ilmi/pycharm-community-2024.1/jbr/lib/libawt.so
7e4f880db000-7e4f88100000 rw-p 00000000 00:00 0 
7e4f88100000-7e4f88104000 ---p 00000000 00:00 0 
7e4f88104000-7e4f88200000 rw-p 00000000 00:00 0 
7e4f88200000-7e4f88204000 ---p 00000000 00:00 0 
7e4f88204000-7e4f88300000 rw-p 00000000 00:00 0 
7e4f88300000-7e4f88304000 ---p 00000000 00:00 0 
7e4f88304000-7e4f88400000 rw-p 00000000 00:00 0 
7e4f88400000-7e4f88690000 r--s 00000000 08:03 659878                     /home/ilmi/pycharm-community-2024.1/plugins/marketplace/lib/boot/marketplace-impl.jar
7e4f88690000-7e4f88691000 r--s 00000000 08:03 958875                     /var/cache/fontconfig/b22b775b-0635-4d96-8097-39f879ef6d95-le64.cache-7
7e4f88691000-7e4f88692000 r--s 00000000 08:03 958866                     /var/cache/fontconfig/a020556a-7cb8-4943-93bb-53f984154280-le64.cache-7
7e4f88692000-7e4f88693000 r--s 00000000 08:03 958857                     /var/cache/fontconfig/9a286459-8542-40ec-a120-60994da52663-le64.cache-7
7e4f88693000-7e4f88694000 r--s 00000000 08:03 958927                     /var/cache/fontconfig/f3ee0489-1260-4b44-a982-b71a1adfcc53-le64.cache-7
7e4f88694000-7e4f88696000 r--p 00000000 08:03 679563                     /usr/lib/x86_64-linux-gnu/libXcursor.so.1.0.2
7e4f88696000-7e4f8869c000 r-xp 00002000 08:03 679563                     /usr/lib/x86_64-linux-gnu/libXcursor.so.1.0.2
7e4f8869c000-7e4f8869e000 r--p 00008000 08:03 679563                     /usr/lib/x86_64-linux-gnu/libXcursor.so.1.0.2
7e4f8869e000-7e4f8869f000 r--p 00009000 08:03 679563                     /usr/lib/x86_64-linux-gnu/libXcursor.so.1.0.2
7e4f8869f000-7e4f886a0000 rw-p 0000a000 08:03 679563                     /usr/lib/x86_64-linux-gnu/libXcursor.so.1.0.2
7e4f886a0000-7e4f886af000 r--p 00000000 08:03 680204                     /usr/lib/x86_64-linux-gnu/libgobject-2.0.so.0.7200.4
7e4f886af000-7e4f886e2000 r-xp 0000f000 08:03 680204                     /usr/lib/x86_64-linux-gnu/libgobject-2.0.so.0.7200.4
7e4f886e2000-7e4f886fc000 r--p 00042000 08:03 680204                     /usr/lib/x86_64-linux-gnu/libgobject-2.0.so.0.7200.4
7e4f886fc000-7e4f886ff000 r--p 0005b000 08:03 680204                     /usr/lib/x86_64-linux-gnu/libgobject-2.0.so.0.7200.4
7e4f886ff000-7e4f88700000 rw-p 0005e000 08:03 680204                     /usr/lib/x86_64-linux-gnu/libgobject-2.0.so.0.7200.4
7e4f88756000-7e4f889f0000 rw-p 00000000 00:00 0 
7e4f889f0000-7e4f88a00000 r--s 00000000 08:03 1315778                    /home/ilmi/pycharm-community-2024.1/plugins/platform-ide-provisioner/lib/platform-ide-provisioner.jar
7e4f88a00000-7e4f88ecb000 r--s 00000000 08:03 659912                     /home/ilmi/pycharm-community-2024.1/lib/protobuf.jar
7e4f88ecb000-7e4f88ece000 r--s 00000000 08:03 958771                     /var/cache/fontconfig/372af00f-c039-4e96-9f2f-6024ffdc132d-le64.cache-7
7e4f88ece000-7e4f88ed1000 r--s 00000000 08:03 958747                     /var/cache/fontconfig/193cb884-aaa9-4fe2-966d-80e8b3eaafa1-le64.cache-7
7e4f88ed1000-7e4f88ed5000 r--p 00000000 08:03 681838                     /usr/lib/x86_64-linux-gnu/gio/modules/libdconfsettings.so
7e4f88ed5000-7e4f88edc000 r-xp 00004000 08:03 681838                     /usr/lib/x86_64-linux-gnu/gio/modules/libdconfsettings.so
7e4f88edc000-7e4f88edf000 r--p 0000b000 08:03 681838                     /usr/lib/x86_64-linux-gnu/gio/modules/libdconfsettings.so
7e4f88edf000-7e4f88ee0000 r--p 0000e000 08:03 681838                     /usr/lib/x86_64-linux-gnu/gio/modules/libdconfsettings.so
7e4f88ee0000-7e4f88ee1000 rw-p 0000f000 08:03 681838                     /usr/lib/x86_64-linux-gnu/gio/modules/libdconfsettings.so
7e4f88ee1000-7e4f88ee3000 r--p 00000000 08:03 680198                     /usr/lib/x86_64-linux-gnu/libgmodule-2.0.so.0.7200.4
7e4f88ee3000-7e4f88ee5000 r-xp 00002000 08:03 680198                     /usr/lib/x86_64-linux-gnu/libgmodule-2.0.so.0.7200.4
7e4f88ee5000-7e4f88ee6000 r--p 00004000 08:03 680198                     /usr/lib/x86_64-linux-gnu/libgmodule-2.0.so.0.7200.4
7e4f88ee6000-7e4f88ee7000 r--p 00004000 08:03 680198                     /usr/lib/x86_64-linux-gnu/libgmodule-2.0.so.0.7200.4
7e4f88ee7000-7e4f88ee8000 rw-p 00005000 08:03 680198                     /usr/lib/x86_64-linux-gnu/libgmodule-2.0.so.0.7200.4
7e4f88ee8000-7e4f88eea000 r--p 00000000 08:03 679587                     /usr/lib/x86_64-linux-gnu/libXrandr.so.2.2.0
7e4f88eea000-7e4f88ef1000 r-xp 00002000 08:03 679587                     /usr/lib/x86_64-linux-gnu/libXrandr.so.2.2.0
7e4f88ef1000-7e4f88ef3000 r--p 00009000 08:03 679587                     /usr/lib/x86_64-linux-gnu/libXrandr.so.2.2.0
7e4f88ef3000-7e4f88ef4000 r--p 0000a000 08:03 679587                     /usr/lib/x86_64-linux-gnu/libXrandr.so.2.2.0
7e4f88ef4000-7e4f88ef5000 rw-p 0000b000 08:03 679587                     /usr/lib/x86_64-linux-gnu/libXrandr.so.2.2.0
7e4f88ef5000-7e4f88ef7000 r--p 00000000 08:03 680083                     /usr/lib/x86_64-linux-gnu/libffi.so.8.1.0
7e4f88ef7000-7e4f88efe000 r-xp 00002000 08:03 680083                     /usr/lib/x86_64-linux-gnu/libffi.so.8.1.0
7e4f88efe000-7e4f88eff000 r--p 00009000 08:03 680083                     /usr/lib/x86_64-linux-gnu/libffi.so.8.1.0
7e4f88eff000-7e4f88f00000 ---p 0000a000 08:03 680083                     /usr/lib/x86_64-linux-gnu/libffi.so.8.1.0
7e4f88f00000-7e4f88f01000 r--p 0000a000 08:03 680083                     /usr/lib/x86_64-linux-gnu/libffi.so.8.1.0
7e4f88f01000-7e4f88f02000 rw-p 0000b000 08:03 680083                     /usr/lib/x86_64-linux-gnu/libffi.so.8.1.0
7e4f88f02000-7e4f88f07000 r--p 00000000 08:03 681185                     /usr/lib/x86_64-linux-gnu/libwayland-client.so.0.20.0
7e4f88f07000-7e4f88f0d000 r-xp 00005000 08:03 681185                     /usr/lib/x86_64-linux-gnu/libwayland-client.so.0.20.0
7e4f88f0d000-7e4f88f0f000 r--p 0000b000 08:03 681185                     /usr/lib/x86_64-linux-gnu/libwayland-client.so.0.20.0
7e4f88f0f000-7e4f88f10000 ---p 0000d000 08:03 681185                     /usr/lib/x86_64-linux-gnu/libwayland-client.so.0.20.0
7e4f88f10000-7e4f88f12000 r--p 0000d000 08:03 681185                     /usr/lib/x86_64-linux-gnu/libwayland-client.so.0.20.0
7e4f88f12000-7e4f88f13000 rw-p 0000f000 08:03 681185                     /usr/lib/x86_64-linux-gnu/libwayland-client.so.0.20.0
7e4f88f13000-7e4f88f15000 r--p 00000000 08:03 680521                     /usr/lib/x86_64-linux-gnu/libmd.so.0.0.5
7e4f88f15000-7e4f88f1c000 r-xp 00002000 08:03 680521                     /usr/lib/x86_64-linux-gnu/libmd.so.0.0.5
7e4f88f1c000-7e4f88f1e000 r--p 00009000 08:03 680521                     /usr/lib/x86_64-linux-gnu/libmd.so.0.0.5
7e4f88f1e000-7e4f88f1f000 r--p 0000a000 08:03 680521                     /usr/lib/x86_64-linux-gnu/libmd.so.0.0.5
7e4f88f1f000-7e4f88f20000 rw-p 0000b000 08:03 680521                     /usr/lib/x86_64-linux-gnu/libmd.so.0.0.5
7e4f88f20000-7e4f89000000 r--s 00000000 08:03 659921                     /home/ilmi/pycharm-community-2024.1/lib/junit4.jar
7e4f89000000-7e4f89554000 r--s 00000000 08:03 659900                     /home/ilmi/pycharm-community-2024.1/lib/rd.jar
7e4f89554000-7e4f89556000 r--s 00000000 08:03 958818                     /var/cache/fontconfig/6488b93f-4d0c-43e8-be14-4ca9429b8b51-le64.cache-7
7e4f89556000-7e4f89557000 r--s 00000000 08:03 958843                     /var/cache/fontconfig/8501df3f-c401-4f63-931a-05225ed7c716-le64.cache-7
7e4f89557000-7e4f8955b000 r--p 00000000 08:03 679872                     /usr/lib/x86_64-linux-gnu/libbsd.so.0.11.5
7e4f8955b000-7e4f89568000 r-xp 00004000 08:03 679872                     /usr/lib/x86_64-linux-gnu/libbsd.so.0.11.5
7e4f89568000-7e4f8956b000 r--p 00011000 08:03 679872                     /usr/lib/x86_64-linux-gnu/libbsd.so.0.11.5
7e4f8956b000-7e4f8956c000 ---p 00014000 08:03 679872                     /usr/lib/x86_64-linux-gnu/libbsd.so.0.11.5
7e4f8956c000-7e4f8956d000 r--p 00014000 08:03 679872                     /usr/lib/x86_64-linux-gnu/libbsd.so.0.11.5
7e4f8956d000-7e4f8956e000 rw-p 00015000 08:03 679872                     /usr/lib/x86_64-linux-gnu/libbsd.so.0.11.5
7e4f8956e000-7e4f8956f000 rw-p 00000000 00:00 0 
7e4f8956f000-7e4f8957a000 r--p 00000000 08:03 681278                     /usr/lib/x86_64-linux-gnu/libxcb.so.1.1.0
7e4f8957a000-7e4f8958e000 r-xp 0000b000 08:03 681278                     /usr/lib/x86_64-linux-gnu/libxcb.so.1.1.0
7e4f8958e000-7e4f89597000 r--p 0001f000 08:03 681278                     /usr/lib/x86_64-linux-gnu/libxcb.so.1.1.0
7e4f89597000-7e4f89598000 r--p 00027000 08:03 681278                     /usr/lib/x86_64-linux-gnu/libxcb.so.1.1.0
7e4f89598000-7e4f89599000 rw-p 00028000 08:03 681278                     /usr/lib/x86_64-linux-gnu/libxcb.so.1.1.0
7e4f89599000-7e4f895a8000 r--p 00000000 08:03 660354                     /home/ilmi/pycharm-community-2024.1/jbr/lib/libawt_xawt.so
7e4f895a8000-7e4f895e8000 r-xp 0000f000 08:03 660354                     /home/ilmi/pycharm-community-2024.1/jbr/lib/libawt_xawt.so
7e4f895e8000-7e4f895fa000 r--p 0004f000 08:03 660354                     /home/ilmi/pycharm-community-2024.1/jbr/lib/libawt_xawt.so
7e4f895fa000-7e4f895fb000 ---p 00061000 08:03 660354                     /home/ilmi/pycharm-community-2024.1/jbr/lib/libawt_xawt.so
7e4f895fb000-7e4f895fc000 r--p 00061000 08:03 660354                     /home/ilmi/pycharm-community-2024.1/jbr/lib/libawt_xawt.so
7e4f895fc000-7e4f895fe000 rw-p 00062000 08:03 660354                     /home/ilmi/pycharm-community-2024.1/jbr/lib/libawt_xawt.so
7e4f895fe000-7e4f89600000 rw-p 00000000 00:00 0 
7e4f89600000-7e4f8982d000 r--s 00000000 08:03 659901                     /home/ilmi/pycharm-community-2024.1/lib/stats.jar
7e4f8982d000-7e4f89830000 r--s 00000000 08:03 958871                     /var/cache/fontconfig/aca93a1e-711f-408e-a39d-042e79526aad-le64.cache-7
7e4f89830000-7e4f89833000 r--p 00000000 08:03 679577                     /usr/lib/x86_64-linux-gnu/libXi.so.6.1.0
7e4f89833000-7e4f8983f000 r-xp 00003000 08:03 679577                     /usr/lib/x86_64-linux-gnu/libXi.so.6.1.0
7e4f8983f000-7e4f89842000 r--p 0000f000 08:03 679577                     /usr/lib/x86_64-linux-gnu/libXi.so.6.1.0
7e4f89842000-7e4f89843000 r--p 00011000 08:03 679577                     /usr/lib/x86_64-linux-gnu/libXi.so.6.1.0
7e4f89843000-7e4f89844000 rw-p 00012000 08:03 679577                     /usr/lib/x86_64-linux-gnu/libXi.so.6.1.0
7e4f89844000-7e4f89851000 r--p 00000000 08:03 680141                     /usr/lib/x86_64-linux-gnu/libfreetype.so.6.18.1
7e4f89851000-7e4f898da000 r-xp 0000d000 08:03 680141                     /usr/lib/x86_64-linux-gnu/libfreetype.so.6.18.1
7e4f898da000-7e4f89903000 r--p 00096000 08:03 680141                     /usr/lib/x86_64-linux-gnu/libfreetype.so.6.18.1
7e4f89903000-7e4f89904000 ---p 000bf000 08:03 680141                     /usr/lib/x86_64-linux-gnu/libfreetype.so.6.18.1
7e4f89904000-7e4f8990b000 r--p 000bf000 08:03 680141                     /usr/lib/x86_64-linux-gnu/libfreetype.so.6.18.1
7e4f8990b000-7e4f8990c000 rw-p 000c6000 08:03 680141                     /usr/lib/x86_64-linux-gnu/libfreetype.so.6.18.1
7e4f8990c000-7e4f89a00000 r--s 00000000 08:03 659918                     /home/ilmi/pycharm-community-2024.1/lib/intellij-coverage-agent-1.0.744.jar
7e4f89a00000-7e4f8b782000 r--s 00000000 08:03 659890                     /home/ilmi/pycharm-community-2024.1/lib/modules.jar
7e4f8b782000-7e4f8b785000 r--s 00000000 08:03 967752                     /var/cache/fontconfig/81d1cc3e-2e4b-4baf-862a-f495e7b69a2d-le64.cache-7
7e4f8b785000-7e4f8b787000 r--p 00000000 08:03 679567                     /usr/lib/x86_64-linux-gnu/libXdmcp.so.6.0.0
7e4f8b787000-7e4f8b789000 r-xp 00002000 08:03 679567                     /usr/lib/x86_64-linux-gnu/libXdmcp.so.6.0.0
7e4f8b789000-7e4f8b78b000 r--p 00004000 08:03 679567                     /usr/lib/x86_64-linux-gnu/libXdmcp.so.6.0.0
7e4f8b78b000-7e4f8b78c000 r--p 00005000 08:03 679567                     /usr/lib/x86_64-linux-gnu/libXdmcp.so.6.0.0
7e4f8b78c000-7e4f8b78d000 rw-p 00006000 08:03 679567                     /usr/lib/x86_64-linux-gnu/libXdmcp.so.6.0.0
7e4f8b78d000-7e4f8b791000 r--p 00000000 08:03 679569                     /usr/lib/x86_64-linux-gnu/libXext.so.6.4.0
7e4f8b791000-7e4f8b79c000 r-xp 00004000 08:03 679569                     /usr/lib/x86_64-linux-gnu/libXext.so.6.4.0
7e4f8b79c000-7e4f8b7a0000 r--p 0000f000 08:03 679569                     /usr/lib/x86_64-linux-gnu/libXext.so.6.4.0
7e4f8b7a0000-7e4f8b7a1000 r--p 00012000 08:03 679569                     /usr/lib/x86_64-linux-gnu/libXext.so.6.4.0
7e4f8b7a1000-7e4f8b7a2000 rw-p 00013000 08:03 679569                     /usr/lib/x86_64-linux-gnu/libXext.so.6.4.0
7e4f8b7a2000-7e4f8b7a3000 r--p 00000000 08:03 679864                     /usr/lib/x86_64-linux-gnu/libbrotlicommon.so.1.0.9
7e4f8b7a3000-7e4f8b7a4000 r-xp 00001000 08:03 679864                     /usr/lib/x86_64-linux-gnu/libbrotlicommon.so.1.0.9
7e4f8b7a4000-7e4f8b7c3000 r--p 00002000 08:03 679864                     /usr/lib/x86_64-linux-gnu/libbrotlicommon.so.1.0.9
7e4f8b7c3000-7e4f8b7c4000 r--p 00020000 08:03 679864                     /usr/lib/x86_64-linux-gnu/libbrotlicommon.so.1.0.9
7e4f8b7c4000-7e4f8b7c5000 rw-p 00021000 08:03 679864                     /usr/lib/x86_64-linux-gnu/libbrotlicommon.so.1.0.9
7e4f8b7c5000-7e4f8b7ca000 r--p 00000000 08:03 680779                     /usr/lib/x86_64-linux-gnu/libpng16.so.16.37.0
7e4f8b7ca000-7e4f8b7f3000 r-xp 00005000 08:03 680779                     /usr/lib/x86_64-linux-gnu/libpng16.so.16.37.0
7e4f8b7f3000-7e4f8b7fe000 r--p 0002e000 08:03 680779                     /usr/lib/x86_64-linux-gnu/libpng16.so.16.37.0
7e4f8b7fe000-7e4f8b7ff000 r--p 00038000 08:03 680779                     /usr/lib/x86_64-linux-gnu/libpng16.so.16.37.0
7e4f8b7ff000-7e4f8b800000 rw-p 00039000 08:03 680779                     /usr/lib/x86_64-linux-gnu/libpng16.so.16.37.0
7e4f8b800000-7e4f8ba20000 r--s 00000000 08:03 659904                     /home/ilmi/pycharm-community-2024.1/lib/opentelemetry.jar
7e4f8ba20000-7e4f8ba21000 r--s 00000000 08:03 958895                     /var/cache/fontconfig/cc19fb0d-0667-4b42-acd9-bc423f290666-le64.cache-7
7e4f8ba21000-7e4f8ba22000 r--s 00000000 08:03 958765                     /var/cache/fontconfig/322304d2-2c66-4f11-ab3b-d6e2835582cf-le64.cache-7
7e4f8ba22000-7e4f8ba24000 r--p 00000000 08:03 679589                     /usr/lib/x86_64-linux-gnu/libXrender.so.1.3.0
7e4f8ba24000-7e4f8ba2b000 r-xp 00002000 08:03 679589                     /usr/lib/x86_64-linux-gnu/libXrender.so.1.3.0
7e4f8ba2b000-7e4f8ba2d000 r--p 00009000 08:03 679589                     /usr/lib/x86_64-linux-gnu/libXrender.so.1.3.0
7e4f8ba2d000-7e4f8ba2e000 r--p 0000a000 08:03 679589                     /usr/lib/x86_64-linux-gnu/libXrender.so.1.3.0
7e4f8ba2e000-7e4f8ba2f000 rw-p 0000b000 08:03 679589                     /usr/lib/x86_64-linux-gnu/libXrender.so.1.3.0
7e4f8ba2f000-7e4f8ba33000 r--p 00000000 08:03 654904                     /usr/lib/x86_64-linux-gnu/libexpat.so.1.8.7
7e4f8ba33000-7e4f8ba52000 r-xp 00004000 08:03 654904                     /usr/lib/x86_64-linux-gnu/libexpat.so.1.8.7
7e4f8ba52000-7e4f8ba5c000 r--p 00023000 08:03 654904                     /usr/lib/x86_64-linux-gnu/libexpat.so.1.8.7
7e4f8ba5c000-7e4f8ba5d000 ---p 0002d000 08:03 654904                     /usr/lib/x86_64-linux-gnu/libexpat.so.1.8.7
7e4f8ba5d000-7e4f8ba5f000 r--p 0002d000 08:03 654904                     /usr/lib/x86_64-linux-gnu/libexpat.so.1.8.7
7e4f8ba5f000-7e4f8ba60000 rw-p 0002f000 08:03 654904                     /usr/lib/x86_64-linux-gnu/libexpat.so.1.8.7
7e4f8ba60000-7e4f8ba67000 r--p 00000000 08:03 680121                     /usr/lib/x86_64-linux-gnu/libfontconfig.so.1.12.0
7e4f8ba67000-7e4f8ba90000 r-xp 00007000 08:03 680121                     /usr/lib/x86_64-linux-gnu/libfontconfig.so.1.12.0
7e4f8ba90000-7e4f8baa6000 r--p 00030000 08:03 680121                     /usr/lib/x86_64-linux-gnu/libfontconfig.so.1.12.0
7e4f8baa6000-7e4f8baa7000 ---p 00046000 08:03 680121                     /usr/lib/x86_64-linux-gnu/libfontconfig.so.1.12.0
7e4f8baa7000-7e4f8baa9000 r--p 00046000 08:03 680121                     /usr/lib/x86_64-linux-gnu/libfontconfig.so.1.12.0
7e4f8baa9000-7e4f8baaa000 rw-p 00048000 08:03 680121                     /usr/lib/x86_64-linux-gnu/libfontconfig.so.1.12.0
7e4f8baaa000-7e4f8bad8000 r--p 00000000 08:03 958238                     /usr/share/locale-langpack/ru/LC_MESSAGES/libc.mo
7e4f8bad8000-7e4f8bc00000 r--s 00000000 08:03 659906                     /home/ilmi/pycharm-community-2024.1/lib/jps-model.jar
7e4f8bc00000-7e4f8bfa4000 r--s 00000000 08:03 659917                     /home/ilmi/pycharm-community-2024.1/lib/util.jar
7e4f8bfa4000-7e4f8bfa5000 r--s 00000000 08:03 958740                     /var/cache/fontconfig/0fc7873f-9b60-4d38-b62d-cd6032bc36c3-le64.cache-7
7e4f8bfa5000-7e4f8bfa6000 r--p 00000000 08:03 679579                     /usr/lib/x86_64-linux-gnu/libXinerama.so.1.0.0
7e4f8bfa6000-7e4f8bfa7000 r-xp 00001000 08:03 679579                     /usr/lib/x86_64-linux-gnu/libXinerama.so.1.0.0
7e4f8bfa7000-7e4f8bfa8000 r--p 00002000 08:03 679579                     /usr/lib/x86_64-linux-gnu/libXinerama.so.1.0.0
7e4f8bfa8000-7e4f8bfa9000 r--p 00003000 08:03 679579                     /usr/lib/x86_64-linux-gnu/libXinerama.so.1.0.0
7e4f8bfa9000-7e4f8bfaa000 rw-p 00004000 08:03 679579                     /usr/lib/x86_64-linux-gnu/libXinerama.so.1.0.0
7e4f8bfaa000-7e4f8bfab000 r--p 00000000 08:03 679556                     /usr/lib/x86_64-linux-gnu/libXau.so.6.0.0
7e4f8bfab000-7e4f8bfad000 r-xp 00001000 08:03 679556                     /usr/lib/x86_64-linux-gnu/libXau.so.6.0.0
7e4f8bfad000-7e4f8bfae000 r--p 00003000 08:03 679556                     /usr/lib/x86_64-linux-gnu/libXau.so.6.0.0
7e4f8bfae000-7e4f8bfaf000 r--p 00003000 08:03 679556                     /usr/lib/x86_64-linux-gnu/libXau.so.6.0.0
7e4f8bfaf000-7e4f8bfb0000 rw-p 00004000 08:03 679556                     /usr/lib/x86_64-linux-gnu/libXau.so.6.0.0
7e4f8bfb0000-7e4f8bfb1000 r--p 00000000 08:03 679866                     /usr/lib/x86_64-linux-gnu/libbrotlidec.so.1.0.9
7e4f8bfb1000-7e4f8bfb9000 r-xp 00001000 08:03 679866                     /usr/lib/x86_64-linux-gnu/libbrotlidec.so.1.0.9
7e4f8bfb9000-7e4f8bfbc000 r--p 00009000 08:03 679866                     /usr/lib/x86_64-linux-gnu/libbrotlidec.so.1.0.9
7e4f8bfbc000-7e4f8bfbd000 r--p 0000b000 08:03 679866                     /usr/lib/x86_64-linux-gnu/libbrotlidec.so.1.0.9
7e4f8bfbd000-7e4f8bfbe000 rw-p 0000c000 08:03 679866                     /usr/lib/x86_64-linux-gnu/libbrotlidec.so.1.0.9
7e4f8bfbe000-7e4f8c000000 r--s 00000000 08:03 659877                     /home/ilmi/pycharm-community-2024.1/plugins/marketplace/lib/boot/marketplace-bootstrap.jar
7e4f8c000000-7e4f8c787000 rw-p 00000000 00:00 0 
7e4f8c787000-7e4f90000000 ---p 00000000 00:00 0 
7e4f90000000-7e4f91c16000 rw-p 00000000 00:00 0 
7e4f91c16000-7e4f94000000 ---p 00000000 00:00 0 
7e4f94000000-7e4f946f7000 rw-p 00000000 00:00 0 
7e4f946f7000-7e4f98000000 ---p 00000000 00:00 0 
7e4f98000000-7e4f98ae4000 rw-p 00000000 00:00 0 
7e4f98ae4000-7e4f9c000000 ---p 00000000 00:00 0 
7e4f9c000000-7e4f9c380000 rw-p 00000000 00:00 0 
7e4f9c380000-7e4fa0000000 ---p 00000000 00:00 0 
7e4fa0000000-7e4fa09f6000 rw-p 00000000 00:00 0 
7e4fa09f6000-7e4fa4000000 ---p 00000000 00:00 0 
7e4fa4000000-7e4fa44f0000 rw-p 00000000 00:00 0 
7e4fa44f0000-7e4fa4570000 rw-p 00000000 00:00 0 
7e4fa4570000-7e4fa46f0000 rw-p 00000000 00:00 0 
7e4fa46f0000-7e4fa47f0000 rw-p 00000000 00:00 0 
7e4fa47f0000-7e4fa48f0000 rw-p 00000000 00:00 0 
7e4fa48f0000-7e4fa49f0000 rw-p 00000000 00:00 0 
7e4fa49f0000-7e4fa4af0000 rw-p 00000000 00:00 0 
7e4fa4af0000-7e4fa4cf0000 rw-p 00000000 00:00 0 
7e4fa4cf0000-7e4fa4d10000 rw-p 00000000 00:00 0 
7e4fa4d10000-7e4fa4d30000 rw-p 00000000 00:00 0 
7e4fa4d30000-7e4fa4d70000 rw-p 00000000 00:00 0 
7e4fa4d70000-7e4fa4ef0000 rw-p 00000000 00:00 0 
7e4fa4ef0000-7e4fa4fb0000 rw-p 00000000 00:00 0 
7e4fa4fb0000-7e4fa4ff0000 rw-p 00000000 00:00 0 
7e4fa4ff0000-7e4fa50b0000 rw-p 00000000 00:00 0 
7e4fa50b0000-7e4fa50f0000 rw-p 00000000 00:00 0 
7e4fa50f0000-7e4fa52f0000 rw-p 00000000 00:00 0 
7e4fa52f0000-7e4fa53f0000 rw-p 00000000 00:00 0 
7e4fa53f0000-7e4fa54f0000 rw-p 00000000 00:00 0 
7e4fa54f0000-7e4fa55f0000 rw-p 00000000 00:00 0 
7e4fa55f0000-7e4fa5770000 rw-p 00000000 00:00 0 
7e4fa5770000-7e4fa57f0000 rw-p 00000000 00:00 0 
7e4fa57f0000-7e4fa58f0000 rw-p 00000000 00:00 0 
7e4fa58f0000-7e4fa59f0000 rw-p 00000000 00:00 0 
7e4fa59f0000-7e4fa5cf0000 rw-p 00000000 00:00 0 
7e4fa5cf0000-7e4fa5df0000 rw-p 00000000 00:00 0 
7e4fa5df0000-7e4fa5ff0000 rw-p 00000000 00:00 0 
7e4fa5ff0000-7e4fa61b0000 rw-p 00000000 00:00 0 
7e4fa61b0000-7e4fa61f0000 rw-p 00000000 00:00 0 
7e4fa61f0000-7e4fa64f0000 rw-p 00000000 00:00 0 
7e4fa64f0000-7e4fa65f0000 rw-p 00000000 00:00 0 
7e4fa65f0000-7e4fa6970000 rw-p 00000000 00:00 0 
7e4fa6970000-7e4fa69f0000 rw-p 00000000 00:00 0 
7e4fa69f0000-7e4fa6b70000 rw-p 00000000 00:00 0 
7e4fa6b70000-7e4fa6bf0000 rw-p 00000000 00:00 0 
7e4fa6bf0000-7e4fa6cf0000 rw-p 00000000 00:00 0 
7e4fa6cf0000-7e4fa6df0000 rw-p 00000000 00:00 0 
7e4fa6df0000-7e4fa6ef0000 rw-p 00000000 00:00 0 
7e4fa6ef0000-7e4fa6ff0000 rw-p 00000000 00:00 0 
7e4fa6ff0000-7e4fa73f0000 rw-p 00000000 00:00 0 
7e4fa73f0000-7e4fa75f0000 rw-p 00000000 00:00 0 
7e4fa75f0000-7e4fa77b0000 rw-p 00000000 00:00 0 
7e4fa77b0000-7e4fa77f0000 rw-p 00000000 00:00 0 
7e4fa77f0000-7e4fa7af0000 rw-p 00000000 00:00 0 
7e4fa7af0000-7e4fa7bf0000 rw-p 00000000 00:00 0 
7e4fa7bf0000-7e4fa8000000 rw-p 00000000 00:00 0 
7e4fa8000000-7e4fa8002000 r--p 00000000 08:03 679595                     /usr/lib/x86_64-linux-gnu/libXtst.so.6.1.0
7e4fa8002000-7e4fa8005000 r-xp 00002000 08:03 679595                     /usr/lib/x86_64-linux-gnu/libXtst.so.6.1.0
7e4fa8005000-7e4fa8006000 r--p 00005000 08:03 679595                     /usr/lib/x86_64-linux-gnu/libXtst.so.6.1.0
7e4fa8006000-7e4fa8007000 r--p 00005000 08:03 679595                     /usr/lib/x86_64-linux-gnu/libXtst.so.6.1.0
7e4fa8007000-7e4fa8008000 rw-p 00006000 08:03 679595                     /usr/lib/x86_64-linux-gnu/libXtst.so.6.1.0
7e4fa8008000-7e4fa800a000 r--p 00000000 08:03 676603                     /usr/lib/x86_64-linux-gnu/libuuid.so.1.3.0
7e4fa800a000-7e4fa800e000 r-xp 00002000 08:03 676603                     /usr/lib/x86_64-linux-gnu/libuuid.so.1.3.0
7e4fa800e000-7e4fa800f000 r--p 00006000 08:03 676603                     /usr/lib/x86_64-linux-gnu/libuuid.so.1.3.0
7e4fa800f000-7e4fa8010000 r--p 00006000 08:03 676603                     /usr/lib/x86_64-linux-gnu/libuuid.so.1.3.0
7e4fa8010000-7e4fa8011000 rw-p 00007000 08:03 676603                     /usr/lib/x86_64-linux-gnu/libuuid.so.1.3.0
7e4fa8011000-7e4fa8013000 r--p 00000000 08:03 679571                     /usr/lib/x86_64-linux-gnu/libXfixes.so.3.1.0
7e4fa8013000-7e4fa8016000 r-xp 00002000 08:03 679571                     /usr/lib/x86_64-linux-gnu/libXfixes.so.3.1.0
7e4fa8016000-7e4fa8017000 r--p 00005000 08:03 679571                     /usr/lib/x86_64-linux-gnu/libXfixes.so.3.1.0
7e4fa8017000-7e4fa8018000 r--p 00006000 08:03 679571                     /usr/lib/x86_64-linux-gnu/libXfixes.so.3.1.0
7e4fa8018000-7e4fa8019000 rw-p 00007000 08:03 679571                     /usr/lib/x86_64-linux-gnu/libXfixes.so.3.1.0
7e4fa8019000-7e4fa8025000 r--p 00000000 08:03 800228                     /usr/share/glib-2.0/schemas/gschemas.compiled
7e4fa8025000-7e4fa8026000 r--p 00000000 08:03 660371                     /home/ilmi/pycharm-community-2024.1/jbr/lib/libprefs.so
7e4fa8026000-7e4fa8027000 r-xp 00001000 08:03 660371                     /home/ilmi/pycharm-community-2024.1/jbr/lib/libprefs.so
7e4fa8027000-7e4fa8028000 r--p 00002000 08:03 660371                     /home/ilmi/pycharm-community-2024.1/jbr/lib/libprefs.so
7e4fa8028000-7e4fa8029000 r--p 00002000 08:03 660371                     /home/ilmi/pycharm-community-2024.1/jbr/lib/libprefs.so
7e4fa8029000-7e4fa802a000 rw-p 00000000 00:00 0 
7e4fa802a000-7e4fa8067000 r--s 00000000 08:03 659922                     /home/ilmi/pycharm-community-2024.1/lib/trove.jar
7e4fa8067000-7e4fa80ff000 r--s 00000000 08:03 659897                     /home/ilmi/pycharm-community-2024.1/lib/intellij-test-discovery.jar
7e4fa80ff000-7e4fa8100000 ---p 00000000 00:00 0 
7e4fa8100000-7e4fa8200000 rw-p 00000000 00:00 0 
7e4fa8200000-7e4fa8204000 ---p 00000000 00:00 0 
7e4fa8204000-7e4fa8300000 rw-p 00000000 00:00 0 
7e4fa8300000-7e4fa8304000 ---p 00000000 00:00 0 
7e4fa8304000-7e4fa8400000 rw-p 00000000 00:00 0 
7e4fa8400000-7e4fa8404000 ---p 00000000 00:00 0 
7e4fa8404000-7e4fa8500000 rw-p 00000000 00:00 0 
7e4fa8500000-7e4fa8504000 ---p 00000000 00:00 0 
7e4fa8504000-7e4fa8600000 rw-p 00000000 00:00 0 
7e4fa8600000-7e4fa8604000 ---p 00000000 00:00 0 
7e4fa8604000-7e4fa8700000 rw-p 00000000 00:00 0 
7e4fa8700000-7e4fa8704000 ---p 00000000 00:00 0 
7e4fa8704000-7e4fa8800000 rw-p 00000000 00:00 0 
7e4fa8800000-7e4facbd0000 rwxp 00000000 00:00 0 
7e4facbd0000-7e4fb8538000 ---p 00000000 00:00 0 
7e4fb8538000-7e4fb87a8000 rwxp 00000000 00:00 0 
7e4fb87a8000-7e4fb8ac7000 ---p 00000000 00:00 0 
7e4fb8ac7000-7e4fb9fd7000 rwxp 00000000 00:00 0 
7e4fb9fd7000-7e4fc8800000 ---p 00000000 00:00 0 
7e4fc8800000-7e4fcbf80000 r--s 00000000 08:03 660368                     /home/ilmi/pycharm-community-2024.1/jbr/lib/modules
7e4fcbf80000-7e4fcbf81000 r--s 00000000 08:03 958794                     /var/cache/fontconfig/513e02c6-6aec-4b91-9c46-efef978ff249-le64.cache-7
7e4fcbf81000-7e4fcbf88000 r--s 00000000 08:03 701957                     /usr/lib/x86_64-linux-gnu/gconv/gconv-modules.cache
7e4fcbf88000-7e4fcbf8c000 r--p 00000000 08:03 660392                     /home/ilmi/pycharm-community-2024.1/jbr/lib/libverify.so
7e4fcbf8c000-7e4fcbf93000 r-xp 00004000 08:03 660392                     /home/ilmi/pycharm-community-2024.1/jbr/lib/libverify.so
7e4fcbf93000-7e4fcbf95000 r--p 0000b000 08:03 660392                     /home/ilmi/pycharm-community-2024.1/jbr/lib/libverify.so
7e4fcbf95000-7e4fcbf97000 r--p 0000c000 08:03 660392                     /home/ilmi/pycharm-community-2024.1/jbr/lib/libverify.so
7e4fcbf97000-7e4fcbf98000 rw-p 00000000 00:00 0 
7e4fcbf98000-7e4fcbfa7000 r--s 00000000 08:03 659907                     /home/ilmi/pycharm-community-2024.1/lib/jsch-agent.jar
7e4fcbfa7000-7e4fcbfb3000 r--s 00000000 08:03 659916                     /home/ilmi/pycharm-community-2024.1/lib/annotations.jar
7e4fcbfb3000-7e4fcc000000 r--s 00000000 08:03 659892                     /home/ilmi/pycharm-community-2024.1/lib/util_rt.jar
7e4fcc000000-7e4fcff3f000 rw-p 00000000 00:00 0 
7e4fcff3f000-7e4fd0000000 ---p 00000000 00:00 0 
7e4fd0000000-7e4fd0004000 ---p 00000000 00:00 0 
7e4fd0004000-7e4fd0100000 rw-p 00000000 00:00 0 
7e4fd0100000-7e4fd0104000 ---p 00000000 00:00 0 
7e4fd0104000-7e4fd0200000 rw-p 00000000 00:00 0 
7e4fd0200000-7e4fd078c000 r--p 00000000 08:03 654378                     /usr/lib/locale/locale-archive
7e4fd078c000-7e4fd078d000 r--s 00000000 08:03 958907                     /var/cache/fontconfig/d5e2f615-0279-4812-8aea-b43f3127963b-le64.cache-7
7e4fd078d000-7e4fd078e000 r--p 00000000 08:03 660452                     /home/ilmi/pycharm-community-2024.1/jbr/lib/libextnet.so
7e4fd078e000-7e4fd078f000 r-xp 00001000 08:03 660452                     /home/ilmi/pycharm-community-2024.1/jbr/lib/libextnet.so
7e4fd078f000-7e4fd0790000 r--p 00002000 08:03 660452                     /home/ilmi/pycharm-community-2024.1/jbr/lib/libextnet.so
7e4fd0790000-7e4fd0791000 r--p 00002000 08:03 660452                     /home/ilmi/pycharm-community-2024.1/jbr/lib/libextnet.so
7e4fd0791000-7e4fd0792000 rw-p 00000000 00:00 0 
7e4fd0792000-7e4fd0796000 r--s 00000000 08:03 659902                     /home/ilmi/pycharm-community-2024.1/lib/externalProcess-rt.jar
7e4fd0796000-7e4fd07a6000 r--s 00000000 08:03 659920                     /home/ilmi/pycharm-community-2024.1/lib/forms_rt.jar
7e4fd07a6000-7e4fd07b5000 r--s 00000000 08:03 659887                     /home/ilmi/pycharm-community-2024.1/lib/external-system-rt.jar
7e4fd07b5000-7e4fd0820000 r--s 00000000 08:03 659911                     /home/ilmi/pycharm-community-2024.1/lib/platform-loader.jar
7e4fd0820000-7e4fd0851000 rw-p 00000000 00:00 0 
7e4fd0851000-7e4fd0855000 r--p 00000000 08:03 660372                     /home/ilmi/pycharm-community-2024.1/jbr/lib/libnet.so
7e4fd0855000-7e4fd0863000 r-xp 00004000 08:03 660372                     /home/ilmi/pycharm-community-2024.1/jbr/lib/libnet.so
7e4fd0863000-7e4fd0867000 r--p 00012000 08:03 660372                     /home/ilmi/pycharm-community-2024.1/jbr/lib/libnet.so
7e4fd0867000-7e4fd0868000 r--p 00015000 08:03 660372                     /home/ilmi/pycharm-community-2024.1/jbr/lib/libnet.so
7e4fd0868000-7e4fd0869000 rw-p 00016000 08:03 660372                     /home/ilmi/pycharm-community-2024.1/jbr/lib/libnet.so
7e4fd0869000-7e4fd0870000 r--p 00000000 08:03 660373                     /home/ilmi/pycharm-community-2024.1/jbr/lib/libnio.so
7e4fd0870000-7e4fd0879000 r-xp 00007000 08:03 660373                     /home/ilmi/pycharm-community-2024.1/jbr/lib/libnio.so
7e4fd0879000-7e4fd087d000 r--p 00010000 08:03 660373                     /home/ilmi/pycharm-community-2024.1/jbr/lib/libnio.so
7e4fd087d000-7e4fd087e000 ---p 00014000 08:03 660373                     /home/ilmi/pycharm-community-2024.1/jbr/lib/libnio.so
7e4fd087e000-7e4fd087f000 r--p 00014000 08:03 660373                     /home/ilmi/pycharm-community-2024.1/jbr/lib/libnio.so
7e4fd087f000-7e4fd0880000 rw-p 00015000 08:03 660373                     /home/ilmi/pycharm-community-2024.1/jbr/lib/libnio.so
7e4fd0880000-7e4fd0884000 ---p 00000000 00:00 0 
7e4fd0884000-7e4fd0980000 rw-p 00000000 00:00 0 
7e4fd0980000-7e4fd0984000 ---p 00000000 00:00 0 
7e4fd0984000-7e4fd0a80000 rw-p 00000000 00:00 0 
7e4fd0a80000-7e4fd0a81000 ---p 00000000 00:00 0 
7e4fd0a81000-7e4fd0b81000 rw-p 00000000 00:00 0 
7e4fd0c9b000-7e4fd0e0a000 rw-p 00000000 00:00 0 
7e4fd0e0a000-7e4fd1022000 ---p 00000000 00:00 0 
7e4fd1022000-7e4fd106c000 rw-p 00000000 00:00 0 
7e4fd106c000-7e4fd1177000 ---p 00000000 00:00 0 
7e4fd1177000-7e4fd120a000 rw-p 00000000 00:00 0 
7e4fd120a000-7e4fd1422000 ---p 00000000 00:00 0 
7e4fd1422000-7e4fd144e000 rw-p 00000000 00:00 0 
7e4fd144e000-7e4fd161e000 ---p 00000000 00:00 0 
7e4fd161e000-7e4fd16a6000 rw-p 00000000 00:00 0 
7e4fd16a6000-7e4fd1819000 ---p 00000000 00:00 0 
7e4fd1819000-7e4fd181d000 ---p 00000000 00:00 0 
7e4fd181d000-7e4fd1919000 rw-p 00000000 00:00 0 
7e4fd1919000-7e4fd1927000 r--p 00000000 08:03 656479                     /usr/lib/x86_64-linux-gnu/libm.so.6
7e4fd1927000-7e4fd19a3000 r-xp 0000e000 08:03 656479                     /usr/lib/x86_64-linux-gnu/libm.so.6
7e4fd19a3000-7e4fd19fe000 r--p 0008a000 08:03 656479                     /usr/lib/x86_64-linux-gnu/libm.so.6
7e4fd19fe000-7e4fd19ff000 r--p 000e4000 08:03 656479                     /usr/lib/x86_64-linux-gnu/libm.so.6
7e4fd19ff000-7e4fd1a00000 rw-p 000e5000 08:03 656479                     /usr/lib/x86_64-linux-gnu/libm.so.6
7e4fd1a00000-7e4fd1c53000 r--p 00000000 08:03 660345                     /home/ilmi/pycharm-community-2024.1/jbr/lib/server/libjvm.so
7e4fd1c53000-7e4fd2979000 r-xp 00253000 08:03 660345                     /home/ilmi/pycharm-community-2024.1/jbr/lib/server/libjvm.so
7e4fd2979000-7e4fd2c0a000 r--p 00f79000 08:03 660345                     /home/ilmi/pycharm-community-2024.1/jbr/lib/server/libjvm.so
7e4fd2c0a000-7e4fd2c0b000 ---p 0120a000 08:03 660345                     /home/ilmi/pycharm-community-2024.1/jbr/lib/server/libjvm.so
7e4fd2c0b000-7e4fd2cc4000 r--p 0120a000 08:03 660345                     /home/ilmi/pycharm-community-2024.1/jbr/lib/server/libjvm.so
7e4fd2cc4000-7e4fd2cf9000 rw-p 012c3000 08:03 660345                     /home/ilmi/pycharm-community-2024.1/jbr/lib/server/libjvm.so
7e4fd2cf9000-7e4fd2d63000 rw-p 00000000 00:00 0 
7e4fd2d63000-7e4fd2d64000 r--s 00000000 08:03 958898                     /var/cache/fontconfig/d3d4d11f-532e-429f-a99c-38cc8b7a4593-le64.cache-7
7e4fd2d64000-7e4fd2d65000 r--s 00000000 08:03 958776                     /var/cache/fontconfig/3a1d578d-058a-4a68-8a17-6b2e6b0d6b14-le64.cache-7
7e4fd2d65000-7e4fd2d66000 r--p 00000000 08:03 523400                     /home/ilmi/.config/dconf/user
7e4fd2d6c000-7e4fd2d6d000 r--p 00000000 08:03 660326                     /home/ilmi/pycharm-community-2024.1/jbr/lib/libjawt.so
7e4fd2d6d000-7e4fd2d6e000 r-xp 00001000 08:03 660326                     /home/ilmi/pycharm-community-2024.1/jbr/lib/libjawt.so
7e4fd2d6e000-7e4fd2d6f000 r--p 00002000 08:03 660326                     /home/ilmi/pycharm-community-2024.1/jbr/lib/libjawt.so
7e4fd2d6f000-7e4fd2d70000 r--p 00002000 08:03 660326                     /home/ilmi/pycharm-community-2024.1/jbr/lib/libjawt.so
7e4fd2d70000-7e4fd2d71000 rw-p 00000000 00:00 0 
7e4fd2d71000-7e4fd2d72000 r--p 00000000 08:03 680652                     /usr/lib/x86_64-linux-gnu/libnss_mdns4_minimal.so.2
7e4fd2d72000-7e4fd2d74000 r-xp 00001000 08:03 680652                     /usr/lib/x86_64-linux-gnu/libnss_mdns4_minimal.so.2
7e4fd2d74000-7e4fd2d75000 r--p 00003000 08:03 680652                     /usr/lib/x86_64-linux-gnu/libnss_mdns4_minimal.so.2
7e4fd2d75000-7e4fd2d76000 r--p 00003000 08:03 680652                     /usr/lib/x86_64-linux-gnu/libnss_mdns4_minimal.so.2
7e4fd2d76000-7e4fd2d77000 rw-p 00004000 08:03 680652                     /usr/lib/x86_64-linux-gnu/libnss_mdns4_minimal.so.2
7e4fd2d77000-7e4fd2d7b000 ---p 00000000 00:00 0 
7e4fd2d7b000-7e4fd2d99000 rw-p 00000000 00:00 0 
7e4fd2d99000-7e4fd2d9a000 r--p 00000000 08:03 656568                     /usr/lib/x86_64-linux-gnu/libutil.so.1
7e4fd2d9a000-7e4fd2d9b000 r-xp 00001000 08:03 656568                     /usr/lib/x86_64-linux-gnu/libutil.so.1
7e4fd2d9b000-7e4fd2d9c000 r--p 00002000 08:03 656568                     /usr/lib/x86_64-linux-gnu/libutil.so.1
7e4fd2d9c000-7e4fd2d9d000 r--p 00002000 08:03 656568                     /usr/lib/x86_64-linux-gnu/libutil.so.1
7e4fd2d9d000-7e4fd2d9e000 rw-p 00003000 08:03 656568                     /usr/lib/x86_64-linux-gnu/libutil.so.1
7e4fd2d9e000-7e4fd2da7000 rw-s 00000000 00:01 32769                      /SYSV00000000 (deleted)
7e4fd2da7000-7e4fd2dac000 rw-p 00000000 00:00 0 
7e4fd2dac000-7e4fd2db3000 ---p 00000000 00:00 0 
7e4fd2db3000-7e4fd2dbf000 r--p 00000000 08:03 660346                     /home/ilmi/pycharm-community-2024.1/jbr/lib/libjava.so
7e4fd2dbf000-7e4fd2dd1000 r-xp 0000c000 08:03 660346                     /home/ilmi/pycharm-community-2024.1/jbr/lib/libjava.so
7e4fd2dd1000-7e4fd2dd7000 r--p 0001e000 08:03 660346                     /home/ilmi/pycharm-community-2024.1/jbr/lib/libjava.so
7e4fd2dd7000-7e4fd2dd8000 ---p 00024000 08:03 660346                     /home/ilmi/pycharm-community-2024.1/jbr/lib/libjava.so
7e4fd2dd8000-7e4fd2dd9000 r--p 00024000 08:03 660346                     /home/ilmi/pycharm-community-2024.1/jbr/lib/libjava.so
7e4fd2dd9000-7e4fd2dda000 rw-p 00025000 08:03 660346                     /home/ilmi/pycharm-community-2024.1/jbr/lib/libjava.so
7e4fd2dda000-7e4fd2ddb000 rw-p 00000000 00:00 0 
7e4fd2ddb000-7e4fd2dde000 r--p 00000000 08:03 660338                     /home/ilmi/pycharm-community-2024.1/jbr/lib/libjimage.so
7e4fd2dde000-7e4fd2df2000 r-xp 00003000 08:03 660338                     /home/ilmi/pycharm-community-2024.1/jbr/lib/libjimage.so
7e4fd2df2000-7e4fd2df8000 r--p 00017000 08:03 660338                     /home/ilmi/pycharm-community-2024.1/jbr/lib/libjimage.so
7e4fd2df8000-7e4fd2dfa000 r--p 0001c000 08:03 660338                     /home/ilmi/pycharm-community-2024.1/jbr/lib/libjimage.so
7e4fd2dfa000-7e4fd2dfb000 rw-p 0001e000 08:03 660338                     /home/ilmi/pycharm-community-2024.1/jbr/lib/libjimage.so
7e4fd2dfb000-7e4fd2dfc000 r--p 00000000 08:03 656547                     /usr/lib/x86_64-linux-gnu/librt.so.1
7e4fd2dfc000-7e4fd2dfd000 r-xp 00001000 08:03 656547                     /usr/lib/x86_64-linux-gnu/librt.so.1
7e4fd2dfd000-7e4fd2dfe000 r--p 00002000 08:03 656547                     /usr/lib/x86_64-linux-gnu/librt.so.1
7e4fd2dfe000-7e4fd2dff000 r--p 00002000 08:03 656547                     /usr/lib/x86_64-linux-gnu/librt.so.1
7e4fd2dff000-7e4fd2e00000 rw-p 00003000 08:03 656547                     /usr/lib/x86_64-linux-gnu/librt.so.1
7e4fd2e00000-7e4fd2e28000 r--p 00000000 08:03 656471                     /usr/lib/x86_64-linux-gnu/libc.so.6
7e4fd2e28000-7e4fd2fbd000 r-xp 00028000 08:03 656471                     /usr/lib/x86_64-linux-gnu/libc.so.6
7e4fd2fbd000-7e4fd3015000 r--p 001bd000 08:03 656471                     /usr/lib/x86_64-linux-gnu/libc.so.6
7e4fd3015000-7e4fd3016000 ---p 00215000 08:03 656471                     /usr/lib/x86_64-linux-gnu/libc.so.6
7e4fd3016000-7e4fd301a000 r--p 00215000 08:03 656471                     /usr/lib/x86_64-linux-gnu/libc.so.6
7e4fd301a000-7e4fd301c000 rw-p 00219000 08:03 656471                     /usr/lib/x86_64-linux-gnu/libc.so.6
7e4fd301c000-7e4fd3029000 rw-p 00000000 00:00 0 
7e4fd3029000-7e4fd302a000 r--s 00000000 00:32 53                         /run/user/1000/dconf/user
7e4fd302a000-7e4fd302e000 rw-p 00000000 00:00 0 
7e4fd302e000-7e4fd302f000 r--p 00000000 08:03 656474                     /usr/lib/x86_64-linux-gnu/libdl.so.2
7e4fd302f000-7e4fd3030000 r-xp 00001000 08:03 656474                     /usr/lib/x86_64-linux-gnu/libdl.so.2
7e4fd3030000-7e4fd3031000 r--p 00002000 08:03 656474                     /usr/lib/x86_64-linux-gnu/libdl.so.2
7e4fd3031000-7e4fd3032000 r--p 00002000 08:03 656474                     /usr/lib/x86_64-linux-gnu/libdl.so.2
7e4fd3032000-7e4fd3033000 rw-p 00003000 08:03 656474                     /usr/lib/x86_64-linux-gnu/libdl.so.2
7e4fd3033000-7e4fd3034000 r--p 00000000 08:03 656526                     /usr/lib/x86_64-linux-gnu/libpthread.so.0
7e4fd3034000-7e4fd3035000 r-xp 00001000 08:03 656526                     /usr/lib/x86_64-linux-gnu/libpthread.so.0
7e4fd3035000-7e4fd3036000 r--p 00002000 08:03 656526                     /usr/lib/x86_64-linux-gnu/libpthread.so.0
7e4fd3036000-7e4fd3037000 r--p 00002000 08:03 656526                     /usr/lib/x86_64-linux-gnu/libpthread.so.0
7e4fd3037000-7e4fd3038000 rw-p 00003000 08:03 656526                     /usr/lib/x86_64-linux-gnu/libpthread.so.0
7e4fd3038000-7e4fd303a000 r--p 00000000 08:03 660353                     /home/ilmi/pycharm-community-2024.1/jbr/lib/libjli.so
7e4fd303a000-7e4fd3044000 r-xp 00002000 08:03 660353                     /home/ilmi/pycharm-community-2024.1/jbr/lib/libjli.so
7e4fd3044000-7e4fd3047000 r--p 0000c000 08:03 660353                     /home/ilmi/pycharm-community-2024.1/jbr/lib/libjli.so
7e4fd3047000-7e4fd3048000 ---p 0000f000 08:03 660353                     /home/ilmi/pycharm-community-2024.1/jbr/lib/libjli.so
7e4fd3048000-7e4fd3049000 r--p 0000f000 08:03 660353                     /home/ilmi/pycharm-community-2024.1/jbr/lib/libjli.so
7e4fd3049000-7e4fd304a000 rw-p 00010000 08:03 660353                     /home/ilmi/pycharm-community-2024.1/jbr/lib/libjli.so
7e4fd304a000-7e4fd304c000 r--p 00000000 08:03 681314                     /usr/lib/x86_64-linux-gnu/libz.so.1.2.11
7e4fd304c000-7e4fd305d000 r-xp 00002000 08:03 681314                     /usr/lib/x86_64-linux-gnu/libz.so.1.2.11
7e4fd305d000-7e4fd3063000 r--p 00013000 08:03 681314                     /usr/lib/x86_64-linux-gnu/libz.so.1.2.11
7e4fd3063000-7e4fd3064000 ---p 00019000 08:03 681314                     /usr/lib/x86_64-linux-gnu/libz.so.1.2.11
7e4fd3064000-7e4fd3065000 r--p 00019000 08:03 681314                     /usr/lib/x86_64-linux-gnu/libz.so.1.2.11
7e4fd3065000-7e4fd3066000 rw-p 0001a000 08:03 681314                     /usr/lib/x86_64-linux-gnu/libz.so.1.2.11
7e4fd3066000-7e4fd3068000 r--p 00000000 08:03 660350                     /home/ilmi/pycharm-community-2024.1/jbr/lib/libzip.so
7e4fd3068000-7e4fd306c000 r-xp 00002000 08:03 660350                     /home/ilmi/pycharm-community-2024.1/jbr/lib/libzip.so
7e4fd306c000-7e4fd306e000 r--p 00006000 08:03 660350                     /home/ilmi/pycharm-community-2024.1/jbr/lib/libzip.so
7e4fd306e000-7e4fd306f000 r--p 00007000 08:03 660350                     /home/ilmi/pycharm-community-2024.1/jbr/lib/libzip.so
7e4fd306f000-7e4fd3070000 rw-p 00000000 00:00 0 
7e4fd3070000-7e4fd3078000 rw-s 00000000 08:03 1439032                    /tmp/hsperfdata_ilmi/1269
7e4fd3078000-7e4fd3079000 ---p 00000000 00:00 0 
7e4fd3079000-7e4fd307a000 r--p 00000000 00:00 0 
7e4fd307a000-7e4fd307c000 rw-p 00000000 00:00 0 
7e4fd307c000-7e4fd3080000 r--p 00000000 00:00 0                          [vvar]
7e4fd3080000-7e4fd3082000 r-xp 00000000 00:00 0                          [vdso]
7e4fd3082000-7e4fd3084000 r--p 00000000 08:03 654161                     /usr/lib/x86_64-linux-gnu/ld-linux-x86-64.so.2
7e4fd3084000-7e4fd30ae000 r-xp 00002000 08:03 654161                     /usr/lib/x86_64-linux-gnu/ld-linux-x86-64.so.2
7e4fd30ae000-7e4fd30b9000 r--p 0002c000 08:03 654161                     /usr/lib/x86_64-linux-gnu/ld-linux-x86-64.so.2
7e4fd30b9000-7e4fd30ba000 rwxp 00000000 00:00 0 
7e4fd30ba000-7e4fd30bc000 r--p 00037000 08:03 654161                     /usr/lib/x86_64-linux-gnu/ld-linux-x86-64.so.2
7e4fd30bc000-7e4fd30be000 rw-p 00039000 08:03 654161                     /usr/lib/x86_64-linux-gnu/ld-linux-x86-64.so.2
7ffeadbd5000-7ffeadbf7000 rw-p 00000000 00:00 0                          [stack]
ffffffffff600000-ffffffffff601000 --xp 00000000 00:00 0                  [vsyscall]


VM Arguments:
jvm_args: -XX:ErrorFile=/home/ilmi/java_error_in_pycharm_%p.log -XX:HeapDumpPath=/home/ilmi/java_error_in_pycharm_.hprof -Xms256m -Xmx1500m -XX:+HeapDumpOnOutOfMemoryError -XX:-OmitStackTraceInFastThrow -XX:+IgnoreUnrecognizedVMOptions -ea -Dsun.io.useCanonCaches=false -Dsun.java2d.metal=true -Djbr.catch.SIGABRT=true -Djdk.http.auth.tunneling.disabledSchemes="" -Djdk.attach.allowAttachSelf=true -Djdk.module.illegalAccess.silent=true -Dkotlinx.coroutines.debug=off -XX:CICompilerCount=2 -XX:ReservedCodeCacheSize=512m -XX:CompileCommand=exclude,com/intellij/openapi/vfs/impl/FilePartNodeRoot,trieDescend -XX:SoftRefLRUPolicyMSPerMB=50 -Dide.show.tips.on.startup.default.value=false -Dsun.tools.attach.tmp.only=true -Dawt.lock.fair=true -Xmx2048m -Djb.vmOptionsFile=/home/ilmi/.config/JetBrains/PyCharmCE2024.1/pycharm64.vmoptions -Djava.system.class.loader=com.intellij.util.lang.PathClassLoader -Didea.vendor.name=JetBrains -Didea.paths.selector=PyCharmCE2024.1 -Djna.boot.library.path=/home/ilmi/pycharm-community-2024.1/lib/jna/amd64 -Dpty4j.preferred.native.folder=/home/ilmi/pycharm-community-2024.1/lib/pty4j -Djna.nosys=true -Djna.noclasspath=true -Dintellij.platform.runtime.repository.path=/home/ilmi/pycharm-community-2024.1/modules/module-descriptors.jar -Didea.platform.prefix=PyCharmCore -Dsplash=true -Daether.connector.resumeDownloads=false --add-opens=java.base/java.io=ALL-UNNAMED --add-opens=java.base/java.lang=ALL-UNNAMED --add-opens=java.base/java.lang.ref=ALL-UNNAMED --add-opens=java.base/java.lang.reflect=ALL-UNNAMED --add-opens=java.base/java.net=ALL-UNNAMED --add-opens=java.base/java.nio=ALL-UNNAMED --add-opens=java.base/java.nio.charset=ALL-UNNAMED --add-opens=java.base/java.text=ALL-UNNAMED --add-opens=java.base/java.time=ALL-UNNAMED --add-opens=java.base/java.util=ALL-UNNAMED --add-opens=java.base/java.util.concurrent=ALL-UNNAMED --add-opens=java.base/java.util.concurrent.atomic=ALL-UNNAMED --add-opens=java.base/java.util.concurrent.locks=ALL-UNNAMED --add-opens=java.base/jdk.internal.vm=ALL-UNNAMED --add-opens=java.base/sun.nio.ch=ALL-UNNAMED --add-opens=java.base/sun.nio.fs=ALL-UNNAMED --add-opens=java.base/sun.security.ssl=ALL-UNNAMED --add-opens=java.base/sun.security.util=ALL-UNNAMED --add-opens=java.base/sun.net.dns=ALL-UNNAMED --add-opens=java.desktop/com.sun.java.swing.plaf.gtk=ALL-UNNAMED --add-opens=java.desktop/java.awt=ALL-UNNAMED --add-opens=java.desktop/java.awt.dnd.peer=ALL-UNNAMED --add-opens=java.desktop/java.awt.event=ALL-UNNAMED --add-opens=java.desktop/java.awt.image=ALL-UNNAMED --add-opens=java.desktop/java.awt.peer=ALL-UNNAMED --add-opens=java.desktop/java.awt.font=ALL-UNNAMED --add-opens=java.desktop/javax.swing=ALL-UNNAMED --add-opens=java.desktop/javax.swing.plaf.basic=ALL-UNNAMED --add-opens=java.desktop/javax.swing.text=ALL-UNNAMED --add-opens=java.desktop/javax.swing.text.html=ALL-UNNAMED --add-opens=java.desktop/sun.awt.X11=ALL-UNNAMED --add-opens=java.desktop/sun.awt.datatransfer=ALL-UNNAMED --add-opens=java.desktop/sun.awt.image=ALL-UNNAMED --add-opens=java.desktop/sun.awt=ALL-UNNAMED --add-opens=java.desktop/sun.font=ALL-UNNAMED --add-opens=java.desktop/sun.java2d=ALL-UNNAMED --add-opens=java.desktop/sun.swing=ALL-UNNAMED --add-opens=java.desktop/com.sun.java.swing=ALL-UNNAMED --add-opens=jdk.attach/sun.tools.attach=ALL-UNNAMED --add-opens=jdk.compiler/com.sun.tools.javac.api=ALL-UNNAMED --add-opens=jdk.internal.jvmstat/sun.jvmstat.monitor=ALL-UNNAMED --add-opens=jdk.jdi/com.sun.tools.jdi=ALL-UNNAMED 
java_command: com.intellij.idea.Main
java_class_path (initial): /home/ilmi/pycharm-community-2024.1/lib/platform-loader.jar:/home/ilmi/pycharm-community-2024.1/lib/util-8.jar:/home/ilmi/pycharm-community-2024.1/lib/util.jar:/home/ilmi/pycharm-community-2024.1/lib/app-client.jar:/home/ilmi/pycharm-community-2024.1/lib/util_rt.jar:/home/ilmi/pycharm-community-2024.1/lib/opentelemetry.jar:/home/ilmi/pycharm-community-2024.1/lib/app.jar:/home/ilmi/pycharm-community-2024.1/lib/modules.jar:/home/ilmi/pycharm-community-2024.1/lib/lib-client.jar:/home/ilmi/pycharm-community-2024.1/lib/stats.jar:/home/ilmi/pycharm-community-2024.1/lib/jps-model.jar:/home/ilmi/pycharm-community-2024.1/lib/external-system-rt.jar:/home/ilmi/pycharm-community-2024.1/lib/rd.jar:/home/ilmi/pycharm-community-2024.1/lib/bouncy-castle.jar:/home/ilmi/pycharm-community-2024.1/lib/protobuf.jar:/home/ilmi/pycharm-community-2024.1/lib/intellij-test-discovery.jar:/home/ilmi/pycharm-community-2024.1/lib/intellij-coverage-agent-1.0.744.jar:/home/ilmi/pycharm-community-2024.1/lib/forms_rt.jar:/home/ilmi/pycharm-community-2024.1/lib/lib.jar:/home/ilmi/pycharm-community-2024.1/lib/externalProcess-rt.jar:/home/ilmi/pycharm-community-2024.1/lib/groovy.jar:/home/ilmi/pycharm-community-2024.1/lib/annotations.jar:/home/ilmi/pycharm-community-2024.1/lib/grpc.jar:/home/ilmi/pycharm-community-2024.1/lib/jsch-agent.jar:/home/ilmi/pycharm-community-2024.1/lib/junit4.jar:/home/ilmi/pycharm-community-2024.1/lib/trove.jar
Launcher Type: SUN_STANDARD

[Global flags]
     intx CICompilerCount                          = 2                                         {product} {command line}
ccstrlist CompileCommand                           = exclude,com/intellij/openapi/vfs/impl/FilePartNodeRoot,trieDescend            {product} {command line}
    ccstr ErrorFile                                = /home/ilmi/java_error_in_pycharm_%p.log            {product} {command line}
     bool HeapDumpOnOutOfMemoryError               = true                                   {manageable} {command line}
    ccstr HeapDumpPath                             = /home/ilmi/java_error_in_pycharm_.hprof         {manageable} {command line}
     bool IgnoreUnrecognizedVMOptions              = true                                      {product} {command line}
   size_t InitialHeapSize                          = 268435456                                 {product} {command line}
   size_t MaxHeapSize                              = 2147483648                                {product} {command line}
   size_t MaxNewSize                               = 715784192                                 {product} {ergonomic}
   size_t MinHeapDeltaBytes                        = 196608                                    {product} {ergonomic}
   size_t MinHeapSize                              = 268435456                                 {product} {command line}
   size_t NewSize                                  = 89456640                                  {product} {ergonomic}
    uintx NonNMethodCodeHeapSize                   = 5826188                                {pd product} {ergonomic}
    uintx NonProfiledCodeHeapSize                  = 265522362                              {pd product} {ergonomic}
   size_t OldSize                                  = 178978816                                 {product} {ergonomic}
     bool OmitStackTraceInFastThrow                = false                                     {product} {command line}
    uintx ProfiledCodeHeapSize                     = 265522362                              {pd product} {ergonomic}
    uintx ReservedCodeCacheSize                    = 536870912                              {pd product} {command line}
     bool SegmentedCodeCache                       = true                                      {product} {ergonomic}
   size_t SoftMaxHeapSize                          = 2147483648                             {manageable} {ergonomic}
     intx SoftRefLRUPolicyMSPerMB                  = 50                                        {product} {command line}
   double SweeperThreshold                         = 0.234375                                  {product} {ergonomic}
     bool UseCompressedClassPointers               = true                           {product lp64_product} {ergonomic}
     bool UseCompressedOops                        = true                           {product lp64_product} {ergonomic}
     bool UseSerialGC                              = true                                      {product} {ergonomic}

Logging:
Log output configuration:
 #0: stdout all=warning uptime,level,tags
 #1: stderr all=off uptime,level,tags

Environment Variables:
PATH=/home/ilmi/.local/bin:/usr/local/sbin:/usr/local/bin:/usr/sbin:/usr/bin:/sbin:/bin:/usr/games:/usr/local/games:/snap/bin
SHELL=/bin/bash
DISPLAY=:0
LANG=en_US.UTF-8
LC_NUMERIC=en_US.UTF-8
LC_TIME=en_US.UTF-8

Active Locale:
LC_ALL=en_US.UTF-8
LC_COLLATE=en_US.UTF-8
LC_CTYPE=en_US.UTF-8
LC_MESSAGES=en_US.UTF-8
LC_MONETARY=en_US.UTF-8
LC_NUMERIC=en_US.UTF-8
LC_TIME=en_US.UTF-8

Signal Handlers:
   SIGSEGV: crash_handler in libjvm.so, mask=11100100010111111101111111111110, flags=SA_RESTART|SA_SIGINFO, unblocked
    SIGBUS: crash_handler in libjvm.so, mask=11100100010111111101111111111110, flags=SA_RESTART|SA_SIGINFO, unblocked
    SIGFPE: crash_handler in libjvm.so, mask=11100100010111111101111111111110, flags=SA_RESTART|SA_SIGINFO, unblocked
   SIGPIPE: SIG_IGN, mask=00000000000010000000000000000000, flags=SA_RESTART, unblocked
  *** Handler was modified!
  *** Expected: javaSignalHandler in libjvm.so, mask=11100100110111111111111111111110, flags=SA_RESTART|SA_SIGINFO
   SIGXFSZ: javaSignalHandler in libjvm.so, mask=11100100010111111101111111111110, flags=SA_RESTART|SA_SIGINFO, unblocked
    SIGILL: crash_handler in libjvm.so, mask=11100100010111111101111111111110, flags=SA_RESTART|SA_SIGINFO, unblocked
   SIGUSR2: SR_handler in libjvm.so, mask=00000000000000000000000000000000, flags=SA_RESTART|SA_SIGINFO, unblocked
    SIGHUP: UserHandler in libjvm.so, mask=11100100010111111101111111111110, flags=SA_RESTART|SA_SIGINFO, unblocked
    SIGINT: UserHandler in libjvm.so, mask=11100100010111111101111111111110, flags=SA_RESTART|SA_SIGINFO, unblocked
   SIGTERM: UserHandler in libjvm.so, mask=11100100010111111101111111111110, flags=SA_RESTART|SA_SIGINFO, unblocked
   SIGQUIT: UserHandler in libjvm.so, mask=11100100010111111101111111111110, flags=SA_RESTART|SA_SIGINFO, blocked
   SIGTRAP: crash_handler in libjvm.so, mask=11100100010111111101111111111110, flags=SA_RESTART|SA_SIGINFO, unblocked


Periodic native trim disabled

JNI global refs:
JNI global refs: 130, weak refs: 184

JNI global refs memory usage: 2131, weak refs: 4657

OOME stack traces (most recent first):
Classloader memory used:
Loader com.intellij.util.lang.PathClassLoader                                          : 23098K
Loader bootstrap                                                                       : 6207K
Loader com.intellij.ide.plugins.cl.PluginClassLoader                                   : 4938K
Loader jdk.internal.loader.ClassLoaders$PlatformClassLoader                            : 256K
Loader jdk.internal.reflect.DelegatingClassLoader                                      : 114K
Loader jdk.internal.loader.ClassLoaders$AppClassLoader                                 : 57940B
Loader sun.reflect.misc.MethodUtil                                                     : 531B

Classes loaded by more than one classloader:
Class ai.grazie.nlp.patterns.Pattern$Exclusion                                        : loaded 2 times (x 92B)
Class ai.grazie.utils.mpp.TextRegex                                                   : loaded 2 times (x 70B)
Class ai.grazie.nlp.patterns.standard.StrictPatterns                                  : loaded 2 times (x 70B)
Class ai.grazie.nlp.patterns.LambdaMatchPattern                                       : loaded 2 times (x 74B)
Class ai.grazie.nlp.langs.alphabet.Alphabet$Group$Companion                           : loaded 2 times (x 70B)
Class ai.grazie.nlp.langs.alphabet.NoneAlphabet                                       : loaded 2 times (x 75B)
Class ai.grazie.nlp.langs.Language$Companion$1                                        : loaded 2 times (x 77B)
Class ai.grazie.nlp.patterns.AhoCorasickPattern                                       : loaded 2 times (x 95B)
Class ai.grazie.text.TextRange                                                        : loaded 2 times (x 70B)
Class ai.grazie.utils.CollectionsKt                                                   : loaded 2 times (x 70B)
Class ai.grazie.nlp.langs.LanguageISO                                                 : loaded 2 times (x 78B)
Class ai.grazie.nlp.tokenizer.Tokenizer                                               : loaded 2 times (x 69B)
Class ai.grazie.text.Text                                                             : loaded 2 times (x 84B)
Class ai.grazie.nlp.patterns.standard.LikelyPatterns$IsIPv4$1                         : loaded 2 times (x 94B)
Class ai.grazie.nlp.patterns.standard.LikelyPatterns$IsEncodedBinary$1                : loaded 2 times (x 77B)
Class ai.grazie.nlp.tokenizer.sequence.CharSequenceTokenizer                          : loaded 2 times (x 69B)
Class ai.grazie.nlp.patterns.standard.LikelyPatterns$IsCompositeInflection$1$1        : loaded 2 times (x 94B)
Class ai.grazie.nlp.patterns.standard.StrictPatterns$HasNoLetters$1                   : loaded 2 times (x 77B)
Class ai.grazie.nlp.patterns.AhoCorasickPattern$AhoCorasickBuilder$AutomataBuilderNode: loaded 2 times (x 71B)
Class ai.grazie.nlp.patterns.standard.LikelyPatterns$ChainedName$1$1                  : loaded 2 times (x 94B)
Class ai.grazie.nlp.patterns.ext.AbbreviationPatterns$German$2                        : loaded 2 times (x 77B)
Class ai.grazie.nlp.patterns.standard.LikelyPatterns$Chemical$1$1                     : loaded 2 times (x 94B)
Class ai.grazie.nlp.tokenizer.Tokenizer$Keys                                          : loaded 2 times (x 70B)
Class ai.grazie.nlp.patterns.standard.LikelyPatterns$HyphenatedName$1$1               : loaded 2 times (x 94B)
Class [Lai.grazie.nlp.langs.Language;                                                 : loaded 2 times (x 68B)
Class ai.grazie.nlp.patterns.Pattern$before$1                                         : loaded 2 times (x 95B)
Class ai.grazie.nlp.patterns.Pattern                                                  : loaded 2 times (x 69B)
Class ai.grazie.nlp.patterns.standard.LikelyPatterns$IsEmail$1                        : loaded 2 times (x 94B)
Class [Lai.grazie.nlp.patterns.MatchPattern;                                          : loaded 2 times (x 68B)
Class ai.grazie.nlp.patterns.ext.AbbreviationPatterns                                 : loaded 2 times (x 70B)
Class ai.grazie.nlp.patterns.standard.LikelyPatterns$IsMention$1$1                    : loaded 2 times (x 94B)
Class ai.grazie.nlp.patterns.standard.LikelyPatterns$IsGermanNumeral$1                : loaded 2 times (x 94B)
Class ai.grazie.nlp.langs.alphabet.Alphabet$Group$1                                   : loaded 2 times (x 77B)
Class ai.grazie.nlp.langs.alphabet.Alphabet$Group$2                                   : loaded 2 times (x 77B)
Class ai.grazie.nlp.langs.alphabet.Alphabet$Group$3                                   : loaded 2 times (x 77B)
Class ai.grazie.nlp.langs.alphabet.Alphabet$Group$4                                   : loaded 2 times (x 77B)
Class ai.grazie.nlp.langs.alphabet.Alphabet$Group$5                                   : loaded 2 times (x 77B)
Class ai.grazie.nlp.langs.alphabet.Alphabet$Group$6                                   : loaded 2 times (x 77B)
Class ai.grazie.nlp.langs.alphabet.Alphabet$Group$7                                   : loaded 2 times (x 77B)
Class ai.grazie.nlp.langs.alphabet.Alphabet$Group$8                                   : loaded 2 times (x 77B)
Class ai.grazie.nlp.langs.alphabet.SetBasedAlphabet                                   : loaded 2 times (x 75B)
Class ai.grazie.nlp.langs.Language$Companion$all$2                                    : loaded 2 times (x 77B)
Class ai.grazie.utils.CollectionFactory                                               : loaded 2 times (x 70B)
Class ai.grazie.utils.mpp.DataLoader$Path                                             : loaded 2 times (x 71B)
Class ai.grazie.nlp.patterns.ext.AbbreviationPatterns$Ukrainian$1$1                   : loaded 2 times (x 94B)
Class [Lai.grazie.nlp.langs.alphabet.Alphabet$Group;                                  : loaded 2 times (x 68B)
Class ai.grazie.nlp.patterns.standard.LikelyPatterns                                  : loaded 2 times (x 70B)
Class ai.grazie.utils.mpp.StreamDataLoader                                            : loaded 2 times (x 69B)
Class ai.grazie.nlp.patterns.ext.AbbreviationPatterns$CaseDotVaryingAhoCorasickPattern: loaded 2 times (x 95B)
Class ai.grazie.nlp.patterns.ext.AbbreviationPatterns$All$1                           : loaded 2 times (x 94B)
Class ai.grazie.nlp.patterns.standard.LikelyPatterns$ChatTextEmoji$1                  : loaded 2 times (x 94B)
Class ai.grazie.nlp.langs.Language                                                    : loaded 2 times (x 78B)
Class ai.grazie.nlp.langs.alphabet.Alphabet$Companion                                 : loaded 2 times (x 70B)
Class ai.grazie.nlp.patterns.AhoCorasickPattern$TrieNode                              : loaded 2 times (x 71B)
Class ai.grazie.DataHolder                                                            : loaded 2 times (x 71B)
Class ai.grazie.nlp.patterns.Pattern$afterWordBoundary$1                              : loaded 2 times (x 92B)
Class ai.grazie.nlp.tokenizer.word.HeuristicWordTokenizer                             : loaded 2 times (x 85B)
Class [Lai.grazie.nlp.patterns.AhoCorasickPattern$AhoCorasickBuilder$AutomataBuilderNode;: loaded 2 times (x 68B)
Class ai.grazie.nlp.utils.Symbols                                                     : loaded 2 times (x 70B)
Class ai.grazie.utils.mpp.RootDataLoader                                              : loaded 2 times (x 69B)
Class ai.grazie.nlp.langs.LanguageISO$Companion$1                                     : loaded 2 times (x 77B)
Class ai.grazie.nlp.patterns.standard.StrictPatterns$IsNumber$1                       : loaded 2 times (x 77B)
Class ai.grazie.nlp.patterns.standard.LikelyPatterns$PunctuationOperator$1            : loaded 2 times (x 94B)
Class ai.grazie.DataHolder$Key                                                        : loaded 2 times (x 70B)
Class ai.grazie.nlp.patterns.Pattern$After                                            : loaded 2 times (x 92B)
Class [Lai.grazie.nlp.patterns.Pattern;                                               : loaded 2 times (x 68B)
Class ai.grazie.nlp.patterns.standard.StrictPatterns$HasNumber$1                      : loaded 2 times (x 77B)
Class ai.grazie.utils.mpp.DataLoader                                                  : loaded 2 times (x 69B)
Class ai.grazie.nlp.patterns.standard.LikelyPatterns$TicketName$1                     : loaded 2 times (x 94B)
Class ai.grazie.nlp.tokenizer.sequence.NonDestructiveCharSequenceTokenizer            : loaded 2 times (x 69B)
Class ai.grazie.nlp.patterns.Pattern$beforeWordBoundary$1                             : loaded 2 times (x 95B)
Class ai.grazie.nlp.patterns.ext.AbbreviationPatterns$UpperCaseSequence$1             : loaded 2 times (x 94B)
Class ai.grazie.nlp.patterns.ext.AbbreviationPatterns$Russian$1                       : loaded 2 times (x 94B)
Class ai.grazie.nlp.tokenizer.NonDestructiveTokenizer                                 : loaded 2 times (x 69B)
Class ai.grazie.nlp.patterns.standard.LikelyPatterns$IsFilePath$1$1                   : loaded 2 times (x 94B)
Class ai.grazie.nlp.patterns.standard.LikelyPatterns$NameInitials$1                   : loaded 2 times (x 94B)
Class ai.grazie.text.TextRange$Companion                                              : loaded 2 times (x 70B)
Class ai.grazie.nlp.patterns.AhoCorasickPattern$AhoCorasickBuilder                    : loaded 2 times (x 71B)
Class ai.grazie.nlp.langs.Language$Companion                                          : loaded 2 times (x 70B)
Class ai.grazie.nlp.patterns.standard.LikelyPatterns$IsOrdinalNumeral$1               : loaded 2 times (x 94B)
Class [Lai.grazie.nlp.langs.alphabet.Alphabet;                                        : loaded 2 times (x 68B)
Class ai.grazie.nlp.patterns.standard.LikelyPatterns$ActionNameEllipsis$1             : loaded 2 times (x 94B)
Class ai.grazie.DataHolder$data$2                                                     : loaded 2 times (x 77B)
Class ai.grazie.nlp.patterns.standard.LikelyPatterns$IsURL$1                          : loaded 2 times (x 92B)
Class ai.grazie.utils.mpp.Resources                                                   : loaded 2 times (x 70B)
Class ai.grazie.nlp.langs.alphabet.RegexAlphabet                                      : loaded 2 times (x 75B)
Class [Lai.grazie.nlp.langs.LanguageISO;                                              : loaded 2 times (x 68B)
Class ai.grazie.nlp.patterns.standard.LikelyPatterns$CommandLineOption$1              : loaded 2 times (x 94B)
Class ai.grazie.nlp.patterns.RegexPattern                                             : loaded 2 times (x 94B)
Class ai.grazie.nlp.patterns.standard.LikelyPatterns$GeneratedId$1                    : loaded 2 times (x 94B)
Class ai.grazie.nlp.patterns.Pattern$Before                                           : loaded 2 times (x 95B)
Class ai.grazie.nlp.langs.LanguageISO$Companion                                       : loaded 2 times (x 70B)
Class ai.grazie.nlp.tokenizer.Tokenizer$Token                                         : loaded 2 times (x 71B)
Class ai.grazie.nlp.patterns.standard.StrictPatterns$IsApostrophe$1                   : loaded 2 times (x 77B)
Class ai.grazie.nlp.patterns.AggregatedPattern                                        : loaded 2 times (x 94B)
Class ai.grazie.utils.mpp.RootStreamDataLoader                                        : loaded 2 times (x 69B)
Class ai.grazie.utils.mpp.FromResourcesDataLoader                                     : loaded 2 times (x 94B)
Class ai.grazie.nlp.langs.alphabet.Alphabet$Group                                     : loaded 2 times (x 78B)
Class ai.grazie.nlp.langs.alphabet.Alphabet                                           : loaded 2 times (x 75B)
Class ai.grazie.nlp.patterns.MatchPattern                                             : loaded 2 times (x 69B)


---------------  S Y S T E M  ---------------

OS:
DISTRIB_ID=Ubuntu
DISTRIB_RELEASE=22.04
DISTRIB_CODENAME=jammy
DISTRIB_DESCRIPTION="Ubuntu 22.04.4 LTS"
uname: Linux 6.5.0-28-generic #29~22.04.1-Ubuntu SMP PREEMPT_DYNAMIC Thu Apr  4 14:39:20 UTC 2 x86_64
OS uptime: 0 days 1:12 hours
libc: glibc 2.35 NPTL 2.35 
rlimit (soft/hard): STACK 8192k/infinity , CORE 0k/infinity , NPROC 19078/19078 , NOFILE 1048576/1048576 , AS infinity/infinity , CPU infinity/infinity , DATA infinity/infinity , FSIZE infinity/infinity , MEMLOCK 626876k/626876k
load average: 0.06 0.34 0.32

/proc/meminfo:
MemTotal:        5015028 kB
MemFree:          496820 kB
MemAvailable:    2426372 kB
Buffers:           78984 kB
Cached:          2080400 kB
SwapCached:            0 kB
Active:          3417496 kB
Inactive:         832040 kB
Active(anon):    2156556 kB
Inactive(anon):        0 kB
Active(file):    1260940 kB
Inactive(file):   832040 kB
Unevictable:           0 kB
Mlocked:               0 kB
SwapTotal:       2904060 kB
SwapFree:        2904060 kB
Zswap:                 0 kB
Zswapped:              0 kB
Dirty:               524 kB
Writeback:             0 kB
AnonPages:       2090256 kB
Mapped:           893392 kB
Shmem:             66300 kB
KReclaimable:      86344 kB
Slab:             162864 kB
SReclaimable:      86344 kB
SUnreclaim:        76520 kB
KernelStack:        8192 kB
PageTables:        22196 kB
SecPageTables:         0 kB
NFS_Unstable:          0 kB
Bounce:                0 kB
WritebackTmp:          0 kB
CommitLimit:     5411572 kB
Committed_AS:    4198496 kB
VmallocTotal:   34359738367 kB
VmallocUsed:       30472 kB
VmallocChunk:          0 kB
Percpu:              624 kB
HardwareCorrupted:     0 kB
AnonHugePages:         0 kB
ShmemHugePages:        0 kB
ShmemPmdMapped:        0 kB
FileHugePages:         0 kB
FilePmdMapped:         0 kB
Unaccepted:            0 kB
HugePages_Total:       0
HugePages_Free:        0
HugePages_Rsvd:        0
HugePages_Surp:        0
Hugepagesize:       2048 kB
Hugetlb:               0 kB
DirectMap4k:       98240 kB
DirectMap2M:     5132288 kB

/sys/kernel/mm/transparent_hugepage/enabled: always [madvise] never
/sys/kernel/mm/transparent_hugepage/defrag (defrag/compaction efforts parameter): always defer defer+madvise [madvise] never

Process Memory:
Virtual Size: 6431292K (peak: 6488272K)
Resident Set Size: 1511864K (peak: 1511864K) (anon: 1117744K, file: 394120K, shmem: 0K)
Swapped out: 0K
C-Heap outstanding allocations: 274775K, retained: 21228K
glibc malloc tunables: (default)

/proc/sys/kernel/threads-max (system-wide limit on the number of threads): 38156
/proc/sys/vm/max_map_count (maximum number of memory map areas a process may have): 65530
/proc/sys/kernel/pid_max (system-wide limit on number of process identifiers): 4194304

container (cgroup) information:
container_type: cgroupv2
cpu_cpuset_cpus: not supported
cpu_memory_nodes: not supported
active_processor_count: 1
cpu_quota: not supported
cpu_period: not supported
cpu_shares: not supported
memory_limit_in_bytes: unlimited
memory_and_swap_limit_in_bytes: unlimited
memory_soft_limit_in_bytes: unlimited
memory_usage_in_bytes: 1751232 k
memory_max_usage_in_bytes: not supported
memory_swap_current_in_bytes: unlimited
memory_swap_max_limit_in_bytes: unlimited
maximum number of tasks: 5723
current number of tasks: 58

Steal ticks since vm start: 0
Steal ticks percentage since vm start:  0.000

CPU: total 1 (initial active 1) (1 cores per cpu, 1 threads per core) family 6 model 142 stepping 12 microcode 0x0, cx8, cmov, fxsr, mmx, 3dnowpref, sse, sse2, sse3, ssse3, sse4.1, sse4.2, popcnt, lzcnt, tsc, tscinvbit, avx, avx2, aes, clmul, bmi1, bmi2, vzeroupper, clflush, clflushopt, hv
CPU Model and flags from /proc/cpuinfo:
model name	: Intel(R) Core(TM) i5-10210U CPU @ 1.60GHz
flags		: fpu vme de pse tsc msr pae mce cx8 apic sep mtrr pge mca cmov pat pse36 clflush mmx fxsr sse sse2 ht syscall nx rdtscp lm constant_tsc rep_good nopl xtopology nonstop_tsc cpuid pni pclmulqdq monitor ssse3 cx16 pcid sse4_1 sse4_2 movbe popcnt aes xsave avx rdrand hypervisor lahf_lm abm 3dnowprefetch invpcid_single fsgsbase bmi1 avx2 bmi2 invpcid rdseed clflushopt md_clear flush_l1d arch_capabilities

Online cpus: 0
Offline cpus: 
BIOS frequency limitation: <Not Available>
Frequency switch latency (ns): <Not Available>
Available cpu frequencies: <Not Available>
Current governor: <Not Available>
Core performance/turbo boost: <Not Available>

Memory: 4k page, physical 5015028k(496820k free), swap 2904060k(2904060k free)
Page Sizes: 4k

vm_info: OpenJDK 64-Bit Server VM (17.0.10+8-b1207.12) for linux-amd64 JRE (17.0.10+8-b1207.12), built on 2024-03-15 by "builduser" with gcc 10.2.1 20210130 (Red Hat 10.2.1-11)

END.
