#
# A fatal error has been detected by the Java Runtime Environment:
#
#  SIGSEGV (0xb) at pc=0x00007c8cba016220, pid=1664, tid=1683
#
# JRE version: OpenJDK Runtime Environment JBR-17.0.10+8-1207.12-jcef (17.0.10+8) (build 17.0.10+8-b1207.12)
# Java VM: OpenJDK 64-Bit Server VM JBR-17.0.10+8-1207.12-jcef (17.0.10+8-b1207.12, mixed mode, tiered, compressed oops, compressed class ptrs, serial gc, linux-amd64)
# Problematic frame:
# V  [libjvm.so+0x616220]  void OopOopIterateDispatch<DefNewScanClosure>::Table::oop_oop_iterate<ObjArrayKlass, narrowOop>(DefNewScanClosure*, oopDesc*, Klass*)+0x60
#
# Core dump will be written. Default location: Core dumps may be processed with "/usr/share/apport/apport -p%p -s%s -c%c -d%d -P%P -u%u -g%g -- %E" (or dumping to /home/ilmi/core.1664)
#
# If you would like to submit a bug report, please visit:
#   https://youtrack.jetbrains.com/issues/JBR
#

---------------  S U M M A R Y ------------

Command Line: -XX:ErrorFile=/home/ilmi/java_error_in_pycharm_%p.log -XX:HeapDumpPath=/home/ilmi/java_error_in_pycharm_.hprof -Xms256m -Xmx1500m -XX:+HeapDumpOnOutOfMemoryError -XX:-OmitStackTraceInFastThrow -XX:+IgnoreUnrecognizedVMOptions -ea -Dsun.io.useCanonCaches=false -Dsun.java2d.metal=true -Djbr.catch.SIGABRT=true -Djdk.http.auth.tunneling.disabledSchemes="" -Djdk.attach.allowAttachSelf=true -Djdk.module.illegalAccess.silent=true -Dkotlinx.coroutines.debug=off -XX:CICompilerCount=2 -XX:ReservedCodeCacheSize=512m -XX:CompileCommand=exclude,com/intellij/openapi/vfs/impl/FilePartNodeRoot,trieDescend -XX:SoftRefLRUPolicyMSPerMB=50 -Dide.show.tips.on.startup.default.value=false -Dsun.tools.attach.tmp.only=true -Dawt.lock.fair=true -Xmx2048m -Djb.vmOptionsFile=/home/ilmi/.config/JetBrains/PyCharmCE2024.1/pycharm64.vmoptions -Djava.system.class.loader=com.intellij.util.lang.PathClassLoader -Didea.vendor.name=JetBrains -Didea.paths.selector=PyCharmCE2024.1 -Djna.boot.library.path=/home/ilmi/pycharm-community-2024.1/lib/jna/amd64 -Dpty4j.preferred.native.folder=/home/ilmi/pycharm-community-2024.1/lib/pty4j -Djna.nosys=true -Djna.noclasspath=true -Dintellij.platform.runtime.repository.path=/home/ilmi/pycharm-community-2024.1/modules/module-descriptors.jar -Didea.platform.prefix=PyCharmCore -Dsplash=true -Daether.connector.resumeDownloads=false --add-opens=java.base/java.io=ALL-UNNAMED --add-opens=java.base/java.lang=ALL-UNNAMED --add-opens=java.base/java.lang.ref=ALL-UNNAMED --add-opens=java.base/java.lang.reflect=ALL-UNNAMED --add-opens=java.base/java.net=ALL-UNNAMED --add-opens=java.base/java.nio=ALL-UNNAMED --add-opens=java.base/java.nio.charset=ALL-UNNAMED --add-opens=java.base/java.text=ALL-UNNAMED --add-opens=java.base/java.time=ALL-UNNAMED --add-opens=java.base/java.util=ALL-UNNAMED --add-opens=java.base/java.util.concurrent=ALL-UNNAMED --add-opens=java.base/java.util.concurrent.atomic=ALL-UNNAMED --add-opens=java.base/java.util.concurrent.locks=ALL-UNNAMED --add-opens=java.base/jdk.internal.vm=ALL-UNNAMED --add-opens=java.base/sun.nio.ch=ALL-UNNAMED --add-opens=java.base/sun.nio.fs=ALL-UNNAMED --add-opens=java.base/sun.security.ssl=ALL-UNNAMED --add-opens=java.base/sun.security.util=ALL-UNNAMED --add-opens=java.base/sun.net.dns=ALL-UNNAMED --add-opens=java.desktop/com.sun.java.swing.plaf.gtk=ALL-UNNAMED --add-opens=java.desktop/java.awt=ALL-UNNAMED --add-opens=java.desktop/java.awt.dnd.peer=ALL-UNNAMED --add-opens=java.desktop/java.awt.event=ALL-UNNAMED --add-opens=java.desktop/java.awt.image=ALL-UNNAMED --add-opens=java.desktop/java.awt.peer=ALL-UNNAMED --add-opens=java.desktop/java.awt.font=ALL-UNNAMED --add-opens=java.desktop/javax.swing=ALL-UNNAMED --add-opens=java.desktop/javax.swing.plaf.basic=ALL-UNNAMED --add-opens=java.desktop/javax.swing.text=ALL-UNNAMED --add-opens=java.desktop/javax.swing.text.html=ALL-UNNAMED --add-opens=java.desktop/sun.awt.X11=ALL-UNNAMED --add-opens=java.desktop/sun.awt.datatransfer=ALL-UNNAMED --add-opens=java.desktop/sun.awt.image=ALL-UNNAMED --add-opens=java.desktop/sun.awt=ALL-UNNAMED --add-opens=java.desktop/sun.font=ALL-UNNAMED --add-opens=java.desktop/sun.java2d=ALL-UNNAMED --add-opens=java.desktop/sun.swing=ALL-UNNAMED --add-opens=java.desktop/com.sun.java.swing=ALL-UNNAMED --add-opens=jdk.attach/sun.tools.attach=ALL-UNNAMED --add-opens=jdk.compiler/com.sun.tools.javac.api=ALL-UNNAMED --add-opens=jdk.internal.jvmstat/sun.jvmstat.monitor=ALL-UNNAMED --add-opens=jdk.jdi/com.sun.tools.jdi=ALL-UNNAMED com.intellij.idea.Main

Host: Intel(R) Core(TM) i5-10210U CPU @ 1.60GHz, 1 cores, 4G, Ubuntu 22.04.4 LTS
Time: Wed May  8 12:01:56 2024 CET elapsed time: 1983.293052 seconds (0d 0h 33m 3s)

---------------  T H R E A D  ---------------

Current thread (0x00007c8cb40bcf60):  VMThread "VM Thread" [stack: 0x00007c8cb8bc3000,0x00007c8cb8cc3000] [id=1683]

Stack: [0x00007c8cb8bc3000,0x00007c8cb8cc3000],  sp=0x00007c8cb8cc0ee0,  free space=1015k
Native frames: (J=compiled Java code, j=interpreted, Vv=VM code, C=native code)
V  [libjvm.so+0x616220]  void OopOopIterateDispatch<DefNewScanClosure>::Table::oop_oop_iterate<ObjArrayKlass, narrowOop>(DefNewScanClosure*, oopDesc*, Klass*)+0x60
V  [libjvm.so+0x6181c7]  void ContiguousSpace::oop_since_save_marks_iterate<DefNewScanClosure>(DefNewScanClosure*)+0x97
V  [libjvm.so+0x61350e]  DefNewGeneration::FastEvacuateFollowersClosure::do_void()+0xae
V  [libjvm.so+0x6139f0]  DefNewGeneration::collect(bool, bool, unsigned long, bool)+0x440
V  [libjvm.so+0x794f46]  GenCollectedHeap::collect_generation(Generation*, bool, unsigned long, bool, bool, bool, bool)+0x2e6
V  [libjvm.so+0x795a96]  GenCollectedHeap::do_collection(bool, bool, unsigned long, bool, GenCollectedHeap::GenerationType)+0x586
V  [libjvm.so+0x79626f]  GenCollectedHeap::satisfy_failed_allocation(unsigned long, bool)+0xaf
V  [libjvm.so+0x78b6f5]  VM_GenCollectForAllocation::doit()+0x45
V  [libjvm.so+0xeeba4c]  VM_Operation::evaluate()+0xec
V  [libjvm.so+0xeed568]  VMThread::evaluate_operation(VM_Operation*)+0xb8
V  [libjvm.so+0xeeda54]  VMThread::inner_execute(VM_Operation*)+0x1d4
V  [libjvm.so+0xeedd3f]  VMThread::run()+0xbf
V  [libjvm.so+0xe68128]  Thread::call_run()+0xa8
V  [libjvm.so+0xc29bc1]  thread_native_entry(Thread*)+0xe1


siginfo: si_signo: 11 (SIGSEGV), si_code: 1 (SEGV_MAPERR), si_addr: 0x0000000000002274

Registers:
RAX=0x0000000000000000, RBX=0x000000008c8a2818, RCX=0x0000000000000000, RDX=0x0000000000000000
RSP=0x00007c8cb8cc0ee0, RBP=0x00007c8cb8cc0f00, RSI=0x0000000000002274, RDI=0x00007c8cb4044c80
R8 =0x000000008c8b10e8, R9 =0x000000008c8a2800, R10=0x00007c8cbad2d6c0, R11=0x0000000000000018
R12=0x000000008c8a2824, R13=0x00007c8cb8cc10a0, R14=0x00007c8cbacc8350, R15=0x0000000000000240
RIP=0x00007c8cba016220, EFLAGS=0x0000000000010287, CSGSFS=0x002b000000000033, ERR=0x0000000000000004
  TRAPNO=0x000000000000000e


Register to memory mapping:

RAX=0x0 is NULL
RBX=0x000000008c8a2818 is pointing into object: [Ljava.lang.Object; 
{0x000000008c8a2800} - klass: 'java/lang/Object'[]
 - length: 5
RCX=0x0 is NULL
RDX=0x0 is NULL
RSP=0x00007c8cb8cc0ee0 points into unknown readable memory: 0x000000008c8aed48 | 48 ed 8a 8c 00 00 00 00
RBP=0x00007c8cb8cc0f00 points into unknown readable memory: 0x00007c8cb8cc0f60 | 60 0f cc b8 8c 7c 00 00
RSI=0x0000000000002274 is an unknown value
RDI=0x00007c8cb4044c80 points into unknown readable memory: 0x00007c8cbac21fc0 | c0 1f c2 ba 8c 7c 00 00
R8 =0x000000008c8b10e8 is an oop: sun.reflect.generics.tree.SimpleClassTypeSignature 
{0x000000008c8b10e8} - klass: 'sun/reflect/generics/tree/SimpleClassTypeSignature'
 - ---- fields (total size 3 words):
 - private final 'dollar' 'Z' @12  false
 - private final 'name' 'Ljava/lang/String;' @16  "java.util.Set"{0x0000000080d33088} (80d33088)
 - private final 'typeArgs' '[Lsun/reflect/generics/tree/TypeArgument;' @20  a 'sun/reflect/generics/tree/TypeArgument'[1] {0x0000000080d33200} (80d33200)
R9 =0x000000008c8a2800 is an oop: [Ljava.lang.Object; 
{0x000000008c8a2800} - klass: 'java/lang/Object'[]
 - length: 5
R10=0x00007c8cbad2d6c0: <offset 0x000000000132d6c0> in /home/ilmi/pycharm-community-2024.1/jbr/lib/server/libjvm.so at 0x00007c8cb9a00000
R11=0x0000000000000018 is an unknown value
R12=0x000000008c8a2824 is pointing into object: [Ljava.lang.Object; 
{0x000000008c8a2800} - klass: 'java/lang/Object'[]
 - length: 5
R13=0x00007c8cb8cc10a0 points into unknown readable memory: 0x00007c8cbac15380 | 80 53 c1 ba 8c 7c 00 00
R14=0x00007c8cbacc8350: <offset 0x00000000012c8350> in /home/ilmi/pycharm-community-2024.1/jbr/lib/server/libjvm.so at 0x00007c8cb9a00000
R15=0x0000000000000240 is an unknown value


Top of Stack: (sp=0x00007c8cb8cc0ee0)
0x00007c8cb8cc0ee0:   000000008c8aed48 000000008c8a2828
0x00007c8cb8cc0ef0:   00007c8cb8cc10a0 00007c8cbad04e80
0x00007c8cb8cc0f00:   00007c8cb8cc0f60 00007c8cba0181c7
0x00007c8cb8cc0f10:   00007c8cbac13660 000000008c171468
0x00007c8cb8cc0f20:   0000000100042b88 00007c8cb4044c80
0x00007c8cb8cc0f30:   00007c8cb8cc10a0 00007c8cb8cc1040
0x00007c8cb8cc0f40:   00007c8cb4044080 00007c8cb8cc10a0
0x00007c8cb8cc0f50:   00007c8cb8cc10d0 00007c8cb403e410
0x00007c8cb8cc0f60:   00007c8cb8cc0fa0 00007c8cba01350e
0x00007c8cb8cc0f70:   00007c8cbac191a8 00007c8cb4044080
0x00007c8cb8cc0f80:   00007c8cb403e410 00007c8cb8cc1250
0x00007c8cb8cc0f90:   00007c8cb8cc1160 00007c8cb8cc1040
0x00007c8cb8cc0fa0:   00007c8cb8cc1380 00007c8cba0139f0
0x00007c8cb8cc0fb0:   00007c8cb403d2e0 00007c8cb8cc0ff0
0x00007c8cb8cc0fc0:   00007c8cbac15438 00007c8cb8cc1020
0x00007c8cb8cc0fd0:   00007c8cb40442c0 00007c8c00000000
0x00007c8cb8cc0fe0:   00007c8cb8cc10d0 00007c8cb8cc10a0
0x00007c8cb8cc0ff0:   00007c8cbac15420 00007c8cb4044080
0x00007c8cb8cc1000:   00007c8cbac15490 00007c8cb8cc10a0
0x00007c8cb8cc1010:   000001921dc01924 0000035133e66c4f
0x00007c8cb8cc1020:   00007c8cbac135c0 00007c8cb4044080
0x00007c8cb8cc1030:   00000000aaaa0000 00007c8c934b4c20
0x00007c8cb8cc1040:   00007c8cbac15478 00007c8cb403e410
0x00007c8cb8cc1050:   00007c8cb8cc10a0 00007c8cb8cc10d0
0x00007c8cb8cc1060:   00007c8cbac15458 00007c8cb8cc1020
0x00007c8cb8cc1070:   00007c8cb4043ef0 00000000aaaa0000
0x00007c8cb8cc1080:   0000000000000000 00007c8cb8cc14a8
0x00007c8cb8cc1090:   00007c8cb8cc15a7 a141a182fbb2c600
0x00007c8cb8cc10a0:   00007c8cbac15380 00007c8cb40bac50
0x00007c8cb8cc10b0:   00007c8cb4044080 00000000aaaa0000
0x00007c8cb8cc10c0:   0000000000000000 00007c8cba9c24f9
0x00007c8cb8cc10d0:   00007c8cbac15340 00007c8cb40bac50 

Instructions: (pc=0x00007c8cba016220)
0x00007c8cba016120:   48 19 d2 48 63 44 06 0c 83 e2 08 48 8d 5c 16 10
0x00007c8cba016130:   4c 8d 2c c3 4c 39 eb 73 77 49 89 fc eb 4b 66 90
0x00007c8cba016140:   48 8d 15 b9 91 cf 00 48 8b 06 80 3a 00 74 0c 48
0x00007c8cba016150:   89 c2 83 e2 07 48 83 fa 05 74 60 48 83 e0 fc 48
0x00007c8cba016160:   89 03 49 8b 44 24 20 48 85 c0 74 14 80 78 22 00
0x00007c8cba016170:   75 0e c6 40 22 01 66 2e 0f 1f 84 00 00 00 00 00
0x00007c8cba016180:   48 83 c3 08 49 39 dd 76 27 48 8b 33 48 85 f6 74
0x00007c8cba016190:   ef 49 3b 74 24 18 73 e8 48 8b 06 83 e0 03 48 83
0x00007c8cba0161a0:   f8 03 74 9c 49 8b 7c 24 10 e8 42 cc ff ff eb af
0x00007c8cba0161b0:   48 83 c4 08 5b 41 5c 41 5d 5d c3 31 c0 eb a0 90
0x00007c8cba0161c0:   55 48 8d 15 ad 92 cf 00 48 89 e5 41 56 41 55 41
0x00007c8cba0161d0:   54 53 80 3a 01 48 19 c0 83 e0 04 80 3a 01 48 19
0x00007c8cba0161e0:   d2 48 63 44 06 0c 83 e2 08 48 8d 5c 16 10 4c 8d
0x00007c8cba0161f0:   24 83 4c 39 e3 0f 83 7e 00 00 00 49 89 fd 66 90
0x00007c8cba016200:   8b 33 85 f6 74 6a 4c 8d 35 43 21 cb 00 41 8b 4e
0x00007c8cba016210:   08 49 8b 16 48 d3 e6 48 01 d6 49 3b 75 18 73 50
0x00007c8cba016220:   48 8b 06 83 e0 03 48 83 f8 03 75 5c 48 8b 06 48
0x00007c8cba016230:   8d 35 ca 90 cf 00 80 3e 00 74 0c 48 89 c6 83 e6
0x00007c8cba016240:   07 48 83 fe 05 74 53 48 83 e0 fc 48 29 d0 48 d3
0x00007c8cba016250:   e8 89 03 49 8b 45 20 48 85 c0 74 14 80 78 22 00
0x00007c8cba016260:   75 0e c6 40 22 01 66 2e 0f 1f 84 00 00 00 00 00
0x00007c8cba016270:   48 83 c3 04 49 39 dc 77 87 5b 41 5c 41 5d 41 5e
0x00007c8cba016280:   5d c3 66 0f 1f 44 00 00 49 8b 7d 10 e8 5f cb ff
0x00007c8cba016290:   ff 49 8b 16 41 8b 4e 08 eb b1 31 c0 eb ad 66 90
0x00007c8cba0162a0:   55 48 8d 15 cd 91 cf 00 48 89 e5 41 56 41 55 41
0x00007c8cba0162b0:   54 53 80 3a 01 48 19 c0 83 e0 04 80 3a 01 48 19
0x00007c8cba0162c0:   d2 48 63 44 06 0c 83 e2 08 48 8d 5c 16 10 4c 8d
0x00007c8cba0162d0:   34 83 4c 39 f3 0f 83 92 00 00 00 49 89 fd 66 90
0x00007c8cba0162e0:   8b 33 85 f6 74 7a 4c 8d 25 63 20 cb 00 41 8b 4c
0x00007c8cba0162f0:   24 08 49 8b 14 24 48 d3 e6 48 01 d6 49 3b 75 18
0x00007c8cba016300:   73 5e 48 8b 06 83 e0 03 48 83 f8 03 75 72 48 8b
0x00007c8cba016310:   06 48 8d 35 e8 8f cf 00 80 3e 00 74 0c 48 89 c6 


Stack slot to memory mapping:
stack at sp + 0 slots: 0x000000008c8aed48 is an oop: java.lang.String 
{0x000000008c8aed48} - klass: 'java/lang/String'
 - string: "str"
stack at sp + 1 slots: 0x000000008c8a2828 is an oop: java.util.LinkedList$Node 
{0x000000008c8a2828} - klass: 'java/util/LinkedList$Node'
 - ---- fields (total size 3 words):
 - 'item' 'Ljava/lang/Object;' @12  a 'com/intellij/openapi/command/impl/ActionChangeRangeImpl'{0x000000008b213888} (8b213888)
 - 'next' 'Ljava/util/LinkedList$Node;' @16  a 'java/util/LinkedList$Node'{0x000000008b2ca3e8} (8b2ca3e8)
 - 'prev' 'Ljava/util/LinkedList$Node;' @20  a 'java/util/LinkedList$Node'{0x000000008b2e6e08} (8b2e6e08)
stack at sp + 2 slots: 0x00007c8cb8cc10a0 points into unknown readable memory: 0x00007c8cbac15380 | 80 53 c1 ba 8c 7c 00 00
stack at sp + 3 slots: 0x00007c8cbad04e80: <offset 0x0000000001304e80> in /home/ilmi/pycharm-community-2024.1/jbr/lib/server/libjvm.so at 0x00007c8cb9a00000
stack at sp + 4 slots: 0x00007c8cb8cc0f60 points into unknown readable memory: 0x00007c8cb8cc0fa0 | a0 0f cc b8 8c 7c 00 00
stack at sp + 5 slots: 0x00007c8cba0181c7: <offset 0x00000000006181c7> in /home/ilmi/pycharm-community-2024.1/jbr/lib/server/libjvm.so at 0x00007c8cb9a00000
stack at sp + 6 slots: 0x00007c8cbac13660: <offset 0x0000000001213660> in /home/ilmi/pycharm-community-2024.1/jbr/lib/server/libjvm.so at 0x00007c8cb9a00000
stack at sp + 7 slots: 0x000000008c171468 is an oop: java.lang.Class 
{0x000000008c171468} - klass: 'java/lang/Class'
 - ---- fields (total size 16 words):
 - private volatile transient 'classRedefinedCount' 'I' @12  0
 - private volatile transient 'cachedConstructor' 'Ljava/lang/reflect/Constructor;' @40  NULL (0)
 - private transient 'name' 'Ljava/lang/String;' @44  NULL (0)
 - private transient 'module' 'Ljava/lang/Module;' @48  a 'java/lang/Module'{0x00000000aaafd538} (aaafd538)
 - private final 'classLoader' 'Ljava/lang/ClassLoader;' @52  NULL (0)
 - private transient 'classData' 'Ljava/lang/Object;' @56  NULL (0)
 - private transient 'packageName' 'Ljava/lang/String;' @60  NULL (0)
 - private final 'componentType' 'Ljava/lang/Class;' @64  NULL (0)
 - private volatile transient 'reflectionData' 'Ljava/lang/ref/SoftReference;' @68  NULL (0)
 - private volatile transient 'genericInfo' 'Lsun/reflect/generics/repository/ClassRepository;' @72  NULL (0)
 - private volatile transient 'enumConstants' '[Ljava/lang/Object;' @76  NULL (0)
 - private volatile transient 'enumConstantDirectory' 'Ljava/util/Map;' @80  NULL (0)
 - private volatile transient 'annotationData' 'Ljava/lang/Class$AnnotationData;' @84  NULL (0)
 - private volatile transient 'annotationType' 'Lsun/reflect/annotation/AnnotationType;' @88  NULL (0)
 - transient 'classValueMap' 'Ljava/lang/ClassValue$ClassValueMap;' @92  NULL (0)
 - signature: Ljava/awt/Polygon;
 - fake entry for mirror: 'java/awt/Polygon'
 - fake entry for array: NULL
 - fake entry for oop_size: 16
 - fake entry for static_oop_field_count: 0
 - private static final 'serialVersionUID' 'J' @112  -6460061437900069969 (5ec463af a6594059)
 - private static final 'MIN_LENGTH' 'I' @120  4

VM_Operation (0x00007c8bfa3fe550): GenCollectForAllocation, mode: safepoint, requested by thread 0x00007c8c7419b7f0


---------------  P R O C E S S  ---------------

Threads class SMR info:
_java_thread_list=0x00007c8c7cd199a0, length=46, elements={
0x00007c8cb402c9e0, 0x00007c8cb40cc7c0, 0x00007c8cb40cddf0, 0x00007c8cb41047f0,
0x00007c8cb4105b80, 0x00007c8cb40fa470, 0x00007c8cb40fba90, 0x00007c8cb40fcf50,
0x00007c8cb40fe3a0, 0x00007c8cb419e7b0, 0x00007c8cb41cdef0, 0x00007c8c8404a850,
0x00007c8cb42a1790, 0x00007c8c7c1a6900, 0x00007c8c7c1af6b0, 0x00007c8c7c1b0d80,
0x00007c8c7c1b9f00, 0x00007c8c78035900, 0x00007c8c78046910, 0x00007c8c7804e260,
0x00007c8c7c332a20, 0x00007c8c7c3821d0, 0x00007c8cb43bc550, 0x00007c8c841a4c50,
0x00007c8cb43d3270, 0x00007c8cb43d5060, 0x00007c8c8001d990, 0x00007c8c7c5304b0,
0x00007c8c7c5376f0, 0x00007c8c7c63dfb0, 0x00007c8c8806ffe0, 0x00007c8c8807d890,
0x00007c8c8807e950, 0x00007c8c7c86c0d0, 0x0000598ccc36a290, 0x00007c8c7cca6190,
0x00007c8c7417c6e0, 0x00007c8c7418b030, 0x00007c8c7419b7f0, 0x00007c8c80280220,
0x00007c8c80029c20, 0x00007c8c8002a340, 0x0000598ccb8ac340, 0x0000598ccc71a1b0,
0x00007c8c7cd11630, 0x00007c8c7c458c30
}

Java Threads: ( => current thread )
  0x00007c8cb402c9e0 JavaThread "main" [_thread_blocked, id=1682, stack(0x00007c8cb9900000,0x00007c8cb9a00000)]
  0x00007c8cb40cc7c0 JavaThread "Reference Handler" daemon [_thread_blocked, id=1684, stack(0x00007c8cb8ac2000,0x00007c8cb8bc2000)]
  0x00007c8cb40cddf0 JavaThread "Finalizer" daemon [_thread_blocked, id=1685, stack(0x00007c8cb89c2000,0x00007c8cb8ac2000)]
  0x00007c8cb41047f0 JavaThread "Signal Dispatcher" daemon [_thread_blocked, id=1686, stack(0x00007c8cb8300000,0x00007c8cb8400000)]
  0x00007c8cb4105b80 JavaThread "Service Thread" daemon [_thread_blocked, id=1687, stack(0x00007c8cb8200000,0x00007c8cb8300000)]
  0x00007c8cb40fa470 JavaThread "Monitor Deflation Thread" daemon [_thread_blocked, id=1688, stack(0x00007c8cb8100000,0x00007c8cb8200000)]
  0x00007c8cb40fba90 JavaThread "C2 CompilerThread0" daemon [_thread_blocked, id=1689, stack(0x00007c8cb8000000,0x00007c8cb8100000)]
  0x00007c8cb40fcf50 JavaThread "C1 CompilerThread0" daemon [_thread_blocked, id=1690, stack(0x00007c8c90700000,0x00007c8c90800000)]
  0x00007c8cb40fe3a0 JavaThread "Sweeper thread" daemon [_thread_blocked, id=1691, stack(0x00007c8c90600000,0x00007c8c90700000)]
  0x00007c8cb419e7b0 JavaThread "Common-Cleaner" daemon [_thread_blocked, id=1692, stack(0x00007c8c90500000,0x00007c8c90600000)]
  0x00007c8cb41cdef0 JavaThread "Notification Thread" daemon [_thread_blocked, id=1693, stack(0x00007c8c90400000,0x00007c8c90500000)]
  0x00007c8c8404a850 JavaThread "External Command Listener" daemon [_thread_in_native, id=1699, stack(0x00007c8c70400000,0x00007c8c70500000)]
  0x00007c8cb42a1790 JavaThread "Timer-0" daemon [_thread_blocked, id=1700, stack(0x00007c8c70300000,0x00007c8c70400000)]
  0x00007c8c7c1a6900 JavaThread "Java2D Disposer" daemon [_thread_blocked, id=1705, stack(0x00007c8c40700000,0x00007c8c40800000)]
  0x00007c8c7c1af6b0 JavaThread "AWT-XAWT" daemon [_thread_in_native, id=1706, stack(0x00007c8c3fd00000,0x00007c8c3fe00000)]
  0x00007c8c7c1b0d80 JavaThread "AWT-Shutdown" [_thread_blocked, id=1707, stack(0x00007c8c3e0fd000,0x00007c8c3e1fd000)]
  0x00007c8c7c1b9f00 JavaThread "AWT-EventQueue-0" [_thread_blocked, id=1708, stack(0x00007c8c3dffd000,0x00007c8c3e0fd000)]
  0x00007c8c78035900 JavaThread "DefaultDispatcher-worker-5" daemon [_thread_blocked, id=1720, stack(0x00007c8c3d100000,0x00007c8c3d200000)]
  0x00007c8c78046910 JavaThread "DefaultDispatcher-worker-1" daemon [_thread_blocked, id=1726, stack(0x00007c8c3c99f000,0x00007c8c3ca9f000)]
  0x00007c8c7804e260 JavaThread "DefaultDispatcher-worker-6" daemon [_thread_blocked, id=1731, stack(0x00007c8c38700000,0x00007c8c38800000)]
  0x00007c8c7c332a20 JavaThread "kotlinx.coroutines.DefaultExecutor" daemon [_thread_blocked, id=1733, stack(0x00007c8c28700000,0x00007c8c28800000)]
  0x00007c8c7c3821d0 JavaThread "DirectBufferWrapper allocation thread" daemon [_thread_blocked, id=1734, stack(0x00007c8c27100000,0x00007c8c27200000)]
  0x00007c8cb43bc550 JavaThread "Coroutines Debugger Cleaner" daemon [_thread_blocked, id=1735, stack(0x00007c8c25dff000,0x00007c8c25eff000)]
  0x00007c8c841a4c50 JavaThread "PeriodicMetricReader" daemon [_thread_blocked, id=1736, stack(0x00007c8c25cff000,0x00007c8c25dff000)]
  0x00007c8cb43d3270 JavaThread "process reaper (pid 1750)" daemon [_thread_in_native, id=1738, stack(0x00007c8c3da2d000,0x00007c8c3da4f000)]
  0x00007c8cb43d5060 JavaThread "JNA Cleaner" daemon [_thread_blocked, id=1739, stack(0x00007c8c25bff000,0x00007c8c25cff000)]
  0x00007c8c8001d990 JavaThread "Attach Listener" daemon [_thread_blocked, id=1740, stack(0x00007c8c25aff000,0x00007c8c25bff000)]
  0x00007c8c7c5304b0 JavaThread "Periodic tasks thread" daemon [_thread_blocked, id=1741, stack(0x00007c8c1a500000,0x00007c8c1a600000)]
  0x00007c8c7c5376f0 JavaThread "TerminalEmulator-Local" [_thread_in_native, id=1742, stack(0x00007c8c18100000,0x00007c8c18200000)]
  0x00007c8c7c63dfb0 JavaThread "GlobalMenuLinux loop" daemon [_thread_in_native, id=1749, stack(0x00007c8c3ddfd000,0x00007c8c3defd000)]
  0x00007c8c8806ffe0 JavaThread "fsnotifier" [_thread_blocked, id=1751, stack(0x00007c8c3dbfd000,0x00007c8c3dcfd000)]
  0x00007c8c8807d890 JavaThread "BaseDataReader: output stream of fsnotifier" [_thread_in_native, id=1752, stack(0x00007c8c3dcfd000,0x00007c8c3ddfd000)]
  0x00007c8c8807e950 JavaThread "BaseDataReader: error stream of fsnotifier" [_thread_in_native, id=1753, stack(0x00007c8c3defd000,0x00007c8c3dffd000)]
  0x00007c8c7c86c0d0 JavaThread "Netty Builtin Server 1" daemon [_thread_in_native, id=1754, stack(0x00007c8c0eb00000,0x00007c8c0ec00000)]
  0x0000598ccc36a290 JavaThread "TimerQueue" daemon [_thread_blocked, id=1756, stack(0x00007c8c09900000,0x00007c8c09a00000)]
  0x00007c8c7cca6190 JavaThread "PtyProcess Reaper for [/bin/bash, --rcfile, /home/ilmi/pycharm-community-2024.1/plugins/terminal/shell-integrations/bash/bash-integration.bash, -i]" daemon [_thread_in_native, id=1762, stack(0x00007c8c0c0fc000,0x00007c8c0c1fc000)]
  0x00007c8c7417c6e0 JavaThread "DefaultDispatcher-worker-3" daemon [_thread_blocked, id=1790, stack(0x00007c8bfb700000,0x00007c8bfb800000)]
  0x00007c8c7418b030 JavaThread "DefaultDispatcher-worker-2" daemon [_thread_blocked, id=1799, stack(0x00007c8bfae00000,0x00007c8bfaf00000)]
  0x00007c8c7419b7f0 JavaThread "DefaultDispatcher-worker-4" daemon [_thread_blocked, id=1810, stack(0x00007c8bfa300000,0x00007c8bfa400000)]
  0x00007c8c80280220 JavaThread "HttpClient-1-SelectorManager" daemon [_thread_in_native, id=1844, stack(0x00007c8bf9600000,0x00007c8bf9700000)]
  0x00007c8c80029c20 JavaThread "BaseDataReader: output stream of xdg-open" [_thread_in_native, id=2507, stack(0x00007c8c04000000,0x00007c8c04100000)]
  0x00007c8c8002a340 JavaThread "xdg-open" [_thread_blocked, id=2508, stack(0x00007c8bfa800000,0x00007c8bfa900000)]
  0x0000598ccb8ac340 JavaThread "process reaper (pid 2574)" daemon [_thread_blocked, id=2511, stack(0x00007c8cbadd0000,0x00007c8cbadf2000)]
  0x0000598ccc71a1b0 JavaThread "BaseDataReader: error stream of xdg-open" [_thread_in_native, id=2512, stack(0x00007c8bfa400000,0x00007c8bfa500000)]
  0x00007c8c7cd11630 JavaThread "ApplicationImpl pooled thread 20" [_thread_blocked, id=3141, stack(0x00007c8bfbd00000,0x00007c8bfbe00000)]
  0x00007c8c7c458c30 JavaThread "ApplicationImpl pooled thread 22" [_thread_blocked, id=3153, stack(0x00007c8bfb200000,0x00007c8bfb300000)]

Other Threads:
=>0x00007c8cb40bcf60 VMThread "VM Thread" [stack: 0x00007c8cb8bc3000,0x00007c8cb8cc3000] [id=1683]
  0x00007c8cb407d300 WatcherThread [stack: 0x00007c8c90300000,0x00007c8c90400000] [id=1694]

Threads with active compile tasks:

VM state: at safepoint (normal execution)

VM Mutex/Monitor currently owned by a thread:  ([mutex/lock_event])
[0x00007c8cb40299e0] Threads_lock - owner thread: 0x00007c8cb40bcf60
[0x00007c8cb402a250] Heap_lock - owner thread: 0x00007c8c7419b7f0

Heap address: 0x0000000080000000, size: 2048 MB, Compressed Oops mode: 32-bit

CDS archive(s) not mapped
Compressed class space mapped at: 0x0000000100000000-0x0000000140000000, reserved size: 1073741824
Narrow klass base: 0x0000000000000000, Narrow klass shift: 3, Narrow klass range: 0x140000000

GC Precious Log:
 CPUs: 1 total, 1 available
 Memory: 4897M
 Large Page Support: Disabled
 NUMA Support: Disabled
 Compressed Oops: Enabled (32-bit)
 Heap Min Capacity: 256M
 Heap Initial Capacity: 256M
 Heap Max Capacity: 2G
 Pre-touch: Disabled

Heap:
 def new generation   total 198016K, used 183899K [0x0000000080000000, 0x000000008d6d0000, 0x00000000aaaa0000)
  eden space 176064K, 100% used [0x0000000080000000, 0x000000008abf0000, 0x000000008abf0000)
  from space 21952K,  35% used [0x000000008abf0000, 0x000000008b396ca8, 0x000000008c160000)
  to   space 21952K,  34% used [0x000000008c160000, 0x000000008c8b1100, 0x000000008d6d0000)
 tenured generation   total 439700K, used 328097K [0x00000000aaaa0000, 0x00000000c5805000, 0x0000000100000000)
   the space 439700K,  74% used [0x00000000aaaa0000, 0x00000000beb08728, 0x00000000beb08800, 0x00000000c5805000)
 Metaspace       used 286365K, committed 288768K, reserved 1310720K
  class space    used 34352K, committed 35456K, reserved 1048576K

Card table byte_map: [0x00007c8cb9109000,0x00007c8cb950a000] _byte_map_base: 0x00007c8cb8d09000

Polling page: 0x00007c8cbb1e9000

Metaspace:

Usage:
  Non-class:    246.11 MB used.
      Class:     33.55 MB used.
       Both:    279.65 MB used.

Virtual space:
  Non-class space:      256.00 MB reserved,     247.38 MB ( 97%) committed,  4 nodes.
      Class space:        1.00 GB reserved,      34.62 MB (  3%) committed,  1 nodes.
             Both:        1.25 GB reserved,     282.00 MB ( 22%) committed. 

Chunk freelists:
   Non-Class:  8.42 MB
       Class:  13.19 MB
        Both:  21.61 MB

MaxMetaspaceSize: unlimited
CompressedClassSpaceSize: 1.00 GB
Initial GC threshold: 21.00 MB
Current GC threshold: 401.56 MB
CDS: off
MetaspaceReclaimPolicy: balanced
 - commit_granule_bytes: 65536.
 - commit_granule_words: 8192.
 - virtual_space_node_default_size: 8388608.
 - enlarge_chunks_in_place: 1.
 - new_chunks_are_fully_committed: 0.
 - uncommit_free_chunks: 1.
 - use_allocation_guard: 0.
 - handle_deallocations: 1.


Internal statistics:

num_allocs_failed_limit: 23.
num_arena_births: 3976.
num_arena_deaths: 400.
num_vsnodes_births: 5.
num_vsnodes_deaths: 0.
num_space_committed: 4510.
num_space_uncommitted: 0.
num_chunks_returned_to_freelist: 511.
num_chunks_taken_from_freelist: 16370.
num_chunk_merges: 197.
num_chunk_splits: 10422.
num_chunks_enlarged: 6747.
num_inconsistent_stats: 0.

CodeHeap 'non-profiled nmethods': size=259300Kb used=28072Kb max_used=28100Kb free=231227Kb
 bounds [0x00007c8ca0ac7000, 0x00007c8ca2657000, 0x00007c8cb0800000]
CodeHeap 'profiled nmethods': size=259296Kb used=80497Kb max_used=81762Kb free=178798Kb
 bounds [0x00007c8c90800000, 0x00007c8c95800000, 0x00007c8ca0538000]
CodeHeap 'non-nmethods': size=5692Kb used=2225Kb max_used=2291Kb free=3467Kb
 bounds [0x00007c8ca0538000, 0x00007c8ca07a8000, 0x00007c8ca0ac7000]
 total_blobs=39993 nmethods=38179 adapters=1726
 compilation: enabled
              stopped_count=0, restarted_count=0
 full_count=0

Compilation events (20 events):
Event: 1925.815 Thread 0x00007c8cb40fcf50 nmethod 60820 0x00007c8c91e55f10 code [0x00007c8c91e560c0, 0x00007c8c91e56330]
Event: 1925.815 Thread 0x00007c8cb40fcf50 60821       1       java.lang.management.MemoryUsage::getUsed (5 bytes)
Event: 1925.815 Thread 0x00007c8cb40fcf50 nmethod 60821 0x00007c8ca13a8190 code [0x00007c8ca13a8320, 0x00007c8ca13a83f0]
Event: 1925.822 Thread 0x00007c8cb40fba90 nmethod 60817 0x00007c8ca22aaf10 code [0x00007c8ca22ab200, 0x00007c8ca22ac190]
Event: 1925.822 Thread 0x00007c8cb40fba90 60818       4       com.intellij.platform.diagnostic.telemetry.OpenTelemetryUtils::toCsvStream (284 bytes)
Event: 1925.834 Thread 0x00007c8cb40fba90 nmethod 60818 0x00007c8ca20bb790 code [0x00007c8ca20bba80, 0x00007c8ca20bc9f0]
Event: 1931.419 Thread 0x00007c8cb40fcf50 60822       3       com.intellij.indexing.shared.util.zipFs.UncompressedZipPath::hashCode (19 bytes)
Event: 1931.420 Thread 0x00007c8cb40fcf50 nmethod 60822 0x00007c8c920d0610 code [0x00007c8c920d07c0, 0x00007c8c920d09d0]
Event: 1931.427 Thread 0x00007c8cb40fba90 60823       4       java.util.AbstractMap::putAll (52 bytes)
Event: 1931.489 Thread 0x00007c8cb40fba90 nmethod 60823 0x00007c8ca13afc90 code [0x00007c8ca13affe0, 0x00007c8ca13b26a8]
Event: 1931.489 Thread 0x00007c8cb40fba90 60824       4       sun.nio.fs.UnixException::translateToIOException (133 bytes)
Event: 1931.492 Thread 0x00007c8cb40fba90 nmethod 60824 0x00007c8ca22a9f10 code [0x00007c8ca22aa0e0, 0x00007c8ca22aa8d8]
Event: 1931.492 Thread 0x00007c8cb40fba90 60825       4       com.intellij.util.indexing.IndexId::getName (13 bytes)
Event: 1931.492 Thread 0x00007c8cb40fba90 nmethod 60825 0x00007c8ca17b6310 code [0x00007c8ca17b64a0, 0x00007c8ca17b6538]
Event: 1937.911 Thread 0x00007c8cb40fcf50 60826       3       com.intellij.openapi.vfs.newvfs.persistent.PersistentFSConnection::isDirty (64 bytes)
Event: 1937.912 Thread 0x00007c8cb40fcf50 nmethod 60826 0x00007c8c925e8190 code [0x00007c8c925e83a0, 0x00007c8c925e8bc0]
Event: 1944.167 Thread 0x00007c8cb40fcf50 60827       3       sun.nio.ch.FileChannelImpl::open (16 bytes)
Event: 1944.167 Thread 0x00007c8cb40fcf50 nmethod 60827 0x00007c8c92244d10 code [0x00007c8c92244ec0, 0x00007c8c92245060]
Event: 1944.167 Thread 0x00007c8cb40fcf50 60828       3       sun.nio.ch.FileChannelImpl::<init> (144 bytes)
Event: 1944.168 Thread 0x00007c8cb40fcf50 nmethod 60828 0x00007c8c91c41610 code [0x00007c8c91c41860, 0x00007c8c91c423f0]

GC Heap History (20 events):
Event: 1666.715 GC heap after
{Heap after GC invocations=77 (full 7):
 def new generation   total 198016K, used 6210K [0x0000000080000000, 0x000000008d6d0000, 0x00000000aaaa0000)
  eden space 176064K,   0% used [0x0000000080000000, 0x0000000080000000, 0x000000008abf0000)
  from space 21952K,  28% used [0x000000008c160000, 0x000000008c770960, 0x000000008d6d0000)
  to   space 21952K,   0% used [0x000000008abf0000, 0x000000008abf0000, 0x000000008c160000)
 tenured generation   total 439700K, used 326060K [0x00000000aaaa0000, 0x00000000c5805000, 0x0000000100000000)
   the space 439700K,  74% used [0x00000000aaaa0000, 0x00000000be90b350, 0x00000000be90b400, 0x00000000c5805000)
 Metaspace       used 283427K, committed 285824K, reserved 1310720K
  class space    used 34091K, committed 35200K, reserved 1048576K
}
Event: 1670.829 GC heap before
{Heap before GC invocations=77 (full 7):
 def new generation   total 198016K, used 182274K [0x0000000080000000, 0x000000008d6d0000, 0x00000000aaaa0000)
  eden space 176064K, 100% used [0x0000000080000000, 0x000000008abf0000, 0x000000008abf0000)
  from space 21952K,  28% used [0x000000008c160000, 0x000000008c770960, 0x000000008d6d0000)
  to   space 21952K,   0% used [0x000000008abf0000, 0x000000008abf0000, 0x000000008c160000)
 tenured generation   total 439700K, used 326060K [0x00000000aaaa0000, 0x00000000c5805000, 0x0000000100000000)
   the space 439700K,  74% used [0x00000000aaaa0000, 0x00000000be90b350, 0x00000000be90b400, 0x00000000c5805000)
 Metaspace       used 283608K, committed 286016K, reserved 1310720K
  class space    used 34093K, committed 35200K, reserved 1048576K
}
Event: 1670.840 GC heap after
{Heap after GC invocations=78 (full 7):
 def new generation   total 198016K, used 6478K [0x0000000080000000, 0x000000008d6d0000, 0x00000000aaaa0000)
  eden space 176064K,   0% used [0x0000000080000000, 0x0000000080000000, 0x000000008abf0000)
  from space 21952K,  29% used [0x000000008abf0000, 0x000000008b243b88, 0x000000008c160000)
  to   space 21952K,   0% used [0x000000008c160000, 0x000000008c160000, 0x000000008d6d0000)
 tenured generation   total 439700K, used 326060K [0x00000000aaaa0000, 0x00000000c5805000, 0x0000000100000000)
   the space 439700K,  74% used [0x00000000aaaa0000, 0x00000000be90b350, 0x00000000be90b400, 0x00000000c5805000)
 Metaspace       used 283608K, committed 286016K, reserved 1310720K
  class space    used 34093K, committed 35200K, reserved 1048576K
}
Event: 1675.012 GC heap before
{Heap before GC invocations=78 (full 7):
 def new generation   total 198016K, used 182542K [0x0000000080000000, 0x000000008d6d0000, 0x00000000aaaa0000)
  eden space 176064K, 100% used [0x0000000080000000, 0x000000008abf0000, 0x000000008abf0000)
  from space 21952K,  29% used [0x000000008abf0000, 0x000000008b243b88, 0x000000008c160000)
  to   space 21952K,   0% used [0x000000008c160000, 0x000000008c160000, 0x000000008d6d0000)
 tenured generation   total 439700K, used 326060K [0x00000000aaaa0000, 0x00000000c5805000, 0x0000000100000000)
   the space 439700K,  74% used [0x00000000aaaa0000, 0x00000000be90b350, 0x00000000be90b400, 0x00000000c5805000)
 Metaspace       used 283821K, committed 286272K, reserved 1310720K
  class space    used 34094K, committed 35200K, reserved 1048576K
}
Event: 1675.026 GC heap after
{Heap after GC invocations=79 (full 7):
 def new generation   total 198016K, used 6955K [0x0000000080000000, 0x000000008d6d0000, 0x00000000aaaa0000)
  eden space 176064K,   0% used [0x0000000080000000, 0x0000000080000000, 0x000000008abf0000)
  from space 21952K,  31% used [0x000000008c160000, 0x000000008c82afa0, 0x000000008d6d0000)
  to   space 21952K,   0% used [0x000000008abf0000, 0x000000008abf0000, 0x000000008c160000)
 tenured generation   total 439700K, used 326060K [0x00000000aaaa0000, 0x00000000c5805000, 0x0000000100000000)
   the space 439700K,  74% used [0x00000000aaaa0000, 0x00000000be90b350, 0x00000000be90b400, 0x00000000c5805000)
 Metaspace       used 283821K, committed 286272K, reserved 1310720K
  class space    used 34094K, committed 35200K, reserved 1048576K
}
Event: 1680.263 GC heap before
{Heap before GC invocations=79 (full 7):
 def new generation   total 198016K, used 183019K [0x0000000080000000, 0x000000008d6d0000, 0x00000000aaaa0000)
  eden space 176064K, 100% used [0x0000000080000000, 0x000000008abf0000, 0x000000008abf0000)
  from space 21952K,  31% used [0x000000008c160000, 0x000000008c82afa0, 0x000000008d6d0000)
  to   space 21952K,   0% used [0x000000008abf0000, 0x000000008abf0000, 0x000000008c160000)
 tenured generation   total 439700K, used 326060K [0x00000000aaaa0000, 0x00000000c5805000, 0x0000000100000000)
   the space 439700K,  74% used [0x00000000aaaa0000, 0x00000000be90b350, 0x00000000be90b400, 0x00000000c5805000)
 Metaspace       used 284077K, committed 286528K, reserved 1310720K
  class space    used 34116K, committed 35264K, reserved 1048576K
}
Event: 1680.281 GC heap after
{Heap after GC invocations=80 (full 7):
 def new generation   total 198016K, used 13080K [0x0000000080000000, 0x000000008d6d0000, 0x00000000aaaa0000)
  eden space 176064K,   0% used [0x0000000080000000, 0x0000000080000000, 0x000000008abf0000)
  from space 21952K,  59% used [0x000000008abf0000, 0x000000008b8b6030, 0x000000008c160000)
  to   space 21952K,   0% used [0x000000008c160000, 0x000000008c160000, 0x000000008d6d0000)
 tenured generation   total 439700K, used 326060K [0x00000000aaaa0000, 0x00000000c5805000, 0x0000000100000000)
   the space 439700K,  74% used [0x00000000aaaa0000, 0x00000000be90b350, 0x00000000be90b400, 0x00000000c5805000)
 Metaspace       used 284077K, committed 286528K, reserved 1310720K
  class space    used 34116K, committed 35264K, reserved 1048576K
}
Event: 1687.713 GC heap before
{Heap before GC invocations=80 (full 7):
 def new generation   total 198016K, used 189144K [0x0000000080000000, 0x000000008d6d0000, 0x00000000aaaa0000)
  eden space 176064K, 100% used [0x0000000080000000, 0x000000008abf0000, 0x000000008abf0000)
  from space 21952K,  59% used [0x000000008abf0000, 0x000000008b8b6030, 0x000000008c160000)
  to   space 21952K,   0% used [0x000000008c160000, 0x000000008c160000, 0x000000008d6d0000)
 tenured generation   total 439700K, used 326060K [0x00000000aaaa0000, 0x00000000c5805000, 0x0000000100000000)
   the space 439700K,  74% used [0x00000000aaaa0000, 0x00000000be90b350, 0x00000000be90b400, 0x00000000c5805000)
 Metaspace       used 284272K, committed 286656K, reserved 1310720K
  class space    used 34127K, committed 35264K, reserved 1048576K
}
Event: 1687.728 GC heap after
{Heap after GC invocations=81 (full 7):
 def new generation   total 198016K, used 5647K [0x0000000080000000, 0x000000008d6d0000, 0x00000000aaaa0000)
  eden space 176064K,   0% used [0x0000000080000000, 0x0000000080000000, 0x000000008abf0000)
  from space 21952K,  25% used [0x000000008c160000, 0x000000008c6e3cc8, 0x000000008d6d0000)
  to   space 21952K,   0% used [0x000000008abf0000, 0x000000008abf0000, 0x000000008c160000)
 tenured generation   total 439700K, used 328097K [0x00000000aaaa0000, 0x00000000c5805000, 0x0000000100000000)
   the space 439700K,  74% used [0x00000000aaaa0000, 0x00000000beb08728, 0x00000000beb08800, 0x00000000c5805000)
 Metaspace       used 284272K, committed 286656K, reserved 1310720K
  class space    used 34127K, committed 35264K, reserved 1048576K
}
Event: 1692.866 GC heap before
{Heap before GC invocations=81 (full 7):
 def new generation   total 198016K, used 181711K [0x0000000080000000, 0x000000008d6d0000, 0x00000000aaaa0000)
  eden space 176064K, 100% used [0x0000000080000000, 0x000000008abf0000, 0x000000008abf0000)
  from space 21952K,  25% used [0x000000008c160000, 0x000000008c6e3cc8, 0x000000008d6d0000)
  to   space 21952K,   0% used [0x000000008abf0000, 0x000000008abf0000, 0x000000008c160000)
 tenured generation   total 439700K, used 328097K [0x00000000aaaa0000, 0x00000000c5805000, 0x0000000100000000)
   the space 439700K,  74% used [0x00000000aaaa0000, 0x00000000beb08728, 0x00000000beb08800, 0x00000000c5805000)
 Metaspace       used 284829K, committed 287232K, reserved 1310720K
  class space    used 34180K, committed 35264K, reserved 1048576K
}
Event: 1692.879 GC heap after
{Heap after GC invocations=82 (full 7):
 def new generation   total 198016K, used 6588K [0x0000000080000000, 0x000000008d6d0000, 0x00000000aaaa0000)
  eden space 176064K,   0% used [0x0000000080000000, 0x0000000080000000, 0x000000008abf0000)
  from space 21952K,  30% used [0x000000008abf0000, 0x000000008b25f2f8, 0x000000008c160000)
  to   space 21952K,   0% used [0x000000008c160000, 0x000000008c160000, 0x000000008d6d0000)
 tenured generation   total 439700K, used 328097K [0x00000000aaaa0000, 0x00000000c5805000, 0x0000000100000000)
   the space 439700K,  74% used [0x00000000aaaa0000, 0x00000000beb08728, 0x00000000beb08800, 0x00000000c5805000)
 Metaspace       used 284829K, committed 287232K, reserved 1310720K
  class space    used 34180K, committed 35264K, reserved 1048576K
}
Event: 1698.511 GC heap before
{Heap before GC invocations=82 (full 7):
 def new generation   total 198016K, used 182652K [0x0000000080000000, 0x000000008d6d0000, 0x00000000aaaa0000)
  eden space 176064K, 100% used [0x0000000080000000, 0x000000008abf0000, 0x000000008abf0000)
  from space 21952K,  30% used [0x000000008abf0000, 0x000000008b25f2f8, 0x000000008c160000)
  to   space 21952K,   0% used [0x000000008c160000, 0x000000008c160000, 0x000000008d6d0000)
 tenured generation   total 439700K, used 328097K [0x00000000aaaa0000, 0x00000000c5805000, 0x0000000100000000)
   the space 439700K,  74% used [0x00000000aaaa0000, 0x00000000beb08728, 0x00000000beb08800, 0x00000000c5805000)
 Metaspace       used 284999K, committed 287424K, reserved 1310720K
  class space    used 34181K, committed 35264K, reserved 1048576K
}
Event: 1698.532 GC heap after
{Heap after GC invocations=83 (full 7):
 def new generation   total 198016K, used 6578K [0x0000000080000000, 0x000000008d6d0000, 0x00000000aaaa0000)
  eden space 176064K,   0% used [0x0000000080000000, 0x0000000080000000, 0x000000008abf0000)
  from space 21952K,  29% used [0x000000008c160000, 0x000000008c7ccaa8, 0x000000008d6d0000)
  to   space 21952K,   0% used [0x000000008abf0000, 0x000000008abf0000, 0x000000008c160000)
 tenured generation   total 439700K, used 328097K [0x00000000aaaa0000, 0x00000000c5805000, 0x0000000100000000)
   the space 439700K,  74% used [0x00000000aaaa0000, 0x00000000beb08728, 0x00000000beb08800, 0x00000000c5805000)
 Metaspace       used 284999K, committed 287424K, reserved 1310720K
  class space    used 34181K, committed 35264K, reserved 1048576K
}
Event: 1705.095 GC heap before
{Heap before GC invocations=83 (full 7):
 def new generation   total 198016K, used 182642K [0x0000000080000000, 0x000000008d6d0000, 0x00000000aaaa0000)
  eden space 176064K, 100% used [0x0000000080000000, 0x000000008abf0000, 0x000000008abf0000)
  from space 21952K,  29% used [0x000000008c160000, 0x000000008c7ccaa8, 0x000000008d6d0000)
  to   space 21952K,   0% used [0x000000008abf0000, 0x000000008abf0000, 0x000000008c160000)
 tenured generation   total 439700K, used 328097K [0x00000000aaaa0000, 0x00000000c5805000, 0x0000000100000000)
   the space 439700K,  74% used [0x00000000aaaa0000, 0x00000000beb08728, 0x00000000beb08800, 0x00000000c5805000)
 Metaspace       used 285159K, committed 287552K, reserved 1310720K
  class space    used 34181K, committed 35264K, reserved 1048576K
}
Event: 1705.109 GC heap after
{Heap after GC invocations=84 (full 7):
 def new generation   total 198016K, used 6721K [0x0000000080000000, 0x000000008d6d0000, 0x00000000aaaa0000)
  eden space 176064K,   0% used [0x0000000080000000, 0x0000000080000000, 0x000000008abf0000)
  from space 21952K,  30% used [0x000000008abf0000, 0x000000008b280780, 0x000000008c160000)
  to   space 21952K,   0% used [0x000000008c160000, 0x000000008c160000, 0x000000008d6d0000)
 tenured generation   total 439700K, used 328097K [0x00000000aaaa0000, 0x00000000c5805000, 0x0000000100000000)
   the space 439700K,  74% used [0x00000000aaaa0000, 0x00000000beb08728, 0x00000000beb08800, 0x00000000c5805000)
 Metaspace       used 285159K, committed 287552K, reserved 1310720K
  class space    used 34181K, committed 35264K, reserved 1048576K
}
Event: 1709.953 GC heap before
{Heap before GC invocations=84 (full 7):
 def new generation   total 198016K, used 182785K [0x0000000080000000, 0x000000008d6d0000, 0x00000000aaaa0000)
  eden space 176064K, 100% used [0x0000000080000000, 0x000000008abf0000, 0x000000008abf0000)
  from space 21952K,  30% used [0x000000008abf0000, 0x000000008b280780, 0x000000008c160000)
  to   space 21952K,   0% used [0x000000008c160000, 0x000000008c160000, 0x000000008d6d0000)
 tenured generation   total 439700K, used 328097K [0x00000000aaaa0000, 0x00000000c5805000, 0x0000000100000000)
   the space 439700K,  74% used [0x00000000aaaa0000, 0x00000000beb08728, 0x00000000beb08800, 0x00000000c5805000)
 Metaspace       used 285910K, committed 288320K, reserved 1310720K
  class space    used 34286K, committed 35392K, reserved 1048576K
}
Event: 1709.966 GC heap after
{Heap after GC invocations=85 (full 7):
 def new generation   total 198016K, used 7364K [0x0000000080000000, 0x000000008d6d0000, 0x00000000aaaa0000)
  eden space 176064K,   0% used [0x0000000080000000, 0x0000000080000000, 0x000000008abf0000)
  from space 21952K,  33% used [0x000000008c160000, 0x000000008c891348, 0x000000008d6d0000)
  to   space 21952K,   0% used [0x000000008abf0000, 0x000000008abf0000, 0x000000008c160000)
 tenured generation   total 439700K, used 328097K [0x00000000aaaa0000, 0x00000000c5805000, 0x0000000100000000)
   the space 439700K,  74% used [0x00000000aaaa0000, 0x00000000beb08728, 0x00000000beb08800, 0x00000000c5805000)
 Metaspace       used 285910K, committed 288320K, reserved 1310720K
  class space    used 34286K, committed 35392K, reserved 1048576K
}
Event: 1727.021 GC heap before
{Heap before GC invocations=85 (full 7):
 def new generation   total 198016K, used 183428K [0x0000000080000000, 0x000000008d6d0000, 0x00000000aaaa0000)
  eden space 176064K, 100% used [0x0000000080000000, 0x000000008abf0000, 0x000000008abf0000)
  from space 21952K,  33% used [0x000000008c160000, 0x000000008c891348, 0x000000008d6d0000)
  to   space 21952K,   0% used [0x000000008abf0000, 0x000000008abf0000, 0x000000008c160000)
 tenured generation   total 439700K, used 328097K [0x00000000aaaa0000, 0x00000000c5805000, 0x0000000100000000)
   the space 439700K,  74% used [0x00000000aaaa0000, 0x00000000beb08728, 0x00000000beb08800, 0x00000000c5805000)
 Metaspace       used 286218K, committed 288640K, reserved 1310720K
  class space    used 34342K, committed 35456K, reserved 1048576K
}
Event: 1727.076 GC heap after
{Heap after GC invocations=86 (full 7):
 def new generation   total 198016K, used 7835K [0x0000000080000000, 0x000000008d6d0000, 0x00000000aaaa0000)
  eden space 176064K,   0% used [0x0000000080000000, 0x0000000080000000, 0x000000008abf0000)
  from space 21952K,  35% used [0x000000008abf0000, 0x000000008b396ca8, 0x000000008c160000)
  to   space 21952K,   0% used [0x000000008c160000, 0x000000008c160000, 0x000000008d6d0000)
 tenured generation   total 439700K, used 328097K [0x00000000aaaa0000, 0x00000000c5805000, 0x0000000100000000)
   the space 439700K,  74% used [0x00000000aaaa0000, 0x00000000beb08728, 0x00000000beb08800, 0x00000000c5805000)
 Metaspace       used 286218K, committed 288640K, reserved 1310720K
  class space    used 34342K, committed 35456K, reserved 1048576K
}
Event: 1983.187 GC heap before
{Heap before GC invocations=86 (full 7):
 def new generation   total 198016K, used 183899K [0x0000000080000000, 0x000000008d6d0000, 0x00000000aaaa0000)
  eden space 176064K, 100% used [0x0000000080000000, 0x000000008abf0000, 0x000000008abf0000)
  from space 21952K,  35% used [0x000000008abf0000, 0x000000008b396ca8, 0x000000008c160000)
  to   space 21952K,   0% used [0x000000008c160000, 0x000000008c160000, 0x000000008d6d0000)
 tenured generation   total 439700K, used 328097K [0x00000000aaaa0000, 0x00000000c5805000, 0x0000000100000000)
   the space 439700K,  74% used [0x00000000aaaa0000, 0x00000000beb08728, 0x00000000beb08800, 0x00000000c5805000)
 Metaspace       used 286365K, committed 288768K, reserved 1310720K
  class space    used 34352K, committed 35456K, reserved 1048576K
}

Dll operation events (17 events):
Event: 0.026 Loaded shared library /home/ilmi/pycharm-community-2024.1/jbr/lib/libjava.so
Event: 0.612 Loaded shared library /home/ilmi/pycharm-community-2024.1/jbr/lib/libnio.so
Event: 0.643 Loaded shared library /home/ilmi/pycharm-community-2024.1/jbr/lib/libzip.so
Event: 0.788 Loaded shared library /home/ilmi/pycharm-community-2024.1/jbr/lib/libnet.so
Event: 0.950 Loaded shared library /home/ilmi/pycharm-community-2024.1/jbr/lib/libjimage.so
Event: 1.581 Loaded shared library /home/ilmi/pycharm-community-2024.1/jbr/lib/libverify.so
Event: 2.094 Loaded shared library /home/ilmi/pycharm-community-2024.1/jbr/lib/libextnet.so
Event: 2.123 Loaded shared library /home/ilmi/pycharm-community-2024.1/jbr/lib/libprefs.so
Event: 2.220 Loaded shared library /home/ilmi/pycharm-community-2024.1/jbr/lib/libawt.so
Event: 2.246 Loaded shared library /home/ilmi/pycharm-community-2024.1/jbr/lib/libawt_xawt.so
Event: 2.439 Loaded shared library /home/ilmi/pycharm-community-2024.1/jbr/lib/libfontmanager.so
Event: 3.414 Loaded shared library /home/ilmi/pycharm-community-2024.1/lib/jna/amd64/libjnidispatch.so
Event: 4.103 Loaded shared library /home/ilmi/pycharm-community-2024.1/jbr/lib/libmanagement.so
Event: 4.164 Loaded shared library /home/ilmi/pycharm-community-2024.1/jbr/lib/libmanagement_ext.so
Event: 6.048 Loaded shared library /home/ilmi/pycharm-community-2024.1/jbr/lib/libinstrument.so
Event: 6.049 Loaded shared library /home/ilmi/pycharm-community-2024.1/jbr/lib/libzip.so
Event: 6.061 Loaded shared library /home/ilmi/pycharm-community-2024.1/jbr/lib/libinstrument.so

Deoptimization events (20 events):
Event: 1729.367 Thread 0x00007c8c7c1b9f00 Uncommon trap: trap_request=0xffffffc6 fr.pc=0x00007c8ca21f0134 relative=0x0000000000003af4
Event: 1729.367 Thread 0x00007c8c7c1b9f00 Uncommon trap: reason=bimorphic_or_optimized_type_check action=maybe_recompile pc=0x00007c8ca21f0134 method=com.intellij.openapi.application.impl.NonBlockingReadActionImpl$Submission.checkObsolete()Z @ 79 c2
Event: 1729.367 Thread 0x00007c8c7c1b9f00 DEOPT PACKING pc=0x00007c8ca21f0134 sp=0x00007c8c3e0fad30
Event: 1729.367 Thread 0x00007c8c7c1b9f00 DEOPT UNPACKING pc=0x00007c8ca058e399 sp=0x00007c8c3e0fad48 mode 2
Event: 1731.625 Thread 0x00007c8c7c5376f0 Uncommon trap: trap_request=0xffffffde fr.pc=0x00007c8ca1d66dd8 relative=0x00000000000005b8
Event: 1731.625 Thread 0x00007c8c7c5376f0 Uncommon trap: reason=class_check action=maybe_recompile pc=0x00007c8ca1d66dd8 method=java.nio.StringCharBuffer.get()C @ 13 c2
Event: 1731.625 Thread 0x00007c8c7c5376f0 DEOPT PACKING pc=0x00007c8ca1d66dd8 sp=0x00007c8c181fddd0
Event: 1731.625 Thread 0x00007c8c7c5376f0 DEOPT UNPACKING pc=0x00007c8ca058e399 sp=0x00007c8c181fdd38 mode 2
Event: 1733.311 Thread 0x00007c8c7417c6e0 Uncommon trap: trap_request=0xffffffbe fr.pc=0x00007c8ca166eeb0 relative=0x00000000000003d0
Event: 1733.311 Thread 0x00007c8c7417c6e0 Uncommon trap: reason=profile_predicate action=maybe_recompile pc=0x00007c8ca166eeb0 method=java.util.concurrent.FutureTask.awaitDone(ZJ)I @ 18 c2
Event: 1733.311 Thread 0x00007c8c7417c6e0 DEOPT PACKING pc=0x00007c8ca166eeb0 sp=0x00007c8bfb7fe400
Event: 1733.311 Thread 0x00007c8c7417c6e0 DEOPT UNPACKING pc=0x00007c8ca058e399 sp=0x00007c8bfb7fe330 mode 2
Event: 1789.689 Thread 0x0000598cccaf1a40 Uncommon trap: trap_request=0xffffffc6 fr.pc=0x00007c8ca15ee35c relative=0x000000000000013c
Event: 1789.689 Thread 0x0000598cccaf1a40 Uncommon trap: reason=bimorphic_or_optimized_type_check action=maybe_recompile pc=0x00007c8ca15ee35c method=java.util.concurrent.atomic.AtomicLong.updateAndGet(Ljava/util/function/LongUnaryOperator;)J @ 18 c2
Event: 1789.689 Thread 0x0000598cccaf1a40 DEOPT PACKING pc=0x00007c8ca15ee35c sp=0x00007c8bfb2fe810
Event: 1789.689 Thread 0x0000598cccaf1a40 DEOPT UNPACKING pc=0x00007c8ca058e399 sp=0x00007c8bfb2fe7a8 mode 2
Event: 1806.561 Thread 0x00007c8c7418b030 Uncommon trap: trap_request=0xffffff45 fr.pc=0x00007c8ca16652b4 relative=0x0000000000001674
Event: 1806.561 Thread 0x00007c8c7418b030 Uncommon trap: reason=unstable_if action=reinterpret pc=0x00007c8ca16652b4 method=kotlinx.coroutines.internal.LockFreeLinkedListNode.tryCondAddNext(Lkotlinx/coroutines/internal/LockFreeLinkedListNode;Lkotlinx/coroutines/internal/LockFreeLinkedListNode;Lko
Event: 1806.561 Thread 0x00007c8c7418b030 DEOPT PACKING pc=0x00007c8ca16652b4 sp=0x00007c8bfaefe600
Event: 1806.562 Thread 0x00007c8c7418b030 DEOPT UNPACKING pc=0x00007c8ca058e399 sp=0x00007c8bfaefe490 mode 2

Classes unloaded (20 events):
Event: 114.926 Thread 0x00007c8cb40bcf60 Unloading class 0x00000001004b8800 'jdk/internal/reflect/GeneratedConstructorAccessor3'
Event: 114.926 Thread 0x00007c8cb40bcf60 Unloading class 0x0000000100386400 'java/lang/invoke/LambdaForm$MH+0x0000000100386400'
Event: 114.926 Thread 0x00007c8cb40bcf60 Unloading class 0x0000000100386000 'java/lang/invoke/LambdaForm$MH+0x0000000100386000'
Event: 114.926 Thread 0x00007c8cb40bcf60 Unloading class 0x0000000100385c00 'java/lang/invoke/LambdaForm$MH+0x0000000100385c00'
Event: 114.926 Thread 0x00007c8cb40bcf60 Unloading class 0x0000000100385800 'java/lang/invoke/LambdaForm$MH+0x0000000100385800'
Event: 114.926 Thread 0x00007c8cb40bcf60 Unloading class 0x0000000100385400 'java/lang/invoke/LambdaForm$MH+0x0000000100385400'
Event: 114.926 Thread 0x00007c8cb40bcf60 Unloading class 0x0000000100385000 'java/lang/invoke/LambdaForm$MH+0x0000000100385000'
Event: 114.926 Thread 0x00007c8cb40bcf60 Unloading class 0x0000000100384c00 'java/lang/invoke/LambdaForm$MH+0x0000000100384c00'
Event: 114.926 Thread 0x00007c8cb40bcf60 Unloading class 0x0000000100384800 'java/lang/invoke/LambdaForm$MH+0x0000000100384800'
Event: 114.926 Thread 0x00007c8cb40bcf60 Unloading class 0x0000000100384400 'java/lang/invoke/LambdaForm$MH+0x0000000100384400'
Event: 114.926 Thread 0x00007c8cb40bcf60 Unloading class 0x0000000100384000 'java/lang/invoke/LambdaForm$MH+0x0000000100384000'
Event: 114.926 Thread 0x00007c8cb40bcf60 Unloading class 0x00000001002af800 'java/lang/invoke/LambdaForm$MH+0x00000001002af800'
Event: 114.926 Thread 0x00007c8cb40bcf60 Unloading class 0x00000001002af400 'java/lang/invoke/LambdaForm$MH+0x00000001002af400'
Event: 114.926 Thread 0x00007c8cb40bcf60 Unloading class 0x00000001002af000 'java/lang/invoke/LambdaForm$MH+0x00000001002af000'
Event: 114.926 Thread 0x00007c8cb40bcf60 Unloading class 0x00000001002aec00 'java/lang/invoke/LambdaForm$MH+0x00000001002aec00'
Event: 114.926 Thread 0x00007c8cb40bcf60 Unloading class 0x00000001002ae800 'java/lang/invoke/LambdaForm$MH+0x00000001002ae800'
Event: 114.926 Thread 0x00007c8cb40bcf60 Unloading class 0x00000001002ae400 'java/lang/invoke/LambdaForm$MH+0x00000001002ae400'
Event: 114.926 Thread 0x00007c8cb40bcf60 Unloading class 0x00000001002ae000 'java/lang/invoke/LambdaForm$MH+0x00000001002ae000'
Event: 114.926 Thread 0x00007c8cb40bcf60 Unloading class 0x00000001002adc00 'java/lang/invoke/LambdaForm$MH+0x00000001002adc00'
Event: 114.926 Thread 0x00007c8cb40bcf60 Unloading class 0x000000010010c000 'java/lang/invoke/LambdaForm$DMH+0x000000010010c000'

Classes redefined (1 events):
Event: 6.894 Thread 0x00007c8cb40bcf60 redefined class name=kotlin.coroutines.jvm.internal.DebugProbesKt, count=1

Internal exceptions (20 events):
Event: 1931.438 Thread 0x00007c8c7cd11630 Exception <a 'sun/nio/fs/UnixException'{0x0000000088ed9818}> (0x0000000088ed9818) 
thrown [src/hotspot/share/prims/jni.cpp, line 531]
Event: 1931.438 Thread 0x00007c8c7cd11630 Exception <a 'sun/nio/fs/UnixException'{0x0000000088edb5d8}> (0x0000000088edb5d8) 
thrown [src/hotspot/share/prims/jni.cpp, line 531]
Event: 1931.438 Thread 0x00007c8c7cd11630 Exception <a 'sun/nio/fs/UnixException'{0x0000000088edbcf8}> (0x0000000088edbcf8) 
thrown [src/hotspot/share/prims/jni.cpp, line 531]
Event: 1931.439 Thread 0x00007c8c7cd11630 Exception <a 'sun/nio/fs/UnixException'{0x0000000088eddbc0}> (0x0000000088eddbc0) 
thrown [src/hotspot/share/prims/jni.cpp, line 531]
Event: 1931.439 Thread 0x00007c8c7cd11630 Exception <a 'sun/nio/fs/UnixException'{0x0000000088ede0a0}> (0x0000000088ede0a0) 
thrown [src/hotspot/share/prims/jni.cpp, line 531]
Event: 1931.439 Thread 0x00007c8c7cd11630 Exception <a 'sun/nio/fs/UnixException'{0x0000000088ede7d0}> (0x0000000088ede7d0) 
thrown [src/hotspot/share/prims/jni.cpp, line 531]
Event: 1931.439 Thread 0x00007c8c7cd11630 Exception <a 'sun/nio/fs/UnixException'{0x0000000088edecd0}> (0x0000000088edecd0) 
thrown [src/hotspot/share/prims/jni.cpp, line 531]
Event: 1931.439 Thread 0x00007c8c7cd11630 Exception <a 'sun/nio/fs/UnixException'{0x0000000088edfb10}> (0x0000000088edfb10) 
thrown [src/hotspot/share/prims/jni.cpp, line 531]
Event: 1931.439 Thread 0x00007c8c7cd11630 Exception <a 'sun/nio/fs/UnixException'{0x0000000088ee0270}> (0x0000000088ee0270) 
thrown [src/hotspot/share/prims/jni.cpp, line 531]
Event: 1931.439 Thread 0x00007c8c7cd11630 Exception <a 'sun/nio/fs/UnixException'{0x0000000088ee10b8}> (0x0000000088ee10b8) 
thrown [src/hotspot/share/prims/jni.cpp, line 531]
Event: 1931.439 Thread 0x00007c8c7cd11630 Exception <a 'sun/nio/fs/UnixException'{0x0000000088ee15a0}> (0x0000000088ee15a0) 
thrown [src/hotspot/share/prims/jni.cpp, line 531]
Event: 1931.439 Thread 0x00007c8c7cd11630 Exception <a 'sun/nio/fs/UnixException'{0x0000000088ee1d18}> (0x0000000088ee1d18) 
thrown [src/hotspot/share/prims/jni.cpp, line 531]
Event: 1931.439 Thread 0x00007c8c7cd11630 Exception <a 'sun/nio/fs/UnixException'{0x0000000088ee2220}> (0x0000000088ee2220) 
thrown [src/hotspot/share/prims/jni.cpp, line 531]
Event: 1931.439 Thread 0x00007c8c7cd11630 Exception <a 'sun/nio/fs/UnixException'{0x0000000088ee3038}> (0x0000000088ee3038) 
thrown [src/hotspot/share/prims/jni.cpp, line 531]
Event: 1931.439 Thread 0x00007c8c7cd11630 Exception <a 'sun/nio/fs/UnixException'{0x0000000088ee3518}> (0x0000000088ee3518) 
thrown [src/hotspot/share/prims/jni.cpp, line 531]
Event: 1931.439 Thread 0x00007c8c7cd11630 Exception <a 'sun/nio/fs/UnixException'{0x0000000088ee3c48}> (0x0000000088ee3c48) 
thrown [src/hotspot/share/prims/jni.cpp, line 531]
Event: 1931.439 Thread 0x00007c8c7cd11630 Exception <a 'sun/nio/fs/UnixException'{0x0000000088ee4148}> (0x0000000088ee4148) 
thrown [src/hotspot/share/prims/jni.cpp, line 531]
Event: 1931.439 Thread 0x00007c8c7cd11630 Exception <a 'sun/nio/fs/UnixException'{0x0000000088eef9c0}> (0x0000000088eef9c0) 
thrown [src/hotspot/share/prims/jni.cpp, line 531]
Event: 1944.166 Thread 0x00007c8c78035900 Exception <a 'sun/nio/fs/UnixException'{0x000000008964bf80}> (0x000000008964bf80) 
thrown [src/hotspot/share/prims/jni.cpp, line 531]
Event: 1944.166 Thread 0x00007c8c7c458c30 Exception <a 'sun/nio/fs/UnixException'{0x00000000893fe578}> (0x00000000893fe578) 
thrown [src/hotspot/share/prims/jni.cpp, line 531]

VM Operations (20 events):
Event: 1756.837 Executing VM operation: Cleanup done
Event: 1802.928 Executing VM operation: HandshakeAllThreads
Event: 1802.928 Executing VM operation: HandshakeAllThreads done
Event: 1806.930 Executing VM operation: Cleanup
Event: 1806.931 Executing VM operation: Cleanup done
Event: 1807.932 Executing VM operation: Cleanup
Event: 1807.932 Executing VM operation: Cleanup done
Event: 1814.935 Executing VM operation: Cleanup
Event: 1814.935 Executing VM operation: Cleanup done
Event: 1823.937 Executing VM operation: Cleanup
Event: 1823.937 Executing VM operation: Cleanup done
Event: 1833.942 Executing VM operation: Cleanup
Event: 1833.942 Executing VM operation: Cleanup done
Event: 1851.950 Executing VM operation: Cleanup
Event: 1851.950 Executing VM operation: Cleanup done
Event: 1863.020 Executing VM operation: HandshakeAllThreads
Event: 1863.020 Executing VM operation: HandshakeAllThreads done
Event: 1865.021 Executing VM operation: Cleanup
Event: 1865.021 Executing VM operation: Cleanup done
Event: 1983.186 Executing VM operation: GenCollectForAllocation

Events (20 events):
Event: 1712.725 Thread 0x00007c8cb40fe3a0 flushing nmethod 0x00007c8c955bf610
Event: 1723.283 loading class java/awt/Desktop$Action
Event: 1723.283 loading class java/awt/Desktop$Action done
Event: 1723.283 loading class sun/awt/X11/XDesktopPeer
Event: 1723.283 loading class sun/awt/X11/XDesktopPeer done
Event: 1729.025 Thread 0x0000598cccdc69d0 Thread added: 0x0000598cccdc69d0
Event: 1729.025 Protecting memory [0x00007c8c3cc00000,0x00007c8c3cc04000] with protection modes 0
Event: 1756.376 Thread 0x00007c8c6c2b5be0 Thread exited: 0x00007c8c6c2b5be0
Event: 1764.892 Thread 0x00007c8c7c458c30 Thread exited: 0x00007c8c7c458c30
Event: 1777.751 Thread 0x00007c8c7cd11630 Thread added: 0x00007c8c7cd11630
Event: 1777.751 Protecting memory [0x00007c8bfbd00000,0x00007c8bfbd04000] with protection modes 0
Event: 1789.026 Thread 0x0000598cccdc69d0 Thread exited: 0x0000598cccdc69d0
Event: 1789.689 Thread 0x0000598cccaf1a40 Thread exited: 0x0000598cccaf1a40
Event: 1837.751 Thread 0x00007c8c7ce08ea0 Thread exited: 0x00007c8c7ce08ea0
Event: 1901.412 Thread 0x00007c8c7ce08ea0 Thread added: 0x00007c8c7ce08ea0
Event: 1901.412 Protecting memory [0x00007c8c04700000,0x00007c8c04704000] with protection modes 0
Event: 1901.412 Thread 0x00007c8c7c458c30 Thread added: 0x00007c8c7c458c30
Event: 1901.412 Protecting memory [0x00007c8bfb200000,0x00007c8bfb204000] with protection modes 0
Event: 1961.413 Thread 0x00007c8c7ce08ea0 Thread exited: 0x00007c8c7ce08ea0
Event: 1961.413 Thread 0x00007c8c781440c0 Thread exited: 0x00007c8c781440c0


Dynamic libraries:
80000000-8d6d0000 rw-p 00000000 00:00 0 
8d6d0000-aaaa0000 ---p 00000000 00:00 0 
aaaa0000-c5805000 rw-p 00000000 00:00 0 
c5805000-100000000 ---p 00000000 00:00 0 
100000000-100010000 rw-p 00000000 00:00 0 
100010000-100030000 rw-p 00000000 00:00 0 
100030000-1000b0000 rw-p 00000000 00:00 0 
1000b0000-100130000 rw-p 00000000 00:00 0 
100130000-1001b0000 rw-p 00000000 00:00 0 
1001b0000-1001d0000 rw-p 00000000 00:00 0 
1001d0000-100230000 rw-p 00000000 00:00 0 
100230000-100270000 rw-p 00000000 00:00 0 
100270000-1002f0000 rw-p 00000000 00:00 0 
1002f0000-100470000 rw-p 00000000 00:00 0 
100470000-1005f0000 rw-p 00000000 00:00 0 
1005f0000-100730000 rw-p 00000000 00:00 0 
100730000-100770000 rw-p 00000000 00:00 0 
100770000-1008f0000 rw-p 00000000 00:00 0 
1008f0000-100ab0000 rw-p 00000000 00:00 0 
100ab0000-100af0000 rw-p 00000000 00:00 0 
100af0000-100e50000 rw-p 00000000 00:00 0 
100e50000-100e70000 rw-p 00000000 00:00 0 
100e70000-1012f0000 rw-p 00000000 00:00 0 
1012f0000-101730000 rw-p 00000000 00:00 0 
101730000-101770000 rw-p 00000000 00:00 0 
101770000-1017b0000 rw-p 00000000 00:00 0 
1017b0000-1017f0000 rw-p 00000000 00:00 0 
1017f0000-101ab0000 rw-p 00000000 00:00 0 
101ab0000-101af0000 rw-p 00000000 00:00 0 
101af0000-102130000 rw-p 00000000 00:00 0 
102130000-102150000 rw-p 00000000 00:00 0 
102150000-102180000 ---p 00000000 00:00 0 
102180000-1022d0000 rw-p 00000000 00:00 0 
1022d0000-140000000 ---p 00000000 00:00 0 
598cca31e000-598cca31f000 r--p 00000000 08:03 659977                     /home/ilmi/pycharm-community-2024.1/jbr/bin/java
598cca31f000-598cca320000 r-xp 00001000 08:03 659977                     /home/ilmi/pycharm-community-2024.1/jbr/bin/java
598cca320000-598cca321000 r--p 00002000 08:03 659977                     /home/ilmi/pycharm-community-2024.1/jbr/bin/java
598cca321000-598cca322000 r--p 00002000 08:03 659977                     /home/ilmi/pycharm-community-2024.1/jbr/bin/java
598cca322000-598cca323000 rw-p 00003000 08:03 659977                     /home/ilmi/pycharm-community-2024.1/jbr/bin/java
598ccad0b000-598ccdab2000 rw-p 00000000 00:00 0                          [heap]
7c8bf0000000-7c8bf02f0000 rw-p 00000000 00:00 0 
7c8bf02f0000-7c8bf03f0000 rw-p 00000000 00:00 0 
7c8bf03f0000-7c8bf10f0000 rw-p 00000000 00:00 0 
7c8bf10f0000-7c8bf11f0000 rw-p 00000000 00:00 0 
7c8bf11f0000-7c8bf1970000 rw-p 00000000 00:00 0 
7c8bf1970000-7c8bf19f0000 rw-p 00000000 00:00 0 
7c8bf19f0000-7c8bf1f70000 rw-p 00000000 00:00 0 
7c8bf1f70000-7c8bf1ff0000 rw-p 00000000 00:00 0 
7c8bf1ff0000-7c8bf2af0000 rw-p 00000000 00:00 0 
7c8bf2af0000-7c8bf2bc0000 rw-p 00000000 00:00 0 
7c8bf2bc0000-7c8bf2c00000 ---p 00000000 00:00 0 
7c8bf2c00000-7c8bf37a0000 rw-p 00000000 00:00 0 
7c8bf37a0000-7c8bf4000000 ---p 00000000 00:00 0 
7c8bf4000000-7c8bf677f000 rw-p 00000000 00:00 0 
7c8bf677f000-7c8bf8000000 ---p 00000000 00:00 0 
7c8bf8c00000-7c8bf9000000 rw-s 00000000 08:03 1318544                    /home/ilmi/.cache/JetBrains/PyCharmCE2024.1/index/fastAttributes/TodoIndex.index.version.fast
7c8bf9200000-7c8bf9600000 rw-s 00000000 08:03 1316318                    /home/ilmi/.cache/JetBrains/PyCharmCE2024.1/index/fast_index_stamps/attributes
7c8bf9600000-7c8bf9604000 ---p 00000000 00:00 0 
7c8bf9604000-7c8bf9700000 rw-p 00000000 00:00 0 
7c8bf9800000-7c8bf9c00000 rw-s 00000000 08:03 1318165                    /home/ilmi/.cache/JetBrains/PyCharmCE2024.1/caches/extended-attributes/stubIndexStamp
7c8bf9e00000-7c8bf9e04000 ---p 00000000 00:00 0 
7c8bf9e04000-7c8bf9f00000 rw-p 00000000 00:00 0 
7c8bfa000000-7c8bfa004000 ---p 00000000 00:00 0 
7c8bfa004000-7c8bfa100000 rw-p 00000000 00:00 0 
7c8bfa200000-7c8bfa204000 ---p 00000000 00:00 0 
7c8bfa204000-7c8bfa300000 rw-p 00000000 00:00 0 
7c8bfa300000-7c8bfa304000 ---p 00000000 00:00 0 
7c8bfa304000-7c8bfa400000 rw-p 00000000 00:00 0 
7c8bfa400000-7c8bfa404000 ---p 00000000 00:00 0 
7c8bfa404000-7c8bfa500000 rw-p 00000000 00:00 0 
7c8bfa500000-7c8bfa504000 ---p 00000000 00:00 0 
7c8bfa504000-7c8bfa600000 rw-p 00000000 00:00 0 
7c8bfa600000-7c8bfa604000 ---p 00000000 00:00 0 
7c8bfa604000-7c8bfa700000 rw-p 00000000 00:00 0 
7c8bfa800000-7c8bfa804000 ---p 00000000 00:00 0 
7c8bfa804000-7c8bfa900000 rw-p 00000000 00:00 0 
7c8bfa900000-7c8bfa904000 ---p 00000000 00:00 0 
7c8bfa904000-7c8bfaa00000 rw-p 00000000 00:00 0 
7c8bfaa00000-7c8bfaa04000 ---p 00000000 00:00 0 
7c8bfaa04000-7c8bfab00000 rw-p 00000000 00:00 0 
7c8bfac00000-7c8bfac04000 ---p 00000000 00:00 0 
7c8bfac04000-7c8bfad00000 rw-p 00000000 00:00 0 
7c8bfae00000-7c8bfae04000 ---p 00000000 00:00 0 
7c8bfae04000-7c8bfaf00000 rw-p 00000000 00:00 0 
7c8bfaf00000-7c8bfaf04000 ---p 00000000 00:00 0 
7c8bfaf04000-7c8bfb000000 rw-p 00000000 00:00 0 
7c8bfb100000-7c8bfb104000 ---p 00000000 00:00 0 
7c8bfb104000-7c8bfb200000 rw-p 00000000 00:00 0 
7c8bfb200000-7c8bfb204000 ---p 00000000 00:00 0 
7c8bfb204000-7c8bfb300000 rw-p 00000000 00:00 0 
7c8bfb500000-7c8bfb504000 ---p 00000000 00:00 0 
7c8bfb504000-7c8bfb600000 rw-p 00000000 00:00 0 
7c8bfb600000-7c8bfb604000 ---p 00000000 00:00 0 
7c8bfb604000-7c8bfb700000 rw-p 00000000 00:00 0 
7c8bfb700000-7c8bfb704000 ---p 00000000 00:00 0 
7c8bfb704000-7c8bfb800000 rw-p 00000000 00:00 0 
7c8bfb800000-7c8bfb804000 ---p 00000000 00:00 0 
7c8bfb804000-7c8bfb900000 rw-p 00000000 00:00 0 
7c8bfb900000-7c8bfb904000 ---p 00000000 00:00 0 
7c8bfb904000-7c8bfba00000 rw-p 00000000 00:00 0 
7c8bfbc00000-7c8bfbc04000 ---p 00000000 00:00 0 
7c8bfbc04000-7c8bfbd00000 rw-p 00000000 00:00 0 
7c8bfbd00000-7c8bfbd04000 ---p 00000000 00:00 0 
7c8bfbd04000-7c8bfbe00000 rw-p 00000000 00:00 0 
7c8bfbf00000-7c8bfbf04000 ---p 00000000 00:00 0 
7c8bfbf04000-7c8bfcbb0000 rw-p 00000000 00:00 0 
7c8bfcbb0000-7c8bfcef0000 rw-p 00000000 00:00 0 
7c8bfcef0000-7c8bfe0f0000 rw-p 00000000 00:00 0 
7c8bfe0f0000-7c8bfe2f0000 rw-p 00000000 00:00 0 
7c8bfe2f0000-7c8bfe3f0000 rw-p 00000000 00:00 0 
7c8bfe3f0000-7c8bfe5f0000 rw-p 00000000 00:00 0 
7c8bfe5f0000-7c8bfe6f0000 rw-p 00000000 00:00 0 
7c8bfe6f0000-7c8bfe7f0000 rw-p 00000000 00:00 0 
7c8bfe7f0000-7c8bfeef0000 rw-p 00000000 00:00 0 
7c8bfeef0000-7c8bfeff0000 rw-p 00000000 00:00 0 
7c8bfeff0000-7c8bff970000 rw-p 00000000 00:00 0 
7c8bff970000-7c8bff9f0000 rw-p 00000000 00:00 0 
7c8bff9f0000-7c8bffcf0000 rw-p 00000000 00:00 0 
7c8bffcf0000-7c8bffdf0000 rw-p 00000000 00:00 0 
7c8bffdf0000-7c8c00000000 rw-p 00000000 00:00 0 
7c8c00000000-7c8c03f41000 rw-p 00000000 00:00 0 
7c8c03f41000-7c8c04000000 ---p 00000000 00:00 0 
7c8c04000000-7c8c04004000 ---p 00000000 00:00 0 
7c8c04004000-7c8c04100000 rw-p 00000000 00:00 0 
7c8c04100000-7c8c04104000 ---p 00000000 00:00 0 
7c8c04104000-7c8c04200000 rw-p 00000000 00:00 0 
7c8c04200000-7c8c04600000 rw-s 00000000 08:03 1316314                    /home/ilmi/.cache/JetBrains/PyCharmCE2024.1/index/fastAttributes/indexing.flag
7c8c04600000-7c8c04604000 ---p 00000000 00:00 0 
7c8c04604000-7c8c04700000 rw-p 00000000 00:00 0 
7c8c04700000-7c8c04704000 ---p 00000000 00:00 0 
7c8c04704000-7c8c04800000 rw-p 00000000 00:00 0 
7c8c04a00000-7c8c04a02000 r-xp 00000000 08:03 659958                     /home/ilmi/pycharm-community-2024.1/lib/pty4j/linux/x86-64/libpty.so
7c8c04a02000-7c8c04c02000 ---p 00002000 08:03 659958                     /home/ilmi/pycharm-community-2024.1/lib/pty4j/linux/x86-64/libpty.so
7c8c04c02000-7c8c04c03000 r--p 00002000 08:03 659958                     /home/ilmi/pycharm-community-2024.1/lib/pty4j/linux/x86-64/libpty.so
7c8c04c03000-7c8c04c04000 rw-p 00003000 08:03 659958                     /home/ilmi/pycharm-community-2024.1/lib/pty4j/linux/x86-64/libpty.so
7c8c04e00000-7c8c04e04000 ---p 00000000 00:00 0 
7c8c04e04000-7c8c04f00000 rw-p 00000000 00:00 0 
7c8c05000000-7c8c05170000 rw-p 00000000 00:00 0 
7c8c05170000-7c8c051f0000 rw-p 00000000 00:00 0 
7c8c051f0000-7c8c05770000 rw-p 00000000 00:00 0 
7c8c05770000-7c8c057f0000 rw-p 00000000 00:00 0 
7c8c057f0000-7c8c058f0000 rw-p 00000000 00:00 0 
7c8c058f0000-7c8c059f0000 rw-p 00000000 00:00 0 
7c8c059f0000-7c8c05ff0000 rw-p 00000000 00:00 0 
7c8c05ff0000-7c8c064f0000 rw-p 00000000 00:00 0 
7c8c064f0000-7c8c065f0000 rw-p 00000000 00:00 0 
7c8c065f0000-7c8c06b70000 rw-p 00000000 00:00 0 
7c8c06b70000-7c8c06bf0000 rw-p 00000000 00:00 0 
7c8c06bf0000-7c8c07370000 rw-p 00000000 00:00 0 
7c8c07370000-7c8c073f0000 rw-p 00000000 00:00 0 
7c8c073f0000-7c8c07af0000 rw-p 00000000 00:00 0 
7c8c07af0000-7c8c07bf0000 rw-p 00000000 00:00 0 
7c8c07bf0000-7c8c086f0000 rw-p 00000000 00:00 0 
7c8c086f0000-7c8c087f0000 rw-p 00000000 00:00 0 
7c8c087f0000-7c8c09000000 rw-p 00000000 00:00 0 
7c8c09000000-7c8c09400000 rw-s 00000000 08:03 1315896                    /home/ilmi/.cache/JetBrains/PyCharmCE2024.1/index/filetypes/filetypes.index.mmap
7c8c09600000-7c8c09615000 r-xp 00000000 08:03 659941                     /home/ilmi/pycharm-community-2024.1/bin/libdbm.so
7c8c09615000-7c8c09814000 ---p 00015000 08:03 659941                     /home/ilmi/pycharm-community-2024.1/bin/libdbm.so
7c8c09814000-7c8c09815000 r--p 00014000 08:03 659941                     /home/ilmi/pycharm-community-2024.1/bin/libdbm.so
7c8c09815000-7c8c09816000 rw-p 00015000 08:03 659941                     /home/ilmi/pycharm-community-2024.1/bin/libdbm.so
7c8c09900000-7c8c09904000 ---p 00000000 00:00 0 
7c8c09904000-7c8c09a00000 rw-p 00000000 00:00 0 
7c8c09a00000-7c8c0b5c9000 r--s 00000000 08:03 1315825                    /home/ilmi/pycharm-community-2024.1/plugins/vcs-svn/lib/vcs-svn.jar
7c8c0b600000-7c8c0c00c000 r--s 00000000 08:03 1315828                    /home/ilmi/pycharm-community-2024.1/plugins/emojipicker/lib/emojipicker.jar
7c8c0c0fc000-7c8c0c100000 ---p 00000000 00:00 0 
7c8c0c100000-7c8c0c1fc000 rw-p 00000000 00:00 0 
7c8c0d600000-7c8c0da00000 rw-s 00000000 08:03 1318161                    /home/ilmi/.cache/JetBrains/PyCharmCE2024.1/index/fastAttributes/IdIndex.index.version.fast
7c8c0dc00000-7c8c0e000000 rw-s 00000000 08:03 1318141                    /home/ilmi/.cache/JetBrains/PyCharmCE2024.1/index/fastAttributes/Stubs.index.version.fast
7c8c0e200000-7c8c0ea00000 rw-s 00000000 08:03 1204087                    /home/ilmi/.cache/JetBrains/PyCharmCE2024.1/caches/names.dat.mmap
7c8c0ea00000-7c8c0ea04000 ---p 00000000 00:00 0 
7c8c0ea04000-7c8c0eb00000 rw-p 00000000 00:00 0 
7c8c0eb00000-7c8c0eb04000 ---p 00000000 00:00 0 
7c8c0eb04000-7c8c0ec00000 rw-p 00000000 00:00 0 
7c8c0ec00000-7c8c0fc00000 rw-s 00000000 08:03 1204088                    /home/ilmi/.cache/JetBrains/PyCharmCE2024.1/caches/attributes.dat
7c8c0fc54000-7c8c0fe00000 r--s 00000000 08:03 1308737                    /home/ilmi/pycharm-community-2024.1/plugins/vcs-hg/lib/vcs-hg.jar
7c8c0fe00000-7c8c13e00000 rw-s 00000000 08:03 1204090                    /home/ilmi/.cache/JetBrains/PyCharmCE2024.1/caches/records.dat
7c8c13e32000-7c8c13f6e000 r--s 00000000 08:03 1315822                    /home/ilmi/pycharm-community-2024.1/plugins/completionMlRanking/lib/completionMlRanking.jar
7c8c13f6e000-7c8c14000000 r--s 00000000 08:03 1308740                    /home/ilmi/pycharm-community-2024.1/plugins/copyright/lib/copyright.jar
7c8c14000000-7c8c18000000 rw-s 00000000 08:03 1204089                    /home/ilmi/.cache/JetBrains/PyCharmCE2024.1/caches/content.dat
7c8c1802c000-7c8c18083000 r--s 00000000 08:03 1315819                    /home/ilmi/pycharm-community-2024.1/plugins/configurationScript/lib/configurationScript.jar
7c8c18083000-7c8c18100000 r--p 00000000 08:03 804086                     /usr/share/fonts/truetype/noto/NotoSansMono-Regular.ttf
7c8c18100000-7c8c18104000 ---p 00000000 00:00 0 
7c8c18104000-7c8c18200000 rw-p 00000000 00:00 0 
7c8c18200000-7c8c18201000 r--p 00000000 08:03 680324                     /usr/lib/x86_64-linux-gnu/libicudata.so.70.1
7c8c18201000-7c8c18202000 r-xp 00001000 08:03 680324                     /usr/lib/x86_64-linux-gnu/libicudata.so.70.1
7c8c18202000-7c8c19e1c000 r--p 00002000 08:03 680324                     /usr/lib/x86_64-linux-gnu/libicudata.so.70.1
7c8c19e1c000-7c8c19e1d000 r--p 01c1b000 08:03 680324                     /usr/lib/x86_64-linux-gnu/libicudata.so.70.1
7c8c19e1d000-7c8c19e1e000 rw-p 01c1c000 08:03 680324                     /usr/lib/x86_64-linux-gnu/libicudata.so.70.1
7c8c19e23000-7c8c19e89000 r--p 00000000 08:03 680334                     /usr/lib/x86_64-linux-gnu/libicuuc.so.70.1
7c8c19e89000-7c8c19f7c000 r-xp 00066000 08:03 680334                     /usr/lib/x86_64-linux-gnu/libicuuc.so.70.1
7c8c19f7c000-7c8c1a008000 r--p 00159000 08:03 680334                     /usr/lib/x86_64-linux-gnu/libicuuc.so.70.1
7c8c1a008000-7c8c1a01b000 r--p 001e4000 08:03 680334                     /usr/lib/x86_64-linux-gnu/libicuuc.so.70.1
7c8c1a01b000-7c8c1a01c000 rw-p 001f7000 08:03 680334                     /usr/lib/x86_64-linux-gnu/libicuuc.so.70.1
7c8c1a01c000-7c8c1a01e000 rw-p 00000000 00:00 0 
7c8c1a01e000-7c8c1a04d000 r--p 00000000 08:03 676702                     /usr/lib/x86_64-linux-gnu/libxml2.so.2.9.13
7c8c1a04d000-7c8c1a1a0000 r-xp 0002f000 08:03 676702                     /usr/lib/x86_64-linux-gnu/libxml2.so.2.9.13
7c8c1a1a0000-7c8c1a1f4000 r--p 00182000 08:03 676702                     /usr/lib/x86_64-linux-gnu/libxml2.so.2.9.13
7c8c1a1f4000-7c8c1a1f5000 ---p 001d6000 08:03 676702                     /usr/lib/x86_64-linux-gnu/libxml2.so.2.9.13
7c8c1a1f5000-7c8c1a1fe000 r--p 001d6000 08:03 676702                     /usr/lib/x86_64-linux-gnu/libxml2.so.2.9.13
7c8c1a1fe000-7c8c1a1ff000 rw-p 001df000 08:03 676702                     /usr/lib/x86_64-linux-gnu/libxml2.so.2.9.13
7c8c1a1ff000-7c8c1a200000 rw-p 00000000 00:00 0 
7c8c1a200000-7c8c1a29a000 r--p 00000000 08:03 681017                     /usr/lib/x86_64-linux-gnu/libstdc++.so.6.0.30
7c8c1a29a000-7c8c1a3ab000 r-xp 0009a000 08:03 681017                     /usr/lib/x86_64-linux-gnu/libstdc++.so.6.0.30
7c8c1a3ab000-7c8c1a41a000 r--p 001ab000 08:03 681017                     /usr/lib/x86_64-linux-gnu/libstdc++.so.6.0.30
7c8c1a41a000-7c8c1a41b000 ---p 0021a000 08:03 681017                     /usr/lib/x86_64-linux-gnu/libstdc++.so.6.0.30
7c8c1a41b000-7c8c1a426000 r--p 0021a000 08:03 681017                     /usr/lib/x86_64-linux-gnu/libstdc++.so.6.0.30
7c8c1a426000-7c8c1a429000 rw-p 00225000 08:03 681017                     /usr/lib/x86_64-linux-gnu/libstdc++.so.6.0.30
7c8c1a429000-7c8c1a42c000 rw-p 00000000 00:00 0 
7c8c1a442000-7c8c1a482000 rw-s 00000000 08:03 1316316                    /home/ilmi/.cache/JetBrains/PyCharmCE2024.1/index/fast_index_stamps/enumerator.mmapped
7c8c1a482000-7c8c1a500000 r--p 00000000 08:03 803959                     /usr/share/fonts/truetype/noto/NotoSans-Regular.ttf
7c8c1a500000-7c8c1a504000 ---p 00000000 00:00 0 
7c8c1a504000-7c8c1a600000 rw-p 00000000 00:00 0 
7c8c1a600000-7c8c20d12000 r-xp 00000000 08:03 679389                     /usr/lib/x86_64-linux-gnu/libLLVM-15.so.1
7c8c20d12000-7c8c21530000 r--p 06711000 08:03 679389                     /usr/lib/x86_64-linux-gnu/libLLVM-15.so.1
7c8c21530000-7c8c21576000 rw-p 06f2f000 08:03 679389                     /usr/lib/x86_64-linux-gnu/libLLVM-15.so.1
7c8c21576000-7c8c215f2000 rw-p 00000000 00:00 0 
7c8c21600000-7c8c21696000 r--p 00000000 08:03 654105                     /usr/lib/x86_64-linux-gnu/dri/swrast_dri.so
7c8c21696000-7c8c22996000 r-xp 00096000 08:03 654105                     /usr/lib/x86_64-linux-gnu/dri/swrast_dri.so
7c8c22996000-7c8c23482000 r--p 01396000 08:03 654105                     /usr/lib/x86_64-linux-gnu/dri/swrast_dri.so
7c8c23482000-7c8c23509000 r--p 01e81000 08:03 654105                     /usr/lib/x86_64-linux-gnu/dri/swrast_dri.so
7c8c23509000-7c8c2351b000 rw-p 01f08000 08:03 654105                     /usr/lib/x86_64-linux-gnu/dri/swrast_dri.so
7c8c2351b000-7c8c236db000 rw-p 00000000 00:00 0 
7c8c23700000-7c8c23800000 rw-s 00000000 08:03 1204093                    /home/ilmi/.cache/JetBrains/PyCharmCE2024.1/caches/content.dat.hashToId
7c8c23800000-7c8c23b03000 r--s 00000000 08:03 1315766                    /home/ilmi/pycharm-community-2024.1/plugins/editorconfig/lib/editorconfig.jar
7c8c23b1c000-7c8c23b2a000 r--s 00000000 08:03 1308721                    /home/ilmi/pycharm-community-2024.1/plugins/color-scheme-twilight/lib/color-scheme-twilight.jar
7c8c23b2a000-7c8c23b38000 r--s 00000000 08:03 1308734                    /home/ilmi/pycharm-community-2024.1/plugins/color-scheme-monokai/lib/color-scheme-monokai.jar
7c8c23b38000-7c8c23bb6000 r--p 00000000 08:03 803959                     /usr/share/fonts/truetype/noto/NotoSans-Regular.ttf
7c8c23bb6000-7c8c23bc4000 r--p 00000000 08:03 681063                     /usr/lib/x86_64-linux-gnu/libtinfo.so.6.3
7c8c23bc4000-7c8c23bd5000 r-xp 0000e000 08:03 681063                     /usr/lib/x86_64-linux-gnu/libtinfo.so.6.3
7c8c23bd5000-7c8c23be3000 r--p 0001f000 08:03 681063                     /usr/lib/x86_64-linux-gnu/libtinfo.so.6.3
7c8c23be3000-7c8c23be7000 r--p 0002c000 08:03 681063                     /usr/lib/x86_64-linux-gnu/libtinfo.so.6.3
7c8c23be7000-7c8c23be8000 rw-p 00030000 08:03 681063                     /usr/lib/x86_64-linux-gnu/libtinfo.so.6.3
7c8c23be8000-7c8c23bf0000 r--p 00000000 08:03 680033                     /usr/lib/x86_64-linux-gnu/libedit.so.2.0.68
7c8c23bf0000-7c8c23c0e000 r-xp 00008000 08:03 680033                     /usr/lib/x86_64-linux-gnu/libedit.so.2.0.68
7c8c23c0e000-7c8c23c1b000 r--p 00026000 08:03 680033                     /usr/lib/x86_64-linux-gnu/libedit.so.2.0.68
7c8c23c1b000-7c8c23c1d000 r--p 00032000 08:03 680033                     /usr/lib/x86_64-linux-gnu/libedit.so.2.0.68
7c8c23c1d000-7c8c23c1e000 rw-p 00034000 08:03 680033                     /usr/lib/x86_64-linux-gnu/libedit.so.2.0.68
7c8c23c1e000-7c8c23c22000 rw-p 00000000 00:00 0 
7c8c23c22000-7c8c23d1d000 r--s 00000000 08:03 659828                     /home/ilmi/pycharm-community-2024.1/plugins/textmate/lib/textmate.jar
7c8c23d1d000-7c8c23d36000 r--p 00000000 08:03 654564                     /usr/lib/x86_64-linux-gnu/libGLX_mesa.so.0.0.0
7c8c23d36000-7c8c23d75000 r-xp 00019000 08:03 654564                     /usr/lib/x86_64-linux-gnu/libGLX_mesa.so.0.0.0
7c8c23d75000-7c8c23d8b000 r--p 00058000 08:03 654564                     /usr/lib/x86_64-linux-gnu/libGLX_mesa.so.0.0.0
7c8c23d8b000-7c8c23d8e000 r--p 0006d000 08:03 654564                     /usr/lib/x86_64-linux-gnu/libGLX_mesa.so.0.0.0
7c8c23d8e000-7c8c23d8f000 rw-p 00070000 08:03 654564                     /usr/lib/x86_64-linux-gnu/libGLX_mesa.so.0.0.0
7c8c23d8f000-7c8c23d90000 rw-p 00000000 00:00 0 
7c8c23d90000-7c8c23dd0000 r--p 00000000 08:03 679144                     /usr/lib/x86_64-linux-gnu/libGLdispatch.so.0.0.0
7c8c23dd0000-7c8c23e0f000 r-xp 00040000 08:03 679144                     /usr/lib/x86_64-linux-gnu/libGLdispatch.so.0.0.0
7c8c23e0f000-7c8c23e22000 r--p 0007f000 08:03 679144                     /usr/lib/x86_64-linux-gnu/libGLdispatch.so.0.0.0
7c8c23e22000-7c8c23e23000 ---p 00092000 08:03 679144                     /usr/lib/x86_64-linux-gnu/libGLdispatch.so.0.0.0
7c8c23e23000-7c8c23e3f000 r--p 00092000 08:03 679144                     /usr/lib/x86_64-linux-gnu/libGLdispatch.so.0.0.0
7c8c23e3f000-7c8c23e40000 rw-p 000ae000 08:03 679144                     /usr/lib/x86_64-linux-gnu/libGLdispatch.so.0.0.0
7c8c23e40000-7c8c23e48000 rw-p 00000000 00:00 0 
7c8c23e48000-7c8c23e8b000 r--p 00000000 08:03 679133                     /usr/lib/x86_64-linux-gnu/libGL.so.1.7.0
7c8c23e8b000-7c8c23eaa000 r-xp 00043000 08:03 679133                     /usr/lib/x86_64-linux-gnu/libGL.so.1.7.0
7c8c23eaa000-7c8c23ebf000 r--p 00062000 08:03 679133                     /usr/lib/x86_64-linux-gnu/libGL.so.1.7.0
7c8c23ebf000-7c8c23ecd000 r--p 00076000 08:03 679133                     /usr/lib/x86_64-linux-gnu/libGL.so.1.7.0
7c8c23ecd000-7c8c23ece000 rw-p 00084000 08:03 679133                     /usr/lib/x86_64-linux-gnu/libGL.so.1.7.0
7c8c23ece000-7c8c23ecf000 rw-p 00000000 00:00 0 
7c8c23ecf000-7c8c23ede000 r--p 00000000 08:03 680170                     /usr/lib/x86_64-linux-gnu/libgcrypt.so.20.3.4
7c8c23ede000-7c8c23fc4000 r-xp 0000f000 08:03 680170                     /usr/lib/x86_64-linux-gnu/libgcrypt.so.20.3.4
7c8c23fc4000-7c8c24002000 r--p 000f5000 08:03 680170                     /usr/lib/x86_64-linux-gnu/libgcrypt.so.20.3.4
7c8c24002000-7c8c24003000 ---p 00133000 08:03 680170                     /usr/lib/x86_64-linux-gnu/libgcrypt.so.20.3.4
7c8c24003000-7c8c24006000 r--p 00133000 08:03 680170                     /usr/lib/x86_64-linux-gnu/libgcrypt.so.20.3.4
7c8c24006000-7c8c2400c000 rw-p 00136000 08:03 680170                     /usr/lib/x86_64-linux-gnu/libgcrypt.so.20.3.4
7c8c2400c000-7c8c2400d000 rw-p 00000000 00:00 0 
7c8c2400d000-7c8c24017000 r--p 00000000 08:03 681322                     /usr/lib/x86_64-linux-gnu/libzstd.so.1.4.8
7c8c24017000-7c8c240c9000 r-xp 0000a000 08:03 681322                     /usr/lib/x86_64-linux-gnu/libzstd.so.1.4.8
7c8c240c9000-7c8c240da000 r--p 000bc000 08:03 681322                     /usr/lib/x86_64-linux-gnu/libzstd.so.1.4.8
7c8c240da000-7c8c240db000 r--p 000cc000 08:03 681322                     /usr/lib/x86_64-linux-gnu/libzstd.so.1.4.8
7c8c240db000-7c8c240dc000 rw-p 000cd000 08:03 681322                     /usr/lib/x86_64-linux-gnu/libzstd.so.1.4.8
7c8c240dc000-7c8c240ef000 r--p 00000000 08:03 654204                     /usr/lib/x86_64-linux-gnu/libsystemd.so.0.32.0
7c8c240ef000-7c8c2416e000 r-xp 00013000 08:03 654204                     /usr/lib/x86_64-linux-gnu/libsystemd.so.0.32.0
7c8c2416e000-7c8c24199000 r--p 00092000 08:03 654204                     /usr/lib/x86_64-linux-gnu/libsystemd.so.0.32.0
7c8c24199000-7c8c2419a000 ---p 000bd000 08:03 654204                     /usr/lib/x86_64-linux-gnu/libsystemd.so.0.32.0
7c8c2419a000-7c8c241a1000 r--p 000bd000 08:03 654204                     /usr/lib/x86_64-linux-gnu/libsystemd.so.0.32.0
7c8c241a1000-7c8c241a2000 rw-p 000c4000 08:03 654204                     /usr/lib/x86_64-linux-gnu/libsystemd.so.0.32.0
7c8c241a2000-7c8c241a3000 rw-p 00000000 00:00 0 
7c8c241a3000-7c8c24203000 r--p 00000000 08:03 680045                     /usr/lib/x86_64-linux-gnu/libepoxy.so.0.0.0
7c8c24203000-7c8c2426c000 r-xp 00060000 08:03 680045                     /usr/lib/x86_64-linux-gnu/libepoxy.so.0.0.0
7c8c2426c000-7c8c242c9000 r--p 000c9000 08:03 680045                     /usr/lib/x86_64-linux-gnu/libepoxy.so.0.0.0
7c8c242c9000-7c8c242d1000 r--p 00125000 08:03 680045                     /usr/lib/x86_64-linux-gnu/libepoxy.so.0.0.0
7c8c242d1000-7c8c242d8000 rw-p 0012d000 08:03 680045                     /usr/lib/x86_64-linux-gnu/libepoxy.so.0.0.0
7c8c242d8000-7c8c242ea000 r--p 00000000 08:03 679885                     /usr/lib/x86_64-linux-gnu/libcairo.so.2.11600.0
7c8c242ea000-7c8c243bd000 r-xp 00012000 08:03 679885                     /usr/lib/x86_64-linux-gnu/libcairo.so.2.11600.0
7c8c243bd000-7c8c243fa000 r--p 000e5000 08:03 679885                     /usr/lib/x86_64-linux-gnu/libcairo.so.2.11600.0
7c8c243fa000-7c8c243fe000 r--p 00121000 08:03 679885                     /usr/lib/x86_64-linux-gnu/libcairo.so.2.11600.0
7c8c243fe000-7c8c243ff000 rw-p 00125000 08:03 679885                     /usr/lib/x86_64-linux-gnu/libcairo.so.2.11600.0
7c8c243ff000-7c8c24400000 rw-p 00000000 00:00 0 
7c8c24400000-7c8c24484000 r--p 00000000 08:03 680276                     /usr/lib/x86_64-linux-gnu/libgtk-3.so.0.2404.29
7c8c24484000-7c8c24807000 r-xp 00084000 08:03 680276                     /usr/lib/x86_64-linux-gnu/libgtk-3.so.0.2404.29
7c8c24807000-7c8c24c12000 r--p 00407000 08:03 680276                     /usr/lib/x86_64-linux-gnu/libgtk-3.so.0.2404.29
7c8c24c12000-7c8c24c22000 r--p 00811000 08:03 680276                     /usr/lib/x86_64-linux-gnu/libgtk-3.so.0.2404.29
7c8c24c22000-7c8c24c24000 rw-p 00821000 08:03 680276                     /usr/lib/x86_64-linux-gnu/libgtk-3.so.0.2404.29
7c8c24c24000-7c8c24c29000 rw-p 00000000 00:00 0 
7c8c24c2a000-7c8c24c33000 r--p 00000000 08:03 680286                     /usr/lib/x86_64-linux-gnu/libharfbuzz.so.0.20704.0
7c8c24c33000-7c8c24cc4000 r-xp 00009000 08:03 680286                     /usr/lib/x86_64-linux-gnu/libharfbuzz.so.0.20704.0
7c8c24cc4000-7c8c24cf6000 r--p 0009a000 08:03 680286                     /usr/lib/x86_64-linux-gnu/libharfbuzz.so.0.20704.0
7c8c24cf6000-7c8c24cf7000 ---p 000cc000 08:03 680286                     /usr/lib/x86_64-linux-gnu/libharfbuzz.so.0.20704.0
7c8c24cf7000-7c8c24cf8000 r--p 000cc000 08:03 680286                     /usr/lib/x86_64-linux-gnu/libharfbuzz.so.0.20704.0
7c8c24cf8000-7c8c24cf9000 rw-p 000cd000 08:03 680286                     /usr/lib/x86_64-linux-gnu/libharfbuzz.so.0.20704.0
7c8c24cf9000-7c8c24d24000 r--p 00000000 08:03 680178                     /usr/lib/x86_64-linux-gnu/libgdk-3.so.0.2404.29
7c8c24d24000-7c8c24da7000 r-xp 0002b000 08:03 680178                     /usr/lib/x86_64-linux-gnu/libgdk-3.so.0.2404.29
7c8c24da7000-7c8c24df4000 r--p 000ae000 08:03 680178                     /usr/lib/x86_64-linux-gnu/libgdk-3.so.0.2404.29
7c8c24df4000-7c8c24dfd000 r--p 000fa000 08:03 680178                     /usr/lib/x86_64-linux-gnu/libgdk-3.so.0.2404.29
7c8c24dfd000-7c8c24dff000 rw-p 00103000 08:03 680178                     /usr/lib/x86_64-linux-gnu/libgdk-3.so.0.2404.29
7c8c24dff000-7c8c24e00000 rw-p 00000000 00:00 0 
7c8c24e00000-7c8c25934000 r--s 00000000 08:03 1315735                    /home/ilmi/pycharm-community-2024.1/plugins/vcs-gitlab/lib/vcs-gitlab.jar
7c8c25934000-7c8c2593f000 r--s 00000000 08:03 659825                     /home/ilmi/pycharm-community-2024.1/plugins/color-scheme-warmNeon/lib/color-scheme-warmNeon.jar
7c8c2593f000-7c8c2594d000 r--s 00000000 08:03 1315816                    /home/ilmi/pycharm-community-2024.1/plugins/color-scheme-github/lib/color-scheme-github.jar
7c8c2594d000-7c8c2594f000 r--p 00000000 08:03 680731                     /usr/lib/x86_64-linux-gnu/libpciaccess.so.0.11.1
7c8c2594f000-7c8c25954000 r-xp 00002000 08:03 680731                     /usr/lib/x86_64-linux-gnu/libpciaccess.so.0.11.1
7c8c25954000-7c8c25956000 r--p 00007000 08:03 680731                     /usr/lib/x86_64-linux-gnu/libpciaccess.so.0.11.1
7c8c25956000-7c8c25957000 r--p 00008000 08:03 680731                     /usr/lib/x86_64-linux-gnu/libpciaccess.so.0.11.1
7c8c25957000-7c8c25958000 rw-p 00009000 08:03 680731                     /usr/lib/x86_64-linux-gnu/libpciaccess.so.0.11.1
7c8c25958000-7c8c2595b000 r--p 00000000 08:03 680166                     /usr/lib/x86_64-linux-gnu/libgcc_s.so.1
7c8c2595b000-7c8c25972000 r-xp 00003000 08:03 680166                     /usr/lib/x86_64-linux-gnu/libgcc_s.so.1
7c8c25972000-7c8c25976000 r--p 0001a000 08:03 680166                     /usr/lib/x86_64-linux-gnu/libgcc_s.so.1
7c8c25976000-7c8c25977000 r--p 0001d000 08:03 680166                     /usr/lib/x86_64-linux-gnu/libgcc_s.so.1
7c8c25977000-7c8c25978000 rw-p 0001e000 08:03 680166                     /usr/lib/x86_64-linux-gnu/libgcc_s.so.1
7c8c25978000-7c8c25aff000 r--s 00000000 08:03 1308724                    /home/ilmi/pycharm-community-2024.1/plugins/yaml/lib/yaml.jar
7c8c25aff000-7c8c25b03000 ---p 00000000 00:00 0 
7c8c25b03000-7c8c25bff000 rw-p 00000000 00:00 0 
7c8c25bff000-7c8c25c03000 ---p 00000000 00:00 0 
7c8c25c03000-7c8c25cff000 rw-p 00000000 00:00 0 
7c8c25cff000-7c8c25d03000 ---p 00000000 00:00 0 
7c8c25d03000-7c8c25dff000 rw-p 00000000 00:00 0 
7c8c25dff000-7c8c25e03000 ---p 00000000 00:00 0 
7c8c25e03000-7c8c26000000 rw-p 00000000 00:00 0 
7c8c26000000-7c8c269a8000 r--s 00000000 08:03 1315788                    /home/ilmi/pycharm-community-2024.1/plugins/cwm-plugin/lib/cwm-common.jar
7c8c269ad000-7c8c269b0000 r--p 00000000 08:03 680011                     /usr/lib/x86_64-linux-gnu/libdrm_intel.so.1.0.0
7c8c269b0000-7c8c269c7000 r-xp 00003000 08:03 680011                     /usr/lib/x86_64-linux-gnu/libdrm_intel.so.1.0.0
7c8c269c7000-7c8c269d1000 r--p 0001a000 08:03 680011                     /usr/lib/x86_64-linux-gnu/libdrm_intel.so.1.0.0
7c8c269d1000-7c8c269d2000 r--p 00023000 08:03 680011                     /usr/lib/x86_64-linux-gnu/libdrm_intel.so.1.0.0
7c8c269d2000-7c8c269d3000 rw-p 00024000 08:03 680011                     /usr/lib/x86_64-linux-gnu/libdrm_intel.so.1.0.0
7c8c269d3000-7c8c269d6000 r--p 00000000 08:03 680040                     /usr/lib/x86_64-linux-gnu/libelf-0.186.so
7c8c269d6000-7c8c269ea000 r-xp 00003000 08:03 680040                     /usr/lib/x86_64-linux-gnu/libelf-0.186.so
7c8c269ea000-7c8c269ee000 r--p 00017000 08:03 680040                     /usr/lib/x86_64-linux-gnu/libelf-0.186.so
7c8c269ee000-7c8c269ef000 ---p 0001b000 08:03 680040                     /usr/lib/x86_64-linux-gnu/libelf-0.186.so
7c8c269ef000-7c8c269f0000 r--p 0001b000 08:03 680040                     /usr/lib/x86_64-linux-gnu/libelf-0.186.so
7c8c269f0000-7c8c269f1000 rw-p 0001c000 08:03 680040                     /usr/lib/x86_64-linux-gnu/libelf-0.186.so
7c8c269f1000-7c8c269f3000 r--p 00000000 08:03 680015                     /usr/lib/x86_64-linux-gnu/libdrm_radeon.so.1.0.1
7c8c269f3000-7c8c269fa000 r-xp 00002000 08:03 680015                     /usr/lib/x86_64-linux-gnu/libdrm_radeon.so.1.0.1
7c8c269fa000-7c8c269fe000 r--p 00009000 08:03 680015                     /usr/lib/x86_64-linux-gnu/libdrm_radeon.so.1.0.1
7c8c269fe000-7c8c269ff000 r--p 0000c000 08:03 680015                     /usr/lib/x86_64-linux-gnu/libdrm_radeon.so.1.0.1
7c8c269ff000-7c8c26a00000 rw-p 0000d000 08:03 680015                     /usr/lib/x86_64-linux-gnu/libdrm_radeon.so.1.0.1
7c8c26a00000-7c8c27063000 r--s 00000000 08:03 1315799                    /home/ilmi/pycharm-community-2024.1/plugins/cwm-plugin/lib/cwm-model.jar
7c8c27063000-7c8c27066000 r--p 00000000 08:03 680009                     /usr/lib/x86_64-linux-gnu/libdrm_amdgpu.so.1.0.0
7c8c27066000-7c8c2706b000 r-xp 00003000 08:03 680009                     /usr/lib/x86_64-linux-gnu/libdrm_amdgpu.so.1.0.0
7c8c2706b000-7c8c2706d000 r--p 00008000 08:03 680009                     /usr/lib/x86_64-linux-gnu/libdrm_amdgpu.so.1.0.0
7c8c2706d000-7c8c2706e000 r--p 00009000 08:03 680009                     /usr/lib/x86_64-linux-gnu/libdrm_amdgpu.so.1.0.0
7c8c2706e000-7c8c2706f000 rw-p 0000a000 08:03 680009                     /usr/lib/x86_64-linux-gnu/libdrm_amdgpu.so.1.0.0
7c8c2706f000-7c8c27071000 r--p 00000000 08:03 680924                     /usr/lib/x86_64-linux-gnu/libsensors.so.5.0.0
7c8c27071000-7c8c27078000 r-xp 00002000 08:03 680924                     /usr/lib/x86_64-linux-gnu/libsensors.so.5.0.0
7c8c27078000-7c8c2707c000 r--p 00009000 08:03 680924                     /usr/lib/x86_64-linux-gnu/libsensors.so.5.0.0
7c8c2707c000-7c8c2707d000 ---p 0000d000 08:03 680924                     /usr/lib/x86_64-linux-gnu/libsensors.so.5.0.0
7c8c2707d000-7c8c2707e000 r--p 0000d000 08:03 680924                     /usr/lib/x86_64-linux-gnu/libsensors.so.5.0.0
7c8c2707e000-7c8c2707f000 rw-p 0000e000 08:03 680924                     /usr/lib/x86_64-linux-gnu/libsensors.so.5.0.0
7c8c2707f000-7c8c27083000 r--p 00000000 08:03 680384                     /usr/lib/x86_64-linux-gnu/libjpeg.so.8.2.2
7c8c27083000-7c8c270cc000 r-xp 00004000 08:03 680384                     /usr/lib/x86_64-linux-gnu/libjpeg.so.8.2.2
7c8c270cc000-7c8c270fe000 r--p 0004d000 08:03 680384                     /usr/lib/x86_64-linux-gnu/libjpeg.so.8.2.2
7c8c270fe000-7c8c270ff000 r--p 0007e000 08:03 680384                     /usr/lib/x86_64-linux-gnu/libjpeg.so.8.2.2
7c8c270ff000-7c8c27100000 rw-p 0007f000 08:03 680384                     /usr/lib/x86_64-linux-gnu/libjpeg.so.8.2.2
7c8c27100000-7c8c27104000 ---p 00000000 00:00 0 
7c8c27104000-7c8c27200000 rw-p 00000000 00:00 0 
7c8c27200000-7c8c286b6000 r--s 00000000 08:03 1315810                    /home/ilmi/pycharm-community-2024.1/plugins/cwm-plugin/lib/cwm-host.jar
7c8c286b6000-7c8c286b8000 r--p 00000000 08:03 680013                     /usr/lib/x86_64-linux-gnu/libdrm_nouveau.so.2.0.0
7c8c286b8000-7c8c286bd000 r-xp 00002000 08:03 680013                     /usr/lib/x86_64-linux-gnu/libdrm_nouveau.so.2.0.0
7c8c286bd000-7c8c286bf000 r--p 00007000 08:03 680013                     /usr/lib/x86_64-linux-gnu/libdrm_nouveau.so.2.0.0
7c8c286bf000-7c8c286c0000 r--p 00008000 08:03 680013                     /usr/lib/x86_64-linux-gnu/libdrm_nouveau.so.2.0.0
7c8c286c0000-7c8c286c1000 rw-p 00009000 08:03 680013                     /usr/lib/x86_64-linux-gnu/libdrm_nouveau.so.2.0.0
7c8c286c1000-7c8c286c4000 r--p 00000000 08:03 681268                     /usr/lib/x86_64-linux-gnu/libxcb-xfixes.so.0.0.0
7c8c286c4000-7c8c286c7000 r-xp 00003000 08:03 681268                     /usr/lib/x86_64-linux-gnu/libxcb-xfixes.so.0.0.0
7c8c286c7000-7c8c286c8000 r--p 00006000 08:03 681268                     /usr/lib/x86_64-linux-gnu/libxcb-xfixes.so.0.0.0
7c8c286c8000-7c8c286c9000 ---p 00007000 08:03 681268                     /usr/lib/x86_64-linux-gnu/libxcb-xfixes.so.0.0.0
7c8c286c9000-7c8c286ca000 r--p 00007000 08:03 681268                     /usr/lib/x86_64-linux-gnu/libxcb-xfixes.so.0.0.0
7c8c286ca000-7c8c286cb000 rw-p 00008000 08:03 681268                     /usr/lib/x86_64-linux-gnu/libxcb-xfixes.so.0.0.0
7c8c286cb000-7c8c286d8000 r--p 00000000 08:03 658998                     /usr/lib/x86_64-linux-gnu/libglapi.so.0.0.0
7c8c286d8000-7c8c286e6000 r-xp 0000d000 08:03 658998                     /usr/lib/x86_64-linux-gnu/libglapi.so.0.0.0
7c8c286e6000-7c8c286fa000 r--p 0001b000 08:03 658998                     /usr/lib/x86_64-linux-gnu/libglapi.so.0.0.0
7c8c286fa000-7c8c286fb000 ---p 0002f000 08:03 658998                     /usr/lib/x86_64-linux-gnu/libglapi.so.0.0.0
7c8c286fb000-7c8c286ff000 r--p 0002f000 08:03 658998                     /usr/lib/x86_64-linux-gnu/libglapi.so.0.0.0
7c8c286ff000-7c8c28700000 rw-p 00033000 08:03 658998                     /usr/lib/x86_64-linux-gnu/libglapi.so.0.0.0
7c8c28700000-7c8c28704000 ---p 00000000 00:00 0 
7c8c28704000-7c8c28800000 rw-p 00000000 00:00 0 
7c8c28800000-7c8c2945e000 r--s 00000000 08:03 1308728                    /home/ilmi/pycharm-community-2024.1/plugins/vcs-git/lib/vcs-git.jar
7c8c2945f000-7c8c2952a000 r--s 00000000 08:03 1315741                    /home/ilmi/pycharm-community-2024.1/plugins/platform-images/lib/platform-images.jar
7c8c2952a000-7c8c29600000 r--s 00000000 08:03 1315792                    /home/ilmi/pycharm-community-2024.1/plugins/cwm-plugin/lib/cwm-host-unattended.jar
7c8c29600000-7c8c2afb8000 r--s 00000000 08:03 1315789                    /home/ilmi/pycharm-community-2024.1/plugins/cwm-plugin/lib/rd.jar
7c8c2afb9000-7c8c2afc0000 r--p 00000000 08:03 681250                     /usr/lib/x86_64-linux-gnu/libxcb-randr.so.0.1.0
7c8c2afc0000-7c8c2afc6000 r-xp 00007000 08:03 681250                     /usr/lib/x86_64-linux-gnu/libxcb-randr.so.0.1.0
7c8c2afc6000-7c8c2afc9000 r--p 0000d000 08:03 681250                     /usr/lib/x86_64-linux-gnu/libxcb-randr.so.0.1.0
7c8c2afc9000-7c8c2afca000 ---p 00010000 08:03 681250                     /usr/lib/x86_64-linux-gnu/libxcb-randr.so.0.1.0
7c8c2afca000-7c8c2afcb000 r--p 00010000 08:03 681250                     /usr/lib/x86_64-linux-gnu/libxcb-randr.so.0.1.0
7c8c2afcb000-7c8c2afcc000 rw-p 00011000 08:03 681250                     /usr/lib/x86_64-linux-gnu/libxcb-randr.so.0.1.0
7c8c2afcc000-7c8c2afcf000 r--p 00000000 08:03 679139                     /usr/lib/x86_64-linux-gnu/libGLX.so.0.0.0
7c8c2afcf000-7c8c2afea000 r-xp 00003000 08:03 679139                     /usr/lib/x86_64-linux-gnu/libGLX.so.0.0.0
7c8c2afea000-7c8c2afed000 r--p 0001e000 08:03 679139                     /usr/lib/x86_64-linux-gnu/libGLX.so.0.0.0
7c8c2afed000-7c8c2afee000 ---p 00021000 08:03 679139                     /usr/lib/x86_64-linux-gnu/libGLX.so.0.0.0
7c8c2afee000-7c8c2afef000 r--p 00021000 08:03 679139                     /usr/lib/x86_64-linux-gnu/libGLX.so.0.0.0
7c8c2afef000-7c8c2aff0000 rw-p 00022000 08:03 679139                     /usr/lib/x86_64-linux-gnu/libGLX.so.0.0.0
7c8c2aff0000-7c8c2b000000 rw-p 00000000 00:00 0 
7c8c2b000000-7c8c2b474000 r--s 00000000 08:03 1315763                    /home/ilmi/pycharm-community-2024.1/plugins/searchEverywhereMl/lib/searchEverywhereMl.jar
7c8c2b474000-7c8c2b47e000 r--p 00000000 08:03 680754                     /usr/lib/x86_64-linux-gnu/libpixman-1.so.0.40.0
7c8c2b47e000-7c8c2b504000 r-xp 0000a000 08:03 680754                     /usr/lib/x86_64-linux-gnu/libpixman-1.so.0.40.0
7c8c2b504000-7c8c2b516000 r--p 00090000 08:03 680754                     /usr/lib/x86_64-linux-gnu/libpixman-1.so.0.40.0
7c8c2b516000-7c8c2b51e000 r--p 000a1000 08:03 680754                     /usr/lib/x86_64-linux-gnu/libpixman-1.so.0.40.0
7c8c2b51e000-7c8c2b51f000 rw-p 000a9000 08:03 680754                     /usr/lib/x86_64-linux-gnu/libpixman-1.so.0.40.0
7c8c2b51f000-7c8c2b600000 r--s 00000000 08:03 1315796                    /home/ilmi/pycharm-community-2024.1/plugins/cwm-plugin/lib/bouncy-castle-pgp.jar
7c8c2b600000-7c8c2c03c000 r--s 00000000 08:03 659872                     /home/ilmi/pycharm-community-2024.1/plugins/vcs-github/lib/vcs-github.jar
7c8c2c041000-7c8c2c044000 r--p 00000000 08:03 681264                     /usr/lib/x86_64-linux-gnu/libxcb-sync.so.1.0.0
7c8c2c044000-7c8c2c047000 r-xp 00003000 08:03 681264                     /usr/lib/x86_64-linux-gnu/libxcb-sync.so.1.0.0
7c8c2c047000-7c8c2c048000 r--p 00006000 08:03 681264                     /usr/lib/x86_64-linux-gnu/libxcb-sync.so.1.0.0
7c8c2c048000-7c8c2c049000 ---p 00007000 08:03 681264                     /usr/lib/x86_64-linux-gnu/libxcb-sync.so.1.0.0
7c8c2c049000-7c8c2c04a000 r--p 00007000 08:03 681264                     /usr/lib/x86_64-linux-gnu/libxcb-sync.so.1.0.0
7c8c2c04a000-7c8c2c04b000 rw-p 00008000 08:03 681264                     /usr/lib/x86_64-linux-gnu/libxcb-sync.so.1.0.0
7c8c2c04b000-7c8c2c056000 r--p 00000000 08:03 681240                     /usr/lib/x86_64-linux-gnu/libxcb-glx.so.0.0.0
7c8c2c056000-7c8c2c05f000 r-xp 0000b000 08:03 681240                     /usr/lib/x86_64-linux-gnu/libxcb-glx.so.0.0.0
7c8c2c05f000-7c8c2c064000 r--p 00014000 08:03 681240                     /usr/lib/x86_64-linux-gnu/libxcb-glx.so.0.0.0
7c8c2c064000-7c8c2c065000 ---p 00019000 08:03 681240                     /usr/lib/x86_64-linux-gnu/libxcb-glx.so.0.0.0
7c8c2c065000-7c8c2c067000 r--p 00019000 08:03 681240                     /usr/lib/x86_64-linux-gnu/libxcb-glx.so.0.0.0
7c8c2c067000-7c8c2c068000 rw-p 0001b000 08:03 681240                     /usr/lib/x86_64-linux-gnu/libxcb-glx.so.0.0.0
7c8c2c068000-7c8c2c06c000 r--p 00000000 08:03 680208                     /usr/lib/x86_64-linux-gnu/libgpg-error.so.0.32.1
7c8c2c06c000-7c8c2c082000 r-xp 00004000 08:03 680208                     /usr/lib/x86_64-linux-gnu/libgpg-error.so.0.32.1
7c8c2c082000-7c8c2c08c000 r--p 0001a000 08:03 680208                     /usr/lib/x86_64-linux-gnu/libgpg-error.so.0.32.1
7c8c2c08c000-7c8c2c08d000 r--p 00023000 08:03 680208                     /usr/lib/x86_64-linux-gnu/libgpg-error.so.0.32.1
7c8c2c08d000-7c8c2c08e000 rw-p 00024000 08:03 680208                     /usr/lib/x86_64-linux-gnu/libgpg-error.so.0.32.1
7c8c2c08e000-7c8c2c090000 r--p 00000000 08:03 680496                     /usr/lib/x86_64-linux-gnu/liblz4.so.1.9.3
7c8c2c090000-7c8c2c0a9000 r-xp 00002000 08:03 680496                     /usr/lib/x86_64-linux-gnu/liblz4.so.1.9.3
7c8c2c0a9000-7c8c2c0ab000 r--p 0001b000 08:03 680496                     /usr/lib/x86_64-linux-gnu/liblz4.so.1.9.3
7c8c2c0ab000-7c8c2c0ac000 ---p 0001d000 08:03 680496                     /usr/lib/x86_64-linux-gnu/liblz4.so.1.9.3
7c8c2c0ac000-7c8c2c0ad000 r--p 0001d000 08:03 680496                     /usr/lib/x86_64-linux-gnu/liblz4.so.1.9.3
7c8c2c0ad000-7c8c2c0ae000 rw-p 0001e000 08:03 680496                     /usr/lib/x86_64-linux-gnu/liblz4.so.1.9.3
7c8c2c0ae000-7c8c2c200000 r--s 00000000 08:03 1315769                    /home/ilmi/pycharm-community-2024.1/plugins/sh/lib/sh.jar
7c8c2c200000-7c8c2f6c0000 r--s 00000000 08:03 1315744                    /home/ilmi/pycharm-community-2024.1/plugins/terminal/lib/terminal.jar
7c8c2f6c5000-7c8c2f6c7000 r--p 00000000 08:03 681238                     /usr/lib/x86_64-linux-gnu/libxcb-dri3.so.0.0.0
7c8c2f6c7000-7c8c2f6c9000 r-xp 00002000 08:03 681238                     /usr/lib/x86_64-linux-gnu/libxcb-dri3.so.0.0.0
7c8c2f6c9000-7c8c2f6ca000 r--p 00004000 08:03 681238                     /usr/lib/x86_64-linux-gnu/libxcb-dri3.so.0.0.0
7c8c2f6ca000-7c8c2f6cb000 r--p 00004000 08:03 681238                     /usr/lib/x86_64-linux-gnu/libxcb-dri3.so.0.0.0
7c8c2f6cb000-7c8c2f6cc000 rw-p 00005000 08:03 681238                     /usr/lib/x86_64-linux-gnu/libxcb-dri3.so.0.0.0
7c8c2f6cc000-7c8c2f6cf000 r--p 00000000 08:03 680498                     /usr/lib/x86_64-linux-gnu/liblzma.so.5.2.5
7c8c2f6cf000-7c8c2f6ea000 r-xp 00003000 08:03 680498                     /usr/lib/x86_64-linux-gnu/liblzma.so.5.2.5
7c8c2f6ea000-7c8c2f6f5000 r--p 0001e000 08:03 680498                     /usr/lib/x86_64-linux-gnu/liblzma.so.5.2.5
7c8c2f6f5000-7c8c2f6f6000 r--p 00028000 08:03 680498                     /usr/lib/x86_64-linux-gnu/liblzma.so.5.2.5
7c8c2f6f6000-7c8c2f6f7000 rw-p 00029000 08:03 680498                     /usr/lib/x86_64-linux-gnu/liblzma.so.5.2.5
7c8c2f6f7000-7c8c2f800000 r--s 00000000 08:03 1315801                    /home/ilmi/pycharm-community-2024.1/plugins/cwm-plugin/lib/ice4j.jar
7c8c2f800000-7c8c323bf000 r--s 00000000 08:03 1315772                    /home/ilmi/pycharm-community-2024.1/plugins/qodana/lib/qodana.jar
7c8c323c3000-7c8c323c8000 r--p 00000000 08:03 680007                     /usr/lib/x86_64-linux-gnu/libdrm.so.2.4.0
7c8c323c8000-7c8c323d3000 r-xp 00005000 08:03 680007                     /usr/lib/x86_64-linux-gnu/libdrm.so.2.4.0
7c8c323d3000-7c8c323d7000 r--p 00010000 08:03 680007                     /usr/lib/x86_64-linux-gnu/libdrm.so.2.4.0
7c8c323d7000-7c8c323d8000 r--p 00013000 08:03 680007                     /usr/lib/x86_64-linux-gnu/libdrm.so.2.4.0
7c8c323d8000-7c8c323d9000 rw-p 00014000 08:03 680007                     /usr/lib/x86_64-linux-gnu/libdrm.so.2.4.0
7c8c323d9000-7c8c323dc000 r--p 00000000 08:03 680225                     /usr/lib/x86_64-linux-gnu/libgraphite2.so.3.2.1
7c8c323dc000-7c8c323f9000 r-xp 00003000 08:03 680225                     /usr/lib/x86_64-linux-gnu/libgraphite2.so.3.2.1
7c8c323f9000-7c8c323fd000 r--p 00020000 08:03 680225                     /usr/lib/x86_64-linux-gnu/libgraphite2.so.3.2.1
7c8c323fd000-7c8c323ff000 r--p 00023000 08:03 680225                     /usr/lib/x86_64-linux-gnu/libgraphite2.so.3.2.1
7c8c323ff000-7c8c32400000 rw-p 00025000 08:03 680225                     /usr/lib/x86_64-linux-gnu/libgraphite2.so.3.2.1
7c8c32400000-7c8c32b59000 r--s 00000000 08:03 1308712                    /home/ilmi/pycharm-community-2024.1/plugins/tasks/lib/tasks-core.jar
7c8c32b5a000-7c8c32b5b000 r--p 00000000 08:03 681248                     /usr/lib/x86_64-linux-gnu/libxcb-present.so.0.0.0
7c8c32b5b000-7c8c32b5c000 r-xp 00001000 08:03 681248                     /usr/lib/x86_64-linux-gnu/libxcb-present.so.0.0.0
7c8c32b5c000-7c8c32b5d000 r--p 00002000 08:03 681248                     /usr/lib/x86_64-linux-gnu/libxcb-present.so.0.0.0
7c8c32b5d000-7c8c32b5e000 r--p 00002000 08:03 681248                     /usr/lib/x86_64-linux-gnu/libxcb-present.so.0.0.0
7c8c32b5e000-7c8c32b5f000 rw-p 00003000 08:03 681248                     /usr/lib/x86_64-linux-gnu/libxcb-present.so.0.0.0
7c8c32b5f000-7c8c32b60000 r--p 00000000 08:03 681298                     /usr/lib/x86_64-linux-gnu/libxshmfence.so.1.0.0
7c8c32b60000-7c8c32b61000 r-xp 00001000 08:03 681298                     /usr/lib/x86_64-linux-gnu/libxshmfence.so.1.0.0
7c8c32b61000-7c8c32b62000 r--p 00002000 08:03 681298                     /usr/lib/x86_64-linux-gnu/libxshmfence.so.1.0.0
7c8c32b62000-7c8c32b63000 r--p 00002000 08:03 681298                     /usr/lib/x86_64-linux-gnu/libxshmfence.so.1.0.0
7c8c32b63000-7c8c32b64000 rw-p 00003000 08:03 681298                     /usr/lib/x86_64-linux-gnu/libxshmfence.so.1.0.0
7c8c32b64000-7c8c32b65000 r--p 00000000 08:03 679605                     /usr/lib/x86_64-linux-gnu/libXxf86vm.so.1.0.0
7c8c32b65000-7c8c32b68000 r-xp 00001000 08:03 679605                     /usr/lib/x86_64-linux-gnu/libXxf86vm.so.1.0.0
7c8c32b68000-7c8c32b69000 r--p 00004000 08:03 679605                     /usr/lib/x86_64-linux-gnu/libXxf86vm.so.1.0.0
7c8c32b69000-7c8c32b6a000 r--p 00004000 08:03 679605                     /usr/lib/x86_64-linux-gnu/libXxf86vm.so.1.0.0
7c8c32b6a000-7c8c32b6b000 rw-p 00005000 08:03 679605                     /usr/lib/x86_64-linux-gnu/libXxf86vm.so.1.0.0
7c8c32b6b000-7c8c32b76000 r--p 00000000 08:03 679949                     /usr/lib/x86_64-linux-gnu/libdbus-1.so.3.19.13
7c8c32b76000-7c8c32ba4000 r-xp 0000b000 08:03 679949                     /usr/lib/x86_64-linux-gnu/libdbus-1.so.3.19.13
7c8c32ba4000-7c8c32bb6000 r--p 00039000 08:03 679949                     /usr/lib/x86_64-linux-gnu/libdbus-1.so.3.19.13
7c8c32bb6000-7c8c32bb7000 ---p 0004b000 08:03 679949                     /usr/lib/x86_64-linux-gnu/libdbus-1.so.3.19.13
7c8c32bb7000-7c8c32bb8000 r--p 0004b000 08:03 679949                     /usr/lib/x86_64-linux-gnu/libdbus-1.so.3.19.13
7c8c32bb8000-7c8c32bb9000 rw-p 0004c000 08:03 679949                     /usr/lib/x86_64-linux-gnu/libdbus-1.so.3.19.13
7c8c32bb9000-7c8c32bbd000 r--p 00000000 08:03 681284                     /usr/lib/x86_64-linux-gnu/libxkbcommon.so.0.0.0
7c8c32bbd000-7c8c32bdc000 r-xp 00004000 08:03 681284                     /usr/lib/x86_64-linux-gnu/libxkbcommon.so.0.0.0
7c8c32bdc000-7c8c32bfd000 r--p 00023000 08:03 681284                     /usr/lib/x86_64-linux-gnu/libxkbcommon.so.0.0.0
7c8c32bfd000-7c8c32bff000 r--p 00043000 08:03 681284                     /usr/lib/x86_64-linux-gnu/libxkbcommon.so.0.0.0
7c8c32bff000-7c8c32c00000 rw-p 00045000 08:03 681284                     /usr/lib/x86_64-linux-gnu/libxkbcommon.so.0.0.0
7c8c32c00000-7c8c330cd000 r--s 00000000 08:03 1308743                    /home/ilmi/pycharm-community-2024.1/plugins/markdown/lib/markdown.jar
7c8c330cf000-7c8c330d1000 r--p 00000000 08:03 681236                     /usr/lib/x86_64-linux-gnu/libxcb-dri2.so.0.0.0
7c8c330d1000-7c8c330d3000 r-xp 00002000 08:03 681236                     /usr/lib/x86_64-linux-gnu/libxcb-dri2.so.0.0.0
7c8c330d3000-7c8c330d4000 r--p 00004000 08:03 681236                     /usr/lib/x86_64-linux-gnu/libxcb-dri2.so.0.0.0
7c8c330d4000-7c8c330d5000 r--p 00004000 08:03 681236                     /usr/lib/x86_64-linux-gnu/libxcb-dri2.so.0.0.0
7c8c330d5000-7c8c330d6000 rw-p 00005000 08:03 681236                     /usr/lib/x86_64-linux-gnu/libxcb-dri2.so.0.0.0
7c8c330d6000-7c8c330d9000 r--p 00000000 08:03 679891                     /usr/lib/x86_64-linux-gnu/libcap.so.2.44
7c8c330d9000-7c8c330dd000 r-xp 00003000 08:03 679891                     /usr/lib/x86_64-linux-gnu/libcap.so.2.44
7c8c330dd000-7c8c330df000 r--p 00007000 08:03 679891                     /usr/lib/x86_64-linux-gnu/libcap.so.2.44
7c8c330df000-7c8c330e0000 r--p 00008000 08:03 679891                     /usr/lib/x86_64-linux-gnu/libcap.so.2.44
7c8c330e0000-7c8c330e1000 rw-p 00009000 08:03 679891                     /usr/lib/x86_64-linux-gnu/libcap.so.2.44
7c8c330e1000-7c8c33200000 r--s 00000000 08:03 1308715                    /home/ilmi/pycharm-community-2024.1/plugins/properties/lib/properties.jar
7c8c33200000-7c8c36429000 r--s 00000000 08:03 1308746                    /home/ilmi/pycharm-community-2024.1/plugins/python-ce/lib/python-ce.jar
7c8c36429000-7c8c3642b000 r--p 00000000 08:03 681050                     /usr/lib/x86_64-linux-gnu/libthai.so.0.3.1
7c8c3642b000-7c8c3642f000 r-xp 00002000 08:03 681050                     /usr/lib/x86_64-linux-gnu/libthai.so.0.3.1
7c8c3642f000-7c8c36432000 r--p 00006000 08:03 681050                     /usr/lib/x86_64-linux-gnu/libthai.so.0.3.1
7c8c36432000-7c8c36433000 r--p 00008000 08:03 681050                     /usr/lib/x86_64-linux-gnu/libthai.so.0.3.1
7c8c36433000-7c8c36434000 rw-p 00009000 08:03 681050                     /usr/lib/x86_64-linux-gnu/libthai.so.0.3.1
7c8c36434000-7c8c36443000 r--p 00000000 08:03 679789                     /usr/lib/x86_64-linux-gnu/libatspi.so.0.0.1
7c8c36443000-7c8c3645c000 r-xp 0000f000 08:03 679789                     /usr/lib/x86_64-linux-gnu/libatspi.so.0.0.1
7c8c3645c000-7c8c3646a000 r--p 00028000 08:03 679789                     /usr/lib/x86_64-linux-gnu/libatspi.so.0.0.1
7c8c3646a000-7c8c3646d000 r--p 00035000 08:03 679789                     /usr/lib/x86_64-linux-gnu/libatspi.so.0.0.1
7c8c3646d000-7c8c3646e000 rw-p 00038000 08:03 679789                     /usr/lib/x86_64-linux-gnu/libatspi.so.0.0.1
7c8c3646e000-7c8c36600000 r--s 00000000 08:03 1315813                    /home/ilmi/pycharm-community-2024.1/plugins/settingsSync/lib/settingsSync.jar
7c8c36600000-7c8c36d80000 r--s 00000000 08:03 659859                     /home/ilmi/pycharm-community-2024.1/plugins/pycharm-community-customization/lib/pycharm-community-customization.jar
7c8c36d80000-7c8c36d81000 r--p 00000000 08:03 677325                     /usr/lib/x86_64-linux-gnu/libX11-xcb.so.1.0.0
7c8c36d81000-7c8c36d82000 r-xp 00001000 08:03 677325                     /usr/lib/x86_64-linux-gnu/libX11-xcb.so.1.0.0
7c8c36d82000-7c8c36d83000 r--p 00002000 08:03 677325                     /usr/lib/x86_64-linux-gnu/libX11-xcb.so.1.0.0
7c8c36d83000-7c8c36d84000 r--p 00002000 08:03 677325                     /usr/lib/x86_64-linux-gnu/libX11-xcb.so.1.0.0
7c8c36d84000-7c8c36d85000 rw-p 00003000 08:03 677325                     /usr/lib/x86_64-linux-gnu/libX11-xcb.so.1.0.0
7c8c36d85000-7c8c36d86000 r--p 00000000 08:03 680274                     /usr/lib/x86_64-linux-gnu/libgthread-2.0.so.0.7200.4
7c8c36d86000-7c8c36d87000 r-xp 00001000 08:03 680274                     /usr/lib/x86_64-linux-gnu/libgthread-2.0.so.0.7200.4
7c8c36d87000-7c8c36d88000 r--p 00002000 08:03 680274                     /usr/lib/x86_64-linux-gnu/libgthread-2.0.so.0.7200.4
7c8c36d88000-7c8c36d89000 r--p 00002000 08:03 680274                     /usr/lib/x86_64-linux-gnu/libgthread-2.0.so.0.7200.4
7c8c36d89000-7c8c36d8a000 rw-p 00003000 08:03 680274                     /usr/lib/x86_64-linux-gnu/libgthread-2.0.so.0.7200.4
7c8c36d8a000-7c8c36d8f000 r--p 00000000 08:03 681256                     /usr/lib/x86_64-linux-gnu/libxcb-render.so.0.0.0
7c8c36d8f000-7c8c36d94000 r-xp 00005000 08:03 681256                     /usr/lib/x86_64-linux-gnu/libxcb-render.so.0.0.0
7c8c36d94000-7c8c36d96000 r--p 0000a000 08:03 681256                     /usr/lib/x86_64-linux-gnu/libxcb-render.so.0.0.0
7c8c36d96000-7c8c36d97000 ---p 0000c000 08:03 681256                     /usr/lib/x86_64-linux-gnu/libxcb-render.so.0.0.0
7c8c36d97000-7c8c36d98000 r--p 0000c000 08:03 681256                     /usr/lib/x86_64-linux-gnu/libxcb-render.so.0.0.0
7c8c36d98000-7c8c36d99000 rw-p 0000d000 08:03 681256                     /usr/lib/x86_64-linux-gnu/libxcb-render.so.0.0.0
7c8c36d99000-7c8c36dab000 r--p 00000000 08:03 680713                     /usr/lib/x86_64-linux-gnu/libpango-1.0.so.0.5000.6
7c8c36dab000-7c8c36de0000 r-xp 00012000 08:03 680713                     /usr/lib/x86_64-linux-gnu/libpango-1.0.so.0.5000.6
7c8c36de0000-7c8c36dfb000 r--p 00047000 08:03 680713                     /usr/lib/x86_64-linux-gnu/libpango-1.0.so.0.5000.6
7c8c36dfb000-7c8c36dff000 r--p 00061000 08:03 680713                     /usr/lib/x86_64-linux-gnu/libpango-1.0.so.0.5000.6
7c8c36dff000-7c8c36e00000 rw-p 00065000 08:03 680713                     /usr/lib/x86_64-linux-gnu/libpango-1.0.so.0.5000.6
7c8c36e00000-7c8c37061000 r--s 00000000 08:03 659856                     /home/ilmi/pycharm-community-2024.1/plugins/packageChecker/lib/packageChecker.jar
7c8c37061000-7c8c37068000 r--p 00000000 08:03 680717                     /usr/lib/x86_64-linux-gnu/libpangoft2-1.0.so.0.5000.6
7c8c37068000-7c8c37075000 r-xp 00007000 08:03 680717                     /usr/lib/x86_64-linux-gnu/libpangoft2-1.0.so.0.5000.6
7c8c37075000-7c8c37079000 r--p 00014000 08:03 680717                     /usr/lib/x86_64-linux-gnu/libpangoft2-1.0.so.0.5000.6
7c8c37079000-7c8c3707a000 ---p 00018000 08:03 680717                     /usr/lib/x86_64-linux-gnu/libpangoft2-1.0.so.0.5000.6
7c8c3707a000-7c8c3707b000 r--p 00018000 08:03 680717                     /usr/lib/x86_64-linux-gnu/libpangoft2-1.0.so.0.5000.6
7c8c3707b000-7c8c3707c000 rw-p 00019000 08:03 680717                     /usr/lib/x86_64-linux-gnu/libpangoft2-1.0.so.0.5000.6
7c8c3707c000-7c8c3707e000 r--p 00000000 08:03 680143                     /usr/lib/x86_64-linux-gnu/libfribidi.so.0.4.0
7c8c3707e000-7c8c37081000 r-xp 00002000 08:03 680143                     /usr/lib/x86_64-linux-gnu/libfribidi.so.0.4.0
7c8c37081000-7c8c37096000 r--p 00005000 08:03 680143                     /usr/lib/x86_64-linux-gnu/libfribidi.so.0.4.0
7c8c37096000-7c8c37097000 r--p 00019000 08:03 680143                     /usr/lib/x86_64-linux-gnu/libfribidi.so.0.4.0
7c8c37097000-7c8c37098000 rw-p 0001a000 08:03 680143                     /usr/lib/x86_64-linux-gnu/libfribidi.so.0.4.0
7c8c37098000-7c8c370a4000 r--p 00000000 08:03 679783                     /usr/lib/x86_64-linux-gnu/libatk-bridge-2.0.so.0.0.0
7c8c370a4000-7c8c370bd000 r-xp 0000c000 08:03 679783                     /usr/lib/x86_64-linux-gnu/libatk-bridge-2.0.so.0.0.0
7c8c370bd000-7c8c370cc000 r--p 00025000 08:03 679783                     /usr/lib/x86_64-linux-gnu/libatk-bridge-2.0.so.0.0.0
7c8c370cc000-7c8c370cd000 ---p 00034000 08:03 679783                     /usr/lib/x86_64-linux-gnu/libatk-bridge-2.0.so.0.0.0
7c8c370cd000-7c8c370ce000 r--p 00034000 08:03 679783                     /usr/lib/x86_64-linux-gnu/libatk-bridge-2.0.so.0.0.0
7c8c370ce000-7c8c370d0000 rw-p 00035000 08:03 679783                     /usr/lib/x86_64-linux-gnu/libatk-bridge-2.0.so.0.0.0
7c8c370d0000-7c8c370d8000 r--p 00000000 08:03 680180                     /usr/lib/x86_64-linux-gnu/libgdk_pixbuf-2.0.so.0.4200.8
7c8c370d8000-7c8c370f3000 r-xp 00008000 08:03 680180                     /usr/lib/x86_64-linux-gnu/libgdk_pixbuf-2.0.so.0.4200.8
7c8c370f3000-7c8c370fd000 r--p 00023000 08:03 680180                     /usr/lib/x86_64-linux-gnu/libgdk_pixbuf-2.0.so.0.4200.8
7c8c370fd000-7c8c370fe000 ---p 0002d000 08:03 680180                     /usr/lib/x86_64-linux-gnu/libgdk_pixbuf-2.0.so.0.4200.8
7c8c370fe000-7c8c370ff000 r--p 0002d000 08:03 680180                     /usr/lib/x86_64-linux-gnu/libgdk_pixbuf-2.0.so.0.4200.8
7c8c370ff000-7c8c37100000 rw-p 0002e000 08:03 680180                     /usr/lib/x86_64-linux-gnu/libgdk_pixbuf-2.0.so.0.4200.8
7c8c37100000-7c8c37104000 ---p 00000000 00:00 0 
7c8c37104000-7c8c37200000 rw-p 00000000 00:00 0 
7c8c37200000-7c8c3865d000 r--s 00000000 08:03 1315775                    /home/ilmi/pycharm-community-2024.1/plugins/performanceTesting/lib/performanceTesting.jar
7c8c3865f000-7c8c3866a000 r--p 00000000 08:03 679781                     /usr/lib/x86_64-linux-gnu/libatk-1.0.so.0.23609.1
7c8c3866a000-7c8c38679000 r-xp 0000b000 08:03 679781                     /usr/lib/x86_64-linux-gnu/libatk-1.0.so.0.23609.1
7c8c38679000-7c8c38685000 r--p 0001a000 08:03 679781                     /usr/lib/x86_64-linux-gnu/libatk-1.0.so.0.23609.1
7c8c38685000-7c8c38688000 r--p 00025000 08:03 679781                     /usr/lib/x86_64-linux-gnu/libatk-1.0.so.0.23609.1
7c8c38688000-7c8c38689000 rw-p 00028000 08:03 679781                     /usr/lib/x86_64-linux-gnu/libatk-1.0.so.0.23609.1
7c8c38689000-7c8c38700000 r--s 00000000 08:03 1315782                    /home/ilmi/pycharm-community-2024.1/plugins/platform-langInjection/lib/IntelliLang.jar
7c8c38700000-7c8c38704000 ---p 00000000 00:00 0 
7c8c38704000-7c8c38800000 rw-p 00000000 00:00 0 
7c8c38800000-7c8c38a34000 r--s 00000000 08:03 659850                     /home/ilmi/pycharm-community-2024.1/plugins/indexing-shared/lib/indexing-shared.jar
7c8c38a37000-7c8c38b00000 r--s 00000000 08:03 1315781                    /home/ilmi/pycharm-community-2024.1/plugins/platform-langInjection/lib/platform-langInjection.jar
7c8c38c00000-7c8c38c04000 ---p 00000000 00:00 0 
7c8c38c04000-7c8c38d00000 rw-p 00000000 00:00 0 
7c8c38d00000-7c8c38d04000 ---p 00000000 00:00 0 
7c8c38d04000-7c8c38e00000 rw-p 00000000 00:00 0 
7c8c38e00000-7c8c3a541000 r--s 00000000 08:03 1308731                    /home/ilmi/pycharm-community-2024.1/plugins/featuresTrainer/lib/featuresTrainer.jar
7c8c3a541000-7c8c3a543000 r--p 00000000 08:03 679944                     /usr/lib/x86_64-linux-gnu/libdatrie.so.1.4.0
7c8c3a543000-7c8c3a547000 r-xp 00002000 08:03 679944                     /usr/lib/x86_64-linux-gnu/libdatrie.so.1.4.0
7c8c3a547000-7c8c3a548000 r--p 00006000 08:03 679944                     /usr/lib/x86_64-linux-gnu/libdatrie.so.1.4.0
7c8c3a548000-7c8c3a549000 r--p 00007000 08:03 679944                     /usr/lib/x86_64-linux-gnu/libdatrie.so.1.4.0
7c8c3a549000-7c8c3a54a000 rw-p 00008000 08:03 679944                     /usr/lib/x86_64-linux-gnu/libdatrie.so.1.4.0
7c8c3a54a000-7c8c3a54b000 r--p 00000000 08:03 681262                     /usr/lib/x86_64-linux-gnu/libxcb-shm.so.0.0.0
7c8c3a54b000-7c8c3a54c000 r-xp 00001000 08:03 681262                     /usr/lib/x86_64-linux-gnu/libxcb-shm.so.0.0.0
7c8c3a54c000-7c8c3a54d000 r--p 00002000 08:03 681262                     /usr/lib/x86_64-linux-gnu/libxcb-shm.so.0.0.0
7c8c3a54d000-7c8c3a54e000 r--p 00002000 08:03 681262                     /usr/lib/x86_64-linux-gnu/libxcb-shm.so.0.0.0
7c8c3a54e000-7c8c3a54f000 rw-p 00003000 08:03 681262                     /usr/lib/x86_64-linux-gnu/libxcb-shm.so.0.0.0
7c8c3a54f000-7c8c3a551000 r--p 00000000 08:03 681187                     /usr/lib/x86_64-linux-gnu/libwayland-cursor.so.0.20.0
7c8c3a551000-7c8c3a553000 r-xp 00002000 08:03 681187                     /usr/lib/x86_64-linux-gnu/libwayland-cursor.so.0.20.0
7c8c3a553000-7c8c3a554000 r--p 00004000 08:03 681187                     /usr/lib/x86_64-linux-gnu/libwayland-cursor.so.0.20.0
7c8c3a554000-7c8c3a555000 r--p 00004000 08:03 681187                     /usr/lib/x86_64-linux-gnu/libwayland-cursor.so.0.20.0
7c8c3a555000-7c8c3a559000 rw-p 00005000 08:03 681187                     /usr/lib/x86_64-linux-gnu/libwayland-cursor.so.0.20.0
7c8c3a559000-7c8c3a55e000 r--p 00000000 08:03 680715                     /usr/lib/x86_64-linux-gnu/libpangocairo-1.0.so.0.5000.6
7c8c3a55e000-7c8c3a566000 r-xp 00005000 08:03 680715                     /usr/lib/x86_64-linux-gnu/libpangocairo-1.0.so.0.5000.6
7c8c3a566000-7c8c3a568000 r--p 0000d000 08:03 680715                     /usr/lib/x86_64-linux-gnu/libpangocairo-1.0.so.0.5000.6
7c8c3a568000-7c8c3a569000 ---p 0000f000 08:03 680715                     /usr/lib/x86_64-linux-gnu/libpangocairo-1.0.so.0.5000.6
7c8c3a569000-7c8c3a56a000 r--p 0000f000 08:03 680715                     /usr/lib/x86_64-linux-gnu/libpangocairo-1.0.so.0.5000.6
7c8c3a56a000-7c8c3a56b000 rw-p 00010000 08:03 680715                     /usr/lib/x86_64-linux-gnu/libpangocairo-1.0.so.0.5000.6
7c8c3a56b000-7c8c3a5b9000 r--s 00000000 08:03 1315800                    /home/ilmi/pycharm-community-2024.1/plugins/cwm-plugin/lib/cwm-unattended-common.jar
7c8c3a5b9000-7c8c3a600000 r--s 00000000 08:03 1315794                    /home/ilmi/pycharm-community-2024.1/plugins/cwm-plugin/lib/java-websocket.jar
7c8c3a600000-7c8c3c876000 r--s 00000000 08:03 659865                     /home/ilmi/pycharm-community-2024.1/plugins/grazie/lib/grazie.jar
7c8c3c877000-7c8c3c878000 r--p 00000000 08:03 681189                     /usr/lib/x86_64-linux-gnu/libwayland-egl.so.1.20.0
7c8c3c878000-7c8c3c879000 r-xp 00001000 08:03 681189                     /usr/lib/x86_64-linux-gnu/libwayland-egl.so.1.20.0
7c8c3c879000-7c8c3c87a000 r--p 00002000 08:03 681189                     /usr/lib/x86_64-linux-gnu/libwayland-egl.so.1.20.0
7c8c3c87a000-7c8c3c87b000 r--p 00002000 08:03 681189                     /usr/lib/x86_64-linux-gnu/libwayland-egl.so.1.20.0
7c8c3c87b000-7c8c3c87c000 rw-p 00003000 08:03 681189                     /usr/lib/x86_64-linux-gnu/libwayland-egl.so.1.20.0
7c8c3c886000-7c8c3c887000 r--p 00000000 08:03 682021                     /usr/lib/x86_64-linux-gnu/gtk-3.0/modules/libwindow-decorations-gtk-module.so
7c8c3c887000-7c8c3c888000 r-xp 00001000 08:03 682021                     /usr/lib/x86_64-linux-gnu/gtk-3.0/modules/libwindow-decorations-gtk-module.so
7c8c3c888000-7c8c3c889000 r--p 00002000 08:03 682021                     /usr/lib/x86_64-linux-gnu/gtk-3.0/modules/libwindow-decorations-gtk-module.so
7c8c3c889000-7c8c3c88a000 r--p 00002000 08:03 682021                     /usr/lib/x86_64-linux-gnu/gtk-3.0/modules/libwindow-decorations-gtk-module.so
7c8c3c88a000-7c8c3c88b000 rw-p 00003000 08:03 682021                     /usr/lib/x86_64-linux-gnu/gtk-3.0/modules/libwindow-decorations-gtk-module.so
7c8c3c88b000-7c8c3c88c000 r--p 00000000 08:03 682020                     /usr/lib/x86_64-linux-gnu/gtk-3.0/modules/libcolorreload-gtk-module.so
7c8c3c88c000-7c8c3c88d000 r-xp 00001000 08:03 682020                     /usr/lib/x86_64-linux-gnu/gtk-3.0/modules/libcolorreload-gtk-module.so
7c8c3c88d000-7c8c3c88e000 r--p 00002000 08:03 682020                     /usr/lib/x86_64-linux-gnu/gtk-3.0/modules/libcolorreload-gtk-module.so
7c8c3c88e000-7c8c3c88f000 r--p 00002000 08:03 682020                     /usr/lib/x86_64-linux-gnu/gtk-3.0/modules/libcolorreload-gtk-module.so
7c8c3c88f000-7c8c3c890000 rw-p 00003000 08:03 682020                     /usr/lib/x86_64-linux-gnu/gtk-3.0/modules/libcolorreload-gtk-module.so
7c8c3c890000-7c8c3c89f000 r--s 00000000 08:03 1315783                    /home/ilmi/pycharm-community-2024.1/plugins/platform-langInjection/lib/java-langInjection-jps.jar
7c8c3c89f000-7c8c3c8a3000 ---p 00000000 00:00 0 
7c8c3c8a3000-7c8c3c99f000 rw-p 00000000 00:00 0 
7c8c3c99f000-7c8c3c9a3000 ---p 00000000 00:00 0 
7c8c3c9a3000-7c8c3ca9f000 rw-p 00000000 00:00 0 
7c8c3ca9f000-7c8c3cc00000 r--s 00000000 08:03 659853                     /home/ilmi/pycharm-community-2024.1/plugins/dev/lib/dev.jar
7c8c3cc00000-7c8c3cc04000 ---p 00000000 00:00 0 
7c8c3cc04000-7c8c3cd00000 rw-p 00000000 00:00 0 
7c8c3cd00000-7c8c3cd04000 ---p 00000000 00:00 0 
7c8c3cd04000-7c8c3ce00000 rw-p 00000000 00:00 0 
7c8c3ce00000-7c8c3ce04000 ---p 00000000 00:00 0 
7c8c3ce04000-7c8c3cf00000 rw-p 00000000 00:00 0 
7c8c3cf00000-7c8c3cf04000 ---p 00000000 00:00 0 
7c8c3cf04000-7c8c3d000000 rw-p 00000000 00:00 0 
7c8c3d000000-7c8c3d004000 ---p 00000000 00:00 0 
7c8c3d004000-7c8c3d100000 rw-p 00000000 00:00 0 
7c8c3d100000-7c8c3d104000 ---p 00000000 00:00 0 
7c8c3d104000-7c8c3d200000 rw-p 00000000 00:00 0 
7c8c3d200000-7c8c3d204000 ---p 00000000 00:00 0 
7c8c3d204000-7c8c3d300000 rw-p 00000000 00:00 0 
7c8c3d500000-7c8c3d504000 ---p 00000000 00:00 0 
7c8c3d504000-7c8c3d600000 rw-p 00000000 00:00 0 
7c8c3d700000-7c8c3d704000 ---p 00000000 00:00 0 
7c8c3d704000-7c8c3d800000 rw-p 00000000 00:00 0 
7c8c3d800000-7c8c3d81e000 r-xp 00000000 08:03 659965                     /home/ilmi/pycharm-community-2024.1/lib/jna/amd64/libjnidispatch.so
7c8c3d81e000-7c8c3da1d000 ---p 0001e000 08:03 659965                     /home/ilmi/pycharm-community-2024.1/lib/jna/amd64/libjnidispatch.so
7c8c3da1d000-7c8c3da1e000 rw-p 0001d000 08:03 659965                     /home/ilmi/pycharm-community-2024.1/lib/jna/amd64/libjnidispatch.so
7c8c3da1e000-7c8c3da1f000 rw-p 00000000 00:00 0 
7c8c3da21000-7c8c3da25000 r--p 00000000 08:03 679883                     /usr/lib/x86_64-linux-gnu/libcairo-gobject.so.2.11600.0
7c8c3da25000-7c8c3da27000 r-xp 00004000 08:03 679883                     /usr/lib/x86_64-linux-gnu/libcairo-gobject.so.2.11600.0
7c8c3da27000-7c8c3da29000 r--p 00006000 08:03 679883                     /usr/lib/x86_64-linux-gnu/libcairo-gobject.so.2.11600.0
7c8c3da29000-7c8c3da2a000 ---p 00008000 08:03 679883                     /usr/lib/x86_64-linux-gnu/libcairo-gobject.so.2.11600.0
7c8c3da2a000-7c8c3da2c000 r--p 00008000 08:03 679883                     /usr/lib/x86_64-linux-gnu/libcairo-gobject.so.2.11600.0
7c8c3da2c000-7c8c3da2d000 rw-p 0000a000 08:03 679883                     /usr/lib/x86_64-linux-gnu/libcairo-gobject.so.2.11600.0
7c8c3da2d000-7c8c3da31000 ---p 00000000 00:00 0 
7c8c3da31000-7c8c3da4f000 rw-p 00000000 00:00 0 
7c8c3da4f000-7c8c3da9f000 r--s 00000000 08:03 1315797                    /home/ilmi/pycharm-community-2024.1/plugins/cwm-plugin/lib/jitsi-utils.jar
7c8c3da9f000-7c8c3dafd000 r--s 00000000 08:03 1315809                    /home/ilmi/pycharm-community-2024.1/plugins/cwm-plugin/lib/cwm-plugin-terminal.jar
7c8c3dafd000-7c8c3db01000 ---p 00000000 00:00 0 
7c8c3db01000-7c8c3dbfd000 rw-p 00000000 00:00 0 
7c8c3dbfd000-7c8c3dc01000 ---p 00000000 00:00 0 
7c8c3dc01000-7c8c3dcfd000 rw-p 00000000 00:00 0 
7c8c3dcfd000-7c8c3dd01000 ---p 00000000 00:00 0 
7c8c3dd01000-7c8c3ddfd000 rw-p 00000000 00:00 0 
7c8c3ddfd000-7c8c3de01000 ---p 00000000 00:00 0 
7c8c3de01000-7c8c3defd000 rw-p 00000000 00:00 0 
7c8c3defd000-7c8c3df01000 ---p 00000000 00:00 0 
7c8c3df01000-7c8c3dffd000 rw-p 00000000 00:00 0 
7c8c3dffd000-7c8c3e001000 ---p 00000000 00:00 0 
7c8c3e001000-7c8c3e0fd000 rw-p 00000000 00:00 0 
7c8c3e0fd000-7c8c3e101000 ---p 00000000 00:00 0 
7c8c3e101000-7c8c3e1fd000 rw-p 00000000 00:00 0 
7c8c3e1fd000-7c8c3e1fe000 ---p 00000000 00:00 0 
7c8c3e1fe000-7c8c3e9fe000 rw-p 00000000 00:00 0 
7c8c3e9fe000-7c8c3e9ff000 ---p 00000000 00:00 0 
7c8c3e9ff000-7c8c3f1ff000 rw-p 00000000 00:00 0 
7c8c3f1ff000-7c8c3f200000 ---p 00000000 00:00 0 
7c8c3f200000-7c8c3fa00000 rw-p 00000000 00:00 0 
7c8c3fa00000-7c8c3fa06000 r--p 00000000 08:03 660453                     /home/ilmi/pycharm-community-2024.1/jbr/lib/libfontmanager.so
7c8c3fa06000-7c8c3fbbe000 r-xp 00006000 08:03 660453                     /home/ilmi/pycharm-community-2024.1/jbr/lib/libfontmanager.so
7c8c3fbbe000-7c8c3fc0a000 r--p 001be000 08:03 660453                     /home/ilmi/pycharm-community-2024.1/jbr/lib/libfontmanager.so
7c8c3fc0a000-7c8c3fc0b000 ---p 0020a000 08:03 660453                     /home/ilmi/pycharm-community-2024.1/jbr/lib/libfontmanager.so
7c8c3fc0b000-7c8c3fc0d000 r--p 0020a000 08:03 660453                     /home/ilmi/pycharm-community-2024.1/jbr/lib/libfontmanager.so
7c8c3fc0d000-7c8c3fc0e000 rw-p 0020c000 08:03 660453                     /home/ilmi/pycharm-community-2024.1/jbr/lib/libfontmanager.so
7c8c3fc0e000-7c8c3fc0f000 rw-p 00000000 00:00 0 
7c8c3fc13000-7c8c3fc2a000 r--s 00000000 08:03 1315798                    /home/ilmi/pycharm-community-2024.1/plugins/cwm-plugin/lib/jnaerator-runtime.jar
7c8c3fc2a000-7c8c3fc4e000 r--s 00000000 08:03 1315790                    /home/ilmi/pycharm-community-2024.1/plugins/cwm-plugin/lib/tls-channel.jar
7c8c3fc4e000-7c8c3fd00000 r--s 00000000 08:03 1315791                    /home/ilmi/pycharm-community-2024.1/plugins/cwm-plugin/lib/cwm-plugin.jar
7c8c3fd00000-7c8c3fd04000 ---p 00000000 00:00 0 
7c8c3fd04000-7c8c3fe00000 rw-p 00000000 00:00 0 
7c8c3fe00000-7c8c40624000 r--s 00000000 08:03 659888                     /home/ilmi/pycharm-community-2024.1/lib/grpc.jar
7c8c40628000-7c8c40629000 r--p 00000000 08:03 679565                     /usr/lib/x86_64-linux-gnu/libXdamage.so.1.1.0
7c8c40629000-7c8c4062a000 r-xp 00001000 08:03 679565                     /usr/lib/x86_64-linux-gnu/libXdamage.so.1.1.0
7c8c4062a000-7c8c4062b000 r--p 00002000 08:03 679565                     /usr/lib/x86_64-linux-gnu/libXdamage.so.1.1.0
7c8c4062b000-7c8c4062c000 r--p 00002000 08:03 679565                     /usr/lib/x86_64-linux-gnu/libXdamage.so.1.1.0
7c8c4062c000-7c8c4062d000 rw-p 00003000 08:03 679565                     /usr/lib/x86_64-linux-gnu/libXdamage.so.1.1.0
7c8c4062d000-7c8c4062e000 r--p 00000000 08:03 660329                     /home/ilmi/pycharm-community-2024.1/jbr/lib/libinstrument.so
7c8c4062e000-7c8c40634000 r-xp 00001000 08:03 660329                     /home/ilmi/pycharm-community-2024.1/jbr/lib/libinstrument.so
7c8c40634000-7c8c40637000 r--p 00007000 08:03 660329                     /home/ilmi/pycharm-community-2024.1/jbr/lib/libinstrument.so
7c8c40637000-7c8c40638000 r--p 00009000 08:03 660329                     /home/ilmi/pycharm-community-2024.1/jbr/lib/libinstrument.so
7c8c40638000-7c8c40639000 rw-p 0000a000 08:03 660329                     /home/ilmi/pycharm-community-2024.1/jbr/lib/libinstrument.so
7c8c40639000-7c8c4063b000 r--p 00000000 08:03 660330                     /home/ilmi/pycharm-community-2024.1/jbr/lib/libmanagement_ext.so
7c8c4063b000-7c8c4063e000 r-xp 00002000 08:03 660330                     /home/ilmi/pycharm-community-2024.1/jbr/lib/libmanagement_ext.so
7c8c4063e000-7c8c4063f000 r--p 00005000 08:03 660330                     /home/ilmi/pycharm-community-2024.1/jbr/lib/libmanagement_ext.so
7c8c4063f000-7c8c40640000 ---p 00006000 08:03 660330                     /home/ilmi/pycharm-community-2024.1/jbr/lib/libmanagement_ext.so
7c8c40640000-7c8c40641000 r--p 00006000 08:03 660330                     /home/ilmi/pycharm-community-2024.1/jbr/lib/libmanagement_ext.so
7c8c40641000-7c8c40642000 rw-p 00000000 00:00 0 
7c8c40642000-7c8c406ae000 r--s 00000000 08:03 1308718                    /home/ilmi/pycharm-community-2024.1/plugins/toml/lib/toml.jar
7c8c40700000-7c8c40704000 ---p 00000000 00:00 0 
7c8c40704000-7c8c40800000 rw-p 00000000 00:00 0 
7c8c40800000-7c8c41c01000 r--s 00000000 08:03 659899                     /home/ilmi/pycharm-community-2024.1/lib/groovy.jar
7c8c41c02000-7c8c41c27000 r--s 00000000 08:03 1315793                    /home/ilmi/pycharm-community-2024.1/plugins/cwm-plugin/lib/jstun.jar
7c8c41c27000-7c8c41c5f000 r--p 00000000 08:03 680186                     /usr/lib/x86_64-linux-gnu/libgio-2.0.so.0.7200.4
7c8c41c5f000-7c8c41d70000 r-xp 00038000 08:03 680186                     /usr/lib/x86_64-linux-gnu/libgio-2.0.so.0.7200.4
7c8c41d70000-7c8c41df5000 r--p 00149000 08:03 680186                     /usr/lib/x86_64-linux-gnu/libgio-2.0.so.0.7200.4
7c8c41df5000-7c8c41dfd000 r--p 001cd000 08:03 680186                     /usr/lib/x86_64-linux-gnu/libgio-2.0.so.0.7200.4
7c8c41dfd000-7c8c41dfe000 rw-p 001d5000 08:03 680186                     /usr/lib/x86_64-linux-gnu/libgio-2.0.so.0.7200.4
7c8c41dfe000-7c8c41e00000 rw-p 00000000 00:00 0 
7c8c41e00000-7c8c4ee77000 r--s 00000000 08:03 659889                     /home/ilmi/pycharm-community-2024.1/lib/lib.jar
7c8c4ee77000-7c8c4ee7b000 r--s 00000000 08:03 659875                     /home/ilmi/pycharm-community-2024.1/plugins/marketplace/lib/marketplace.jar
7c8c4ee7b000-7c8c4ee8a000 r--s 00000000 08:03 1315787                    /home/ilmi/pycharm-community-2024.1/plugins/cwm-plugin/lib/quiche-jna-stubs.jar
7c8c4ee8a000-7c8c4ee8c000 r--p 00000000 08:03 660339                     /home/ilmi/pycharm-community-2024.1/jbr/lib/libmanagement.so
7c8c4ee8c000-7c8c4ee8d000 r-xp 00002000 08:03 660339                     /home/ilmi/pycharm-community-2024.1/jbr/lib/libmanagement.so
7c8c4ee8d000-7c8c4ee8e000 r--p 00003000 08:03 660339                     /home/ilmi/pycharm-community-2024.1/jbr/lib/libmanagement.so
7c8c4ee8e000-7c8c4ee8f000 r--p 00003000 08:03 660339                     /home/ilmi/pycharm-community-2024.1/jbr/lib/libmanagement.so
7c8c4ee8f000-7c8c4ee90000 rw-p 00000000 00:00 0 
7c8c4ee90000-7c8c4ee9a000 r--s 00000000 08:03 1315795                    /home/ilmi/pycharm-community-2024.1/plugins/cwm-plugin/lib/cwm-plugin-notebooks.jar
7c8c4ee9a000-7c8c4eec6000 r--s 00000000 08:03 659862                     /home/ilmi/pycharm-community-2024.1/plugins/qt-plugin/lib/qt-plugin.jar
7c8c4eec6000-7c8c4eee3000 r--p 00000000 08:03 680194                     /usr/lib/x86_64-linux-gnu/libglib-2.0.so.0.7200.4
7c8c4eee3000-7c8c4ef72000 r-xp 0001d000 08:03 680194                     /usr/lib/x86_64-linux-gnu/libglib-2.0.so.0.7200.4
7c8c4ef72000-7c8c4effc000 r--p 000ac000 08:03 680194                     /usr/lib/x86_64-linux-gnu/libglib-2.0.so.0.7200.4
7c8c4effc000-7c8c4effd000 ---p 00136000 08:03 680194                     /usr/lib/x86_64-linux-gnu/libglib-2.0.so.0.7200.4
7c8c4effd000-7c8c4effe000 r--p 00136000 08:03 680194                     /usr/lib/x86_64-linux-gnu/libglib-2.0.so.0.7200.4
7c8c4effe000-7c8c4efff000 rw-p 00137000 08:03 680194                     /usr/lib/x86_64-linux-gnu/libglib-2.0.so.0.7200.4
7c8c4efff000-7c8c4f000000 rw-p 00000000 00:00 0 
7c8c4f000000-7c8c4ff47000 r--s 00000000 08:03 659905                     /home/ilmi/pycharm-community-2024.1/lib/bouncy-castle.jar
7c8c4ff47000-7c8c4ff48000 r--p 00000000 08:03 679561                     /usr/lib/x86_64-linux-gnu/libXcomposite.so.1.0.0
7c8c4ff48000-7c8c4ff49000 r-xp 00001000 08:03 679561                     /usr/lib/x86_64-linux-gnu/libXcomposite.so.1.0.0
7c8c4ff49000-7c8c4ff4a000 r--p 00002000 08:03 679561                     /usr/lib/x86_64-linux-gnu/libXcomposite.so.1.0.0
7c8c4ff4a000-7c8c4ff4b000 r--p 00002000 08:03 679561                     /usr/lib/x86_64-linux-gnu/libXcomposite.so.1.0.0
7c8c4ff4b000-7c8c4ff4c000 rw-p 00003000 08:03 679561                     /usr/lib/x86_64-linux-gnu/libXcomposite.so.1.0.0
7c8c4ff69000-7c8c4ff6b000 r--p 00000000 08:03 680738                     /usr/lib/x86_64-linux-gnu/libpcre2-8.so.0.10.4
7c8c4ff6b000-7c8c4ffd6000 r-xp 00002000 08:03 680738                     /usr/lib/x86_64-linux-gnu/libpcre2-8.so.0.10.4
7c8c4ffd6000-7c8c4fffe000 r--p 0006d000 08:03 680738                     /usr/lib/x86_64-linux-gnu/libpcre2-8.so.0.10.4
7c8c4fffe000-7c8c4ffff000 r--p 00094000 08:03 680738                     /usr/lib/x86_64-linux-gnu/libpcre2-8.so.0.10.4
7c8c4ffff000-7c8c50000000 rw-p 00095000 08:03 680738                     /usr/lib/x86_64-linux-gnu/libpcre2-8.so.0.10.4
7c8c50000000-7c8c55af3000 r--s 00000000 08:03 659903                     /home/ilmi/pycharm-community-2024.1/lib/lib-client.jar
7c8c55af5000-7c8c55b00000 r--s 00000000 08:03 958934                     /var/cache/fontconfig/fcee9a5b-3dd9-4f04-bb43-23c4efcb134e-le64.cache-7
7c8c55b00000-7c8c55b04000 ---p 00000000 00:00 0 
7c8c55b04000-7c8c55c00000 rw-p 00000000 00:00 0 
7c8c55c00000-7c8c5a775000 r--s 00000000 08:03 659910                     /home/ilmi/pycharm-community-2024.1/lib/app.jar
7c8c5a776000-7c8c5a778000 r--s 00000000 08:03 1308727                    /home/ilmi/pycharm-community-2024.1/plugins/vcs-git/lib/git4idea-rt.jar
7c8c5a778000-7c8c5a779000 r--s 00000000 08:03 1439035                    /tmp/byteBuddyAgent16168205592921943296.jar
7c8c5a779000-7c8c5a785000 r--s 00000000 08:03 958739                     /var/cache/fontconfig/35d0e1a4-9346-499d-a5a3-d8043512af6c-le64.cache-7
7c8c5a785000-7c8c5a78b000 r--s 00000000 08:03 958795                     /var/cache/fontconfig/52439b3b-272b-4918-ba06-20cb0db88ee2-le64.cache-7
7c8c5a78b000-7c8c5a800000 r--s 00000000 08:03 927002                     /var/cache/fontconfig/7438ed18-9ff1-47b3-be0c-ad911dcb5e3f-le64.cache-7
7c8c5a800000-7c8c67917000 r--s 00000000 08:03 659891                     /home/ilmi/pycharm-community-2024.1/lib/app-client.jar
7c8c67917000-7c8c67918000 rw-p 00000000 00:00 0 
7c8c67918000-7c8c67919000 r-xp 00017000 08:03 659965                     /home/ilmi/pycharm-community-2024.1/lib/jna/amd64/libjnidispatch.so
7c8c67919000-7c8c6791a000 rw-p 00000000 00:00 0 
7c8c6791a000-7c8c6791b000 r--p 00000000 00:00 0 
7c8c6791b000-7c8c6791c000 r--s 00000000 08:03 958810                     /var/cache/fontconfig/581ea919-4605-4271-97a2-9d2ce294ba94-le64.cache-7
7c8c6791c000-7c8c67932000 r--s 00000000 08:03 958851                     /var/cache/fontconfig/8b8c8b98-0a62-475f-9fdc-cbb1948012c8-le64.cache-7
7c8c67932000-7c8c67933000 r--s 00000000 08:03 958921                     /var/cache/fontconfig/e7ff232f-7cd5-49fc-bf62-c870472f1e2b-le64.cache-7
7c8c67933000-7c8c6793b000 r--s 00000000 08:03 958855                     /var/cache/fontconfig/962d0383-e9e4-4dbf-b30e-b465bd8f57e2-le64.cache-7
7c8c6793b000-7c8c6793c000 r--s 00000000 08:03 958938                     /var/cache/fontconfig/ff07378c-2825-4fac-a363-b088fec9af9e-le64.cache-7
7c8c6793c000-7c8c6793e000 r--s 00000000 08:03 958768                     /var/cache/fontconfig/364344d2-4eba-40f2-b8e9-c543dbacaaa8-le64.cache-7
7c8c6793e000-7c8c6793f000 r--s 00000000 08:03 958751                     /var/cache/fontconfig/1be3e60d-092a-4e80-a752-6a8112ad746b-le64.cache-7
7c8c6793f000-7c8c67941000 r--s 00000000 08:03 958797                     /var/cache/fontconfig/532ab1fd-4c93-4144-9afb-228093095b1f-le64.cache-7
7c8c67941000-7c8c67943000 r--s 00000000 08:03 958836                     /var/cache/fontconfig/77a33dd9-6be6-4452-ad7d-12eddb632a4f-le64.cache-7
7c8c67943000-7c8c67948000 r--s 00000000 08:03 958761                     /var/cache/fontconfig/28fc9f30-5346-4093-805f-043a5efdb380-le64.cache-7
7c8c67948000-7c8c67949000 r--s 00000000 08:03 958762                     /var/cache/fontconfig/2b2e4ee0-d507-4a8d-9f9c-397fce335827-le64.cache-7
7c8c67949000-7c8c6794a000 r--s 00000000 08:03 958932                     /var/cache/fontconfig/fac814e6-62b8-4165-8984-3f18d6e32c2a-le64.cache-7
7c8c6794a000-7c8c67950000 r--s 00000000 08:03 958850                     /var/cache/fontconfig/8a3ae9c2-3b16-43c2-a1d8-7da9b7b271e2-le64.cache-7
7c8c67950000-7c8c67957000 r--s 00000000 08:03 958785                     /var/cache/fontconfig/4a7b713c-632d-44fe-a572-53b110efabb1-le64.cache-7
7c8c67957000-7c8c6795d000 r--s 00000000 08:03 958860                     /var/cache/fontconfig/9c004d83-23a9-4f48-953b-b5ae04c8d366-le64.cache-7
7c8c6795d000-7c8c67970000 r--s 00000000 08:03 958796                     /var/cache/fontconfig/5257c389-1c79-4acc-aa8b-6a6bb78a178c-le64.cache-7
7c8c67970000-7c8c6797c000 r--s 00000000 08:03 932444                     /var/cache/fontconfig/640862f6-cb84-411b-b3b1-3354c654e566-le64.cache-7
7c8c6797c000-7c8c6798a000 r--s 00000000 08:03 958874                     /var/cache/fontconfig/b01e6e90-65ea-44f2-af8f-446c6cef7e78-le64.cache-7
7c8c6798a000-7c8c6798c000 r--p 00000000 08:03 680734                     /usr/lib/x86_64-linux-gnu/libpcre.so.3.13.3
7c8c6798c000-7c8c679e1000 r-xp 00002000 08:03 680734                     /usr/lib/x86_64-linux-gnu/libpcre.so.3.13.3
7c8c679e1000-7c8c679fe000 r--p 00057000 08:03 680734                     /usr/lib/x86_64-linux-gnu/libpcre.so.3.13.3
7c8c679fe000-7c8c679ff000 r--p 00073000 08:03 680734                     /usr/lib/x86_64-linux-gnu/libpcre.so.3.13.3
7c8c679ff000-7c8c67a00000 rw-p 00074000 08:03 680734                     /usr/lib/x86_64-linux-gnu/libpcre.so.3.13.3
7c8c67a00000-7c8c6bf78000 r--s 00000000 08:03 659898                     /home/ilmi/pycharm-community-2024.1/lib/util-8.jar
7c8c6bf78000-7c8c6bf79000 r--s 00000000 08:03 958748                     /var/cache/fontconfig/1a805fbf-5a04-4892-9847-a7b6c9c1e57e-le64.cache-7
7c8c6bf79000-7c8c6bf7a000 r--s 00000000 08:03 958889                     /var/cache/fontconfig/c6d0d7ce-70b3-4ac5-94e6-e9122fa621fd-le64.cache-7
7c8c6bf7a000-7c8c6bf7b000 r--s 00000000 08:03 958752                     /var/cache/fontconfig/1c0ddff7-d6bc-4b47-b971-de23846b1441-le64.cache-7
7c8c6bf7b000-7c8c6bf7c000 r--s 00000000 08:03 958852                     /var/cache/fontconfig/91744108-767e-488a-877d-069685b5b57f-le64.cache-7
7c8c6bf7c000-7c8c6bf7d000 r--s 00000000 08:03 958892                     /var/cache/fontconfig/c9796f0f-3386-46f2-a59d-2170fee5c610-le64.cache-7
7c8c6bf7d000-7c8c6bf7f000 r--p 00000000 08:03 679563                     /usr/lib/x86_64-linux-gnu/libXcursor.so.1.0.2
7c8c6bf7f000-7c8c6bf85000 r-xp 00002000 08:03 679563                     /usr/lib/x86_64-linux-gnu/libXcursor.so.1.0.2
7c8c6bf85000-7c8c6bf87000 r--p 00008000 08:03 679563                     /usr/lib/x86_64-linux-gnu/libXcursor.so.1.0.2
7c8c6bf87000-7c8c6bf88000 r--p 00009000 08:03 679563                     /usr/lib/x86_64-linux-gnu/libXcursor.so.1.0.2
7c8c6bf88000-7c8c6bf89000 rw-p 0000a000 08:03 679563                     /usr/lib/x86_64-linux-gnu/libXcursor.so.1.0.2
7c8c6bf89000-7c8c6bf8a000 r--s 00000000 08:03 958829                     /var/cache/fontconfig/6dd32468-7963-4567-a7e1-8e1426831187-le64.cache-7
7c8c6bf8a000-7c8c6bf8b000 r--s 00000000 08:03 958897                     /var/cache/fontconfig/d3281347-e2ca-41db-97a9-fcbbe2585ca9-le64.cache-7
7c8c6bf8b000-7c8c6bf8c000 r--s 00000000 08:03 958922                     /var/cache/fontconfig/e89d332f-136e-41e0-9ece-0a614820ce21-le64.cache-7
7c8c6bf8c000-7c8c6bf8d000 r--s 00000000 08:03 958935                     /var/cache/fontconfig/fe318ba6-d77b-48d4-9e1d-8a7a5fee03f0-le64.cache-7
7c8c6bf8d000-7c8c6bf9d000 r--s 00000000 08:03 958814                     /var/cache/fontconfig/631f2623-3f90-4177-92cf-8c086d8e25a2-le64.cache-7
7c8c6bf9d000-7c8c6bfa4000 r--p 00000000 08:03 676607                     /usr/lib/x86_64-linux-gnu/libblkid.so.1.1.0
7c8c6bfa4000-7c8c6bfc4000 r-xp 00007000 08:03 676607                     /usr/lib/x86_64-linux-gnu/libblkid.so.1.1.0
7c8c6bfc4000-7c8c6bfcd000 r--p 00027000 08:03 676607                     /usr/lib/x86_64-linux-gnu/libblkid.so.1.1.0
7c8c6bfcd000-7c8c6bfce000 ---p 00030000 08:03 676607                     /usr/lib/x86_64-linux-gnu/libblkid.so.1.1.0
7c8c6bfce000-7c8c6bfd3000 r--p 00030000 08:03 676607                     /usr/lib/x86_64-linux-gnu/libblkid.so.1.1.0
7c8c6bfd3000-7c8c6bfd4000 rw-p 00035000 08:03 676607                     /usr/lib/x86_64-linux-gnu/libblkid.so.1.1.0
7c8c6bfd4000-7c8c6bfda000 r--p 00000000 08:03 680921                     /usr/lib/x86_64-linux-gnu/libselinux.so.1
7c8c6bfda000-7c8c6bff4000 r-xp 00006000 08:03 680921                     /usr/lib/x86_64-linux-gnu/libselinux.so.1
7c8c6bff4000-7c8c6bffb000 r--p 00020000 08:03 680921                     /usr/lib/x86_64-linux-gnu/libselinux.so.1
7c8c6bffb000-7c8c6bffc000 ---p 00027000 08:03 680921                     /usr/lib/x86_64-linux-gnu/libselinux.so.1
7c8c6bffc000-7c8c6bffd000 r--p 00027000 08:03 680921                     /usr/lib/x86_64-linux-gnu/libselinux.so.1
7c8c6bffd000-7c8c6bffe000 rw-p 00028000 08:03 680921                     /usr/lib/x86_64-linux-gnu/libselinux.so.1
7c8c6bffe000-7c8c6c000000 rw-p 00000000 00:00 0 
7c8c6c000000-7c8c6e649000 rw-p 00000000 00:00 0 
7c8c6e649000-7c8c70000000 ---p 00000000 00:00 0 
7c8c70000000-7c8c70001000 r--s 00000000 08:03 927001                     /var/cache/fontconfig/733b97d6-1900-4212-841a-cd223edaa3af-le64.cache-7
7c8c70001000-7c8c70002000 r--s 00000000 08:03 958813                     /var/cache/fontconfig/5d9064e0-c76f-468a-a070-c7a0c801f2b8-le64.cache-7
7c8c70002000-7c8c70004000 r--s 00000000 08:03 958773                     /var/cache/fontconfig/37cd786f-1105-4a2e-9b2d-4d1d73d13e21-le64.cache-7
7c8c70004000-7c8c70008000 r--p 00000000 08:03 681838                     /usr/lib/x86_64-linux-gnu/gio/modules/libdconfsettings.so
7c8c70008000-7c8c7000f000 r-xp 00004000 08:03 681838                     /usr/lib/x86_64-linux-gnu/gio/modules/libdconfsettings.so
7c8c7000f000-7c8c70012000 r--p 0000b000 08:03 681838                     /usr/lib/x86_64-linux-gnu/gio/modules/libdconfsettings.so
7c8c70012000-7c8c70013000 r--p 0000e000 08:03 681838                     /usr/lib/x86_64-linux-gnu/gio/modules/libdconfsettings.so
7c8c70013000-7c8c70014000 rw-p 0000f000 08:03 681838                     /usr/lib/x86_64-linux-gnu/gio/modules/libdconfsettings.so
7c8c70014000-7c8c7001c000 r--p 00000000 08:03 676250                     /usr/lib/x86_64-linux-gnu/libmount.so.1.1.0
7c8c7001c000-7c8c70048000 r-xp 00008000 08:03 676250                     /usr/lib/x86_64-linux-gnu/libmount.so.1.1.0
7c8c70048000-7c8c70055000 r--p 00034000 08:03 676250                     /usr/lib/x86_64-linux-gnu/libmount.so.1.1.0
7c8c70055000-7c8c70056000 ---p 00041000 08:03 676250                     /usr/lib/x86_64-linux-gnu/libmount.so.1.1.0
7c8c70056000-7c8c70057000 r--p 00041000 08:03 676250                     /usr/lib/x86_64-linux-gnu/libmount.so.1.1.0
7c8c70057000-7c8c70058000 rw-p 00042000 08:03 676250                     /usr/lib/x86_64-linux-gnu/libmount.so.1.1.0
7c8c70058000-7c8c70067000 r--p 00000000 08:03 680204                     /usr/lib/x86_64-linux-gnu/libgobject-2.0.so.0.7200.4
7c8c70067000-7c8c7009a000 r-xp 0000f000 08:03 680204                     /usr/lib/x86_64-linux-gnu/libgobject-2.0.so.0.7200.4
7c8c7009a000-7c8c700b4000 r--p 00042000 08:03 680204                     /usr/lib/x86_64-linux-gnu/libgobject-2.0.so.0.7200.4
7c8c700b4000-7c8c700b7000 r--p 0005b000 08:03 680204                     /usr/lib/x86_64-linux-gnu/libgobject-2.0.so.0.7200.4
7c8c700b7000-7c8c700b8000 rw-p 0005e000 08:03 680204                     /usr/lib/x86_64-linux-gnu/libgobject-2.0.so.0.7200.4
7c8c700b8000-7c8c700ba000 r--p 00000000 08:03 679587                     /usr/lib/x86_64-linux-gnu/libXrandr.so.2.2.0
7c8c700ba000-7c8c700c1000 r-xp 00002000 08:03 679587                     /usr/lib/x86_64-linux-gnu/libXrandr.so.2.2.0
7c8c700c1000-7c8c700c3000 r--p 00009000 08:03 679587                     /usr/lib/x86_64-linux-gnu/libXrandr.so.2.2.0
7c8c700c3000-7c8c700c4000 r--p 0000a000 08:03 679587                     /usr/lib/x86_64-linux-gnu/libXrandr.so.2.2.0
7c8c700c4000-7c8c700c5000 rw-p 0000b000 08:03 679587                     /usr/lib/x86_64-linux-gnu/libXrandr.so.2.2.0
7c8c700c5000-7c8c700c7000 r--p 00000000 08:03 680083                     /usr/lib/x86_64-linux-gnu/libffi.so.8.1.0
7c8c700c7000-7c8c700ce000 r-xp 00002000 08:03 680083                     /usr/lib/x86_64-linux-gnu/libffi.so.8.1.0
7c8c700ce000-7c8c700cf000 r--p 00009000 08:03 680083                     /usr/lib/x86_64-linux-gnu/libffi.so.8.1.0
7c8c700cf000-7c8c700d0000 ---p 0000a000 08:03 680083                     /usr/lib/x86_64-linux-gnu/libffi.so.8.1.0
7c8c700d0000-7c8c700d1000 r--p 0000a000 08:03 680083                     /usr/lib/x86_64-linux-gnu/libffi.so.8.1.0
7c8c700d1000-7c8c700d2000 rw-p 0000b000 08:03 680083                     /usr/lib/x86_64-linux-gnu/libffi.so.8.1.0
7c8c700d2000-7c8c700eb000 r--p 00000000 08:03 677323                     /usr/lib/x86_64-linux-gnu/libX11.so.6.4.0
7c8c700eb000-7c8c70177000 r-xp 00019000 08:03 677323                     /usr/lib/x86_64-linux-gnu/libX11.so.6.4.0
7c8c70177000-7c8c7020c000 r--p 000a5000 08:03 677323                     /usr/lib/x86_64-linux-gnu/libX11.so.6.4.0
7c8c7020c000-7c8c7020d000 ---p 0013a000 08:03 677323                     /usr/lib/x86_64-linux-gnu/libX11.so.6.4.0
7c8c7020d000-7c8c7020e000 r--p 0013a000 08:03 677323                     /usr/lib/x86_64-linux-gnu/libX11.so.6.4.0
7c8c7020e000-7c8c70212000 rw-p 0013b000 08:03 677323                     /usr/lib/x86_64-linux-gnu/libX11.so.6.4.0
7c8c70212000-7c8c7023d000 r--p 00000000 08:03 660334                     /home/ilmi/pycharm-community-2024.1/jbr/lib/libawt.so
7c8c7023d000-7c8c702c1000 r-xp 0002b000 08:03 660334                     /home/ilmi/pycharm-community-2024.1/jbr/lib/libawt.so
7c8c702c1000-7c8c702ce000 r--p 000af000 08:03 660334                     /home/ilmi/pycharm-community-2024.1/jbr/lib/libawt.so
7c8c702ce000-7c8c702cf000 ---p 000bc000 08:03 660334                     /home/ilmi/pycharm-community-2024.1/jbr/lib/libawt.so
7c8c702cf000-7c8c702d0000 r--p 000bc000 08:03 660334                     /home/ilmi/pycharm-community-2024.1/jbr/lib/libawt.so
7c8c702d0000-7c8c702db000 rw-p 000bd000 08:03 660334                     /home/ilmi/pycharm-community-2024.1/jbr/lib/libawt.so
7c8c702db000-7c8c70300000 rw-p 00000000 00:00 0 
7c8c70300000-7c8c70304000 ---p 00000000 00:00 0 
7c8c70304000-7c8c70400000 rw-p 00000000 00:00 0 
7c8c70400000-7c8c70404000 ---p 00000000 00:00 0 
7c8c70404000-7c8c70500000 rw-p 00000000 00:00 0 
7c8c70600000-7c8c70890000 r--s 00000000 08:03 659878                     /home/ilmi/pycharm-community-2024.1/plugins/marketplace/lib/boot/marketplace-impl.jar
7c8c70890000-7c8c70891000 r--s 00000000 08:03 958846                     /var/cache/fontconfig/8826ae2d-e4c2-4de0-bd08-1f387d8580bd-le64.cache-7
7c8c70891000-7c8c70897000 r--s 00000000 08:03 958896                     /var/cache/fontconfig/cfd99099-f6f6-44d1-a60a-3c455c3391ea-le64.cache-7
7c8c70897000-7c8c70898000 r--s 00000000 08:03 958875                     /var/cache/fontconfig/b22b775b-0635-4d96-8097-39f879ef6d95-le64.cache-7
7c8c70898000-7c8c70899000 r--s 00000000 08:03 958866                     /var/cache/fontconfig/a020556a-7cb8-4943-93bb-53f984154280-le64.cache-7
7c8c70899000-7c8c7089e000 r--p 00000000 08:03 681185                     /usr/lib/x86_64-linux-gnu/libwayland-client.so.0.20.0
7c8c7089e000-7c8c708a4000 r-xp 00005000 08:03 681185                     /usr/lib/x86_64-linux-gnu/libwayland-client.so.0.20.0
7c8c708a4000-7c8c708a6000 r--p 0000b000 08:03 681185                     /usr/lib/x86_64-linux-gnu/libwayland-client.so.0.20.0
7c8c708a6000-7c8c708a7000 ---p 0000d000 08:03 681185                     /usr/lib/x86_64-linux-gnu/libwayland-client.so.0.20.0
7c8c708a7000-7c8c708a9000 r--p 0000d000 08:03 681185                     /usr/lib/x86_64-linux-gnu/libwayland-client.so.0.20.0
7c8c708a9000-7c8c708aa000 rw-p 0000f000 08:03 681185                     /usr/lib/x86_64-linux-gnu/libwayland-client.so.0.20.0
7c8c708aa000-7c8c708ae000 r--p 00000000 08:03 679872                     /usr/lib/x86_64-linux-gnu/libbsd.so.0.11.5
7c8c708ae000-7c8c708bb000 r-xp 00004000 08:03 679872                     /usr/lib/x86_64-linux-gnu/libbsd.so.0.11.5
7c8c708bb000-7c8c708be000 r--p 00011000 08:03 679872                     /usr/lib/x86_64-linux-gnu/libbsd.so.0.11.5
7c8c708be000-7c8c708bf000 ---p 00014000 08:03 679872                     /usr/lib/x86_64-linux-gnu/libbsd.so.0.11.5
7c8c708bf000-7c8c708c0000 r--p 00014000 08:03 679872                     /usr/lib/x86_64-linux-gnu/libbsd.so.0.11.5
7c8c708c0000-7c8c708c1000 rw-p 00015000 08:03 679872                     /usr/lib/x86_64-linux-gnu/libbsd.so.0.11.5
7c8c708c1000-7c8c708c2000 rw-p 00000000 00:00 0 
7c8c708c2000-7c8c708cd000 r--p 00000000 08:03 681278                     /usr/lib/x86_64-linux-gnu/libxcb.so.1.1.0
7c8c708cd000-7c8c708e1000 r-xp 0000b000 08:03 681278                     /usr/lib/x86_64-linux-gnu/libxcb.so.1.1.0
7c8c708e1000-7c8c708ea000 r--p 0001f000 08:03 681278                     /usr/lib/x86_64-linux-gnu/libxcb.so.1.1.0
7c8c708ea000-7c8c708eb000 r--p 00027000 08:03 681278                     /usr/lib/x86_64-linux-gnu/libxcb.so.1.1.0
7c8c708eb000-7c8c708ec000 rw-p 00028000 08:03 681278                     /usr/lib/x86_64-linux-gnu/libxcb.so.1.1.0
7c8c708ec000-7c8c708ef000 r--p 00000000 08:03 679577                     /usr/lib/x86_64-linux-gnu/libXi.so.6.1.0
7c8c708ef000-7c8c708fb000 r-xp 00003000 08:03 679577                     /usr/lib/x86_64-linux-gnu/libXi.so.6.1.0
7c8c708fb000-7c8c708fe000 r--p 0000f000 08:03 679577                     /usr/lib/x86_64-linux-gnu/libXi.so.6.1.0
7c8c708fe000-7c8c708ff000 r--p 00011000 08:03 679577                     /usr/lib/x86_64-linux-gnu/libXi.so.6.1.0
7c8c708ff000-7c8c70900000 rw-p 00012000 08:03 679577                     /usr/lib/x86_64-linux-gnu/libXi.so.6.1.0
7c8c70a00000-7c8c70ecb000 r--s 00000000 08:03 659912                     /home/ilmi/pycharm-community-2024.1/lib/protobuf.jar
7c8c70ecb000-7c8c70ecc000 r--s 00000000 08:03 958857                     /var/cache/fontconfig/9a286459-8542-40ec-a120-60994da52663-le64.cache-7
7c8c70ecc000-7c8c70ecf000 r--s 00000000 08:03 958771                     /var/cache/fontconfig/372af00f-c039-4e96-9f2f-6024ffdc132d-le64.cache-7
7c8c70ecf000-7c8c70ed1000 r--s 00000000 08:03 958818                     /var/cache/fontconfig/6488b93f-4d0c-43e8-be14-4ca9429b8b51-le64.cache-7
7c8c70ed1000-7c8c70ed3000 r--p 00000000 08:03 680521                     /usr/lib/x86_64-linux-gnu/libmd.so.0.0.5
7c8c70ed3000-7c8c70eda000 r-xp 00002000 08:03 680521                     /usr/lib/x86_64-linux-gnu/libmd.so.0.0.5
7c8c70eda000-7c8c70edc000 r--p 00009000 08:03 680521                     /usr/lib/x86_64-linux-gnu/libmd.so.0.0.5
7c8c70edc000-7c8c70edd000 r--p 0000a000 08:03 680521                     /usr/lib/x86_64-linux-gnu/libmd.so.0.0.5
7c8c70edd000-7c8c70ede000 rw-p 0000b000 08:03 680521                     /usr/lib/x86_64-linux-gnu/libmd.so.0.0.5
7c8c70ede000-7c8c70ee0000 r--p 00000000 08:03 679589                     /usr/lib/x86_64-linux-gnu/libXrender.so.1.3.0
7c8c70ee0000-7c8c70ee7000 r-xp 00002000 08:03 679589                     /usr/lib/x86_64-linux-gnu/libXrender.so.1.3.0
7c8c70ee7000-7c8c70ee9000 r--p 00009000 08:03 679589                     /usr/lib/x86_64-linux-gnu/libXrender.so.1.3.0
7c8c70ee9000-7c8c70eea000 r--p 0000a000 08:03 679589                     /usr/lib/x86_64-linux-gnu/libXrender.so.1.3.0
7c8c70eea000-7c8c70eeb000 rw-p 0000b000 08:03 679589                     /usr/lib/x86_64-linux-gnu/libXrender.so.1.3.0
7c8c70eeb000-7c8c70eef000 r--p 00000000 08:03 679569                     /usr/lib/x86_64-linux-gnu/libXext.so.6.4.0
7c8c70eef000-7c8c70efa000 r-xp 00004000 08:03 679569                     /usr/lib/x86_64-linux-gnu/libXext.so.6.4.0
7c8c70efa000-7c8c70efe000 r--p 0000f000 08:03 679569                     /usr/lib/x86_64-linux-gnu/libXext.so.6.4.0
7c8c70efe000-7c8c70eff000 r--p 00012000 08:03 679569                     /usr/lib/x86_64-linux-gnu/libXext.so.6.4.0
7c8c70eff000-7c8c70f00000 rw-p 00013000 08:03 679569                     /usr/lib/x86_64-linux-gnu/libXext.so.6.4.0
7c8c70ff0000-7c8c71000000 r--s 00000000 08:03 1315778                    /home/ilmi/pycharm-community-2024.1/plugins/platform-ide-provisioner/lib/platform-ide-provisioner.jar
7c8c71000000-7c8c71554000 r--s 00000000 08:03 659900                     /home/ilmi/pycharm-community-2024.1/lib/rd.jar
7c8c71554000-7c8c71557000 r--s 00000000 08:03 958747                     /var/cache/fontconfig/193cb884-aaa9-4fe2-966d-80e8b3eaafa1-le64.cache-7
7c8c71557000-7c8c71559000 r--p 00000000 08:03 680198                     /usr/lib/x86_64-linux-gnu/libgmodule-2.0.so.0.7200.4
7c8c71559000-7c8c7155b000 r-xp 00002000 08:03 680198                     /usr/lib/x86_64-linux-gnu/libgmodule-2.0.so.0.7200.4
7c8c7155b000-7c8c7155c000 r--p 00004000 08:03 680198                     /usr/lib/x86_64-linux-gnu/libgmodule-2.0.so.0.7200.4
7c8c7155c000-7c8c7155d000 r--p 00004000 08:03 680198                     /usr/lib/x86_64-linux-gnu/libgmodule-2.0.so.0.7200.4
7c8c7155d000-7c8c7155e000 rw-p 00005000 08:03 680198                     /usr/lib/x86_64-linux-gnu/libgmodule-2.0.so.0.7200.4
7c8c7155e000-7c8c7156d000 r--p 00000000 08:03 660354                     /home/ilmi/pycharm-community-2024.1/jbr/lib/libawt_xawt.so
7c8c7156d000-7c8c715ad000 r-xp 0000f000 08:03 660354                     /home/ilmi/pycharm-community-2024.1/jbr/lib/libawt_xawt.so
7c8c715ad000-7c8c715bf000 r--p 0004f000 08:03 660354                     /home/ilmi/pycharm-community-2024.1/jbr/lib/libawt_xawt.so
7c8c715bf000-7c8c715c0000 ---p 00061000 08:03 660354                     /home/ilmi/pycharm-community-2024.1/jbr/lib/libawt_xawt.so
7c8c715c0000-7c8c715c1000 r--p 00061000 08:03 660354                     /home/ilmi/pycharm-community-2024.1/jbr/lib/libawt_xawt.so
7c8c715c1000-7c8c715c3000 rw-p 00062000 08:03 660354                     /home/ilmi/pycharm-community-2024.1/jbr/lib/libawt_xawt.so
7c8c715c3000-7c8c715c5000 rw-p 00000000 00:00 0 
7c8c715c5000-7c8c715ca000 r--p 00000000 08:03 680779                     /usr/lib/x86_64-linux-gnu/libpng16.so.16.37.0
7c8c715ca000-7c8c715f3000 r-xp 00005000 08:03 680779                     /usr/lib/x86_64-linux-gnu/libpng16.so.16.37.0
7c8c715f3000-7c8c715fe000 r--p 0002e000 08:03 680779                     /usr/lib/x86_64-linux-gnu/libpng16.so.16.37.0
7c8c715fe000-7c8c715ff000 r--p 00038000 08:03 680779                     /usr/lib/x86_64-linux-gnu/libpng16.so.16.37.0
7c8c715ff000-7c8c71600000 rw-p 00039000 08:03 680779                     /usr/lib/x86_64-linux-gnu/libpng16.so.16.37.0
7c8c71600000-7c8c7182d000 r--s 00000000 08:03 659901                     /home/ilmi/pycharm-community-2024.1/lib/stats.jar
7c8c7182d000-7c8c7182e000 r--s 00000000 08:03 958927                     /var/cache/fontconfig/f3ee0489-1260-4b44-a982-b71a1adfcc53-le64.cache-7
7c8c7182e000-7c8c7182f000 r--s 00000000 08:03 958843                     /var/cache/fontconfig/8501df3f-c401-4f63-931a-05225ed7c716-le64.cache-7
7c8c7182f000-7c8c71830000 r--s 00000000 08:03 958895                     /var/cache/fontconfig/cc19fb0d-0667-4b42-acd9-bc423f290666-le64.cache-7
7c8c71830000-7c8c71832000 r--p 00000000 08:03 679567                     /usr/lib/x86_64-linux-gnu/libXdmcp.so.6.0.0
7c8c71832000-7c8c71834000 r-xp 00002000 08:03 679567                     /usr/lib/x86_64-linux-gnu/libXdmcp.so.6.0.0
7c8c71834000-7c8c71836000 r--p 00004000 08:03 679567                     /usr/lib/x86_64-linux-gnu/libXdmcp.so.6.0.0
7c8c71836000-7c8c71837000 r--p 00005000 08:03 679567                     /usr/lib/x86_64-linux-gnu/libXdmcp.so.6.0.0
7c8c71837000-7c8c71838000 rw-p 00006000 08:03 679567                     /usr/lib/x86_64-linux-gnu/libXdmcp.so.6.0.0
7c8c71838000-7c8c71845000 r--p 00000000 08:03 680141                     /usr/lib/x86_64-linux-gnu/libfreetype.so.6.18.1
7c8c71845000-7c8c718ce000 r-xp 0000d000 08:03 680141                     /usr/lib/x86_64-linux-gnu/libfreetype.so.6.18.1
7c8c718ce000-7c8c718f7000 r--p 00096000 08:03 680141                     /usr/lib/x86_64-linux-gnu/libfreetype.so.6.18.1
7c8c718f7000-7c8c718f8000 ---p 000bf000 08:03 680141                     /usr/lib/x86_64-linux-gnu/libfreetype.so.6.18.1
7c8c718f8000-7c8c718ff000 r--p 000bf000 08:03 680141                     /usr/lib/x86_64-linux-gnu/libfreetype.so.6.18.1
7c8c718ff000-7c8c71900000 rw-p 000c6000 08:03 680141                     /usr/lib/x86_64-linux-gnu/libfreetype.so.6.18.1
7c8c71900000-7c8c71904000 ---p 00000000 00:00 0 
7c8c71904000-7c8c71a00000 rw-p 00000000 00:00 0 
7c8c71a00000-7c8c73782000 r--s 00000000 08:03 659890                     /home/ilmi/pycharm-community-2024.1/lib/modules.jar
7c8c73782000-7c8c73785000 r--s 00000000 08:03 958871                     /var/cache/fontconfig/aca93a1e-711f-408e-a39d-042e79526aad-le64.cache-7
7c8c73785000-7c8c73786000 r--p 00000000 08:03 679864                     /usr/lib/x86_64-linux-gnu/libbrotlicommon.so.1.0.9
7c8c73786000-7c8c73787000 r-xp 00001000 08:03 679864                     /usr/lib/x86_64-linux-gnu/libbrotlicommon.so.1.0.9
7c8c73787000-7c8c737a6000 r--p 00002000 08:03 679864                     /usr/lib/x86_64-linux-gnu/libbrotlicommon.so.1.0.9
7c8c737a6000-7c8c737a7000 r--p 00020000 08:03 679864                     /usr/lib/x86_64-linux-gnu/libbrotlicommon.so.1.0.9
7c8c737a7000-7c8c737a8000 rw-p 00021000 08:03 679864                     /usr/lib/x86_64-linux-gnu/libbrotlicommon.so.1.0.9
7c8c737a8000-7c8c737a9000 r--p 00000000 08:03 679866                     /usr/lib/x86_64-linux-gnu/libbrotlidec.so.1.0.9
7c8c737a9000-7c8c737b1000 r-xp 00001000 08:03 679866                     /usr/lib/x86_64-linux-gnu/libbrotlidec.so.1.0.9
7c8c737b1000-7c8c737b4000 r--p 00009000 08:03 679866                     /usr/lib/x86_64-linux-gnu/libbrotlidec.so.1.0.9
7c8c737b4000-7c8c737b5000 r--p 0000b000 08:03 679866                     /usr/lib/x86_64-linux-gnu/libbrotlidec.so.1.0.9
7c8c737b5000-7c8c737b6000 rw-p 0000c000 08:03 679866                     /usr/lib/x86_64-linux-gnu/libbrotlidec.so.1.0.9
7c8c737b6000-7c8c737bd000 r--p 00000000 08:03 680121                     /usr/lib/x86_64-linux-gnu/libfontconfig.so.1.12.0
7c8c737bd000-7c8c737e6000 r-xp 00007000 08:03 680121                     /usr/lib/x86_64-linux-gnu/libfontconfig.so.1.12.0
7c8c737e6000-7c8c737fc000 r--p 00030000 08:03 680121                     /usr/lib/x86_64-linux-gnu/libfontconfig.so.1.12.0
7c8c737fc000-7c8c737fd000 ---p 00046000 08:03 680121                     /usr/lib/x86_64-linux-gnu/libfontconfig.so.1.12.0
7c8c737fd000-7c8c737ff000 r--p 00046000 08:03 680121                     /usr/lib/x86_64-linux-gnu/libfontconfig.so.1.12.0
7c8c737ff000-7c8c73800000 rw-p 00048000 08:03 680121                     /usr/lib/x86_64-linux-gnu/libfontconfig.so.1.12.0
7c8c73800000-7c8c73a20000 r--s 00000000 08:03 659904                     /home/ilmi/pycharm-community-2024.1/lib/opentelemetry.jar
7c8c73a20000-7c8c73a21000 r--s 00000000 08:03 958765                     /var/cache/fontconfig/322304d2-2c66-4f11-ab3b-d6e2835582cf-le64.cache-7
7c8c73a21000-7c8c73a22000 r--p 00000000 08:03 679579                     /usr/lib/x86_64-linux-gnu/libXinerama.so.1.0.0
7c8c73a22000-7c8c73a23000 r-xp 00001000 08:03 679579                     /usr/lib/x86_64-linux-gnu/libXinerama.so.1.0.0
7c8c73a23000-7c8c73a24000 r--p 00002000 08:03 679579                     /usr/lib/x86_64-linux-gnu/libXinerama.so.1.0.0
7c8c73a24000-7c8c73a25000 r--p 00003000 08:03 679579                     /usr/lib/x86_64-linux-gnu/libXinerama.so.1.0.0
7c8c73a25000-7c8c73a26000 rw-p 00004000 08:03 679579                     /usr/lib/x86_64-linux-gnu/libXinerama.so.1.0.0
7c8c73a26000-7c8c73a27000 r--p 00000000 08:03 679556                     /usr/lib/x86_64-linux-gnu/libXau.so.6.0.0
7c8c73a27000-7c8c73a29000 r-xp 00001000 08:03 679556                     /usr/lib/x86_64-linux-gnu/libXau.so.6.0.0
7c8c73a29000-7c8c73a2a000 r--p 00003000 08:03 679556                     /usr/lib/x86_64-linux-gnu/libXau.so.6.0.0
7c8c73a2a000-7c8c73a2b000 r--p 00003000 08:03 679556                     /usr/lib/x86_64-linux-gnu/libXau.so.6.0.0
7c8c73a2b000-7c8c73a2c000 rw-p 00004000 08:03 679556                     /usr/lib/x86_64-linux-gnu/libXau.so.6.0.0
7c8c73a2c000-7c8c73b0c000 r--s 00000000 08:03 659921                     /home/ilmi/pycharm-community-2024.1/lib/junit4.jar
7c8c73b0c000-7c8c73c00000 r--s 00000000 08:03 659918                     /home/ilmi/pycharm-community-2024.1/lib/intellij-coverage-agent-1.0.744.jar
7c8c73c00000-7c8c73fa4000 r--s 00000000 08:03 659917                     /home/ilmi/pycharm-community-2024.1/lib/util.jar
7c8c73fa4000-7c8c73fa5000 r--s 00000000 08:03 958740                     /var/cache/fontconfig/0fc7873f-9b60-4d38-b62d-cd6032bc36c3-le64.cache-7
7c8c73fa5000-7c8c73fa7000 r--p 00000000 08:03 679595                     /usr/lib/x86_64-linux-gnu/libXtst.so.6.1.0
7c8c73fa7000-7c8c73faa000 r-xp 00002000 08:03 679595                     /usr/lib/x86_64-linux-gnu/libXtst.so.6.1.0
7c8c73faa000-7c8c73fab000 r--p 00005000 08:03 679595                     /usr/lib/x86_64-linux-gnu/libXtst.so.6.1.0
7c8c73fab000-7c8c73fac000 r--p 00005000 08:03 679595                     /usr/lib/x86_64-linux-gnu/libXtst.so.6.1.0
7c8c73fac000-7c8c73fad000 rw-p 00006000 08:03 679595                     /usr/lib/x86_64-linux-gnu/libXtst.so.6.1.0
7c8c73fad000-7c8c73faf000 r--p 00000000 08:03 676603                     /usr/lib/x86_64-linux-gnu/libuuid.so.1.3.0
7c8c73faf000-7c8c73fb3000 r-xp 00002000 08:03 676603                     /usr/lib/x86_64-linux-gnu/libuuid.so.1.3.0
7c8c73fb3000-7c8c73fb4000 r--p 00006000 08:03 676603                     /usr/lib/x86_64-linux-gnu/libuuid.so.1.3.0
7c8c73fb4000-7c8c73fb5000 r--p 00006000 08:03 676603                     /usr/lib/x86_64-linux-gnu/libuuid.so.1.3.0
7c8c73fb5000-7c8c73fb6000 rw-p 00007000 08:03 676603                     /usr/lib/x86_64-linux-gnu/libuuid.so.1.3.0
7c8c73fb6000-7c8c73fba000 r--p 00000000 08:03 654904                     /usr/lib/x86_64-linux-gnu/libexpat.so.1.8.7
7c8c73fba000-7c8c73fd9000 r-xp 00004000 08:03 654904                     /usr/lib/x86_64-linux-gnu/libexpat.so.1.8.7
7c8c73fd9000-7c8c73fe3000 r--p 00023000 08:03 654904                     /usr/lib/x86_64-linux-gnu/libexpat.so.1.8.7
7c8c73fe3000-7c8c73fe4000 ---p 0002d000 08:03 654904                     /usr/lib/x86_64-linux-gnu/libexpat.so.1.8.7
7c8c73fe4000-7c8c73fe6000 r--p 0002d000 08:03 654904                     /usr/lib/x86_64-linux-gnu/libexpat.so.1.8.7
7c8c73fe6000-7c8c73fe7000 rw-p 0002f000 08:03 654904                     /usr/lib/x86_64-linux-gnu/libexpat.so.1.8.7
7c8c73fe7000-7c8c73fe9000 r--p 00000000 08:03 679571                     /usr/lib/x86_64-linux-gnu/libXfixes.so.3.1.0
7c8c73fe9000-7c8c73fec000 r-xp 00002000 08:03 679571                     /usr/lib/x86_64-linux-gnu/libXfixes.so.3.1.0
7c8c73fec000-7c8c73fed000 r--p 00005000 08:03 679571                     /usr/lib/x86_64-linux-gnu/libXfixes.so.3.1.0
7c8c73fed000-7c8c73fee000 r--p 00006000 08:03 679571                     /usr/lib/x86_64-linux-gnu/libXfixes.so.3.1.0
7c8c73fee000-7c8c73fef000 rw-p 00007000 08:03 679571                     /usr/lib/x86_64-linux-gnu/libXfixes.so.3.1.0
7c8c73fef000-7c8c73ffb000 r--p 00000000 08:03 800228                     /usr/share/glib-2.0/schemas/gschemas.compiled
7c8c73ffb000-7c8c73ffc000 r--p 00000000 08:03 660371                     /home/ilmi/pycharm-community-2024.1/jbr/lib/libprefs.so
7c8c73ffc000-7c8c73ffd000 r-xp 00001000 08:03 660371                     /home/ilmi/pycharm-community-2024.1/jbr/lib/libprefs.so
7c8c73ffd000-7c8c73ffe000 r--p 00002000 08:03 660371                     /home/ilmi/pycharm-community-2024.1/jbr/lib/libprefs.so
7c8c73ffe000-7c8c73fff000 r--p 00002000 08:03 660371                     /home/ilmi/pycharm-community-2024.1/jbr/lib/libprefs.so
7c8c73fff000-7c8c74000000 rw-p 00000000 00:00 0 
7c8c74000000-7c8c749ec000 rw-p 00000000 00:00 0 
7c8c749ec000-7c8c78000000 ---p 00000000 00:00 0 
7c8c78000000-7c8c7889c000 rw-p 00000000 00:00 0 
7c8c7889c000-7c8c7c000000 ---p 00000000 00:00 0 
7c8c7c000000-7c8c7ce3a000 rw-p 00000000 00:00 0 
7c8c7ce3a000-7c8c80000000 ---p 00000000 00:00 0 
7c8c80000000-7c8c80321000 rw-p 00000000 00:00 0 
7c8c80321000-7c8c84000000 ---p 00000000 00:00 0 
7c8c84000000-7c8c853bd000 rw-p 00000000 00:00 0 
7c8c853bd000-7c8c88000000 ---p 00000000 00:00 0 
7c8c88000000-7c8c885f5000 rw-p 00000000 00:00 0 
7c8c885f5000-7c8c8c000000 ---p 00000000 00:00 0 
7c8c8c000000-7c8c8c4f0000 rw-p 00000000 00:00 0 
7c8c8c4f0000-7c8c8c570000 rw-p 00000000 00:00 0 
7c8c8c570000-7c8c8c6f0000 rw-p 00000000 00:00 0 
7c8c8c6f0000-7c8c8c7f0000 rw-p 00000000 00:00 0 
7c8c8c7f0000-7c8c8c8f0000 rw-p 00000000 00:00 0 
7c8c8c8f0000-7c8c8c9f0000 rw-p 00000000 00:00 0 
7c8c8c9f0000-7c8c8caf0000 rw-p 00000000 00:00 0 
7c8c8caf0000-7c8c8ccf0000 rw-p 00000000 00:00 0 
7c8c8ccf0000-7c8c8cd10000 rw-p 00000000 00:00 0 
7c8c8cd10000-7c8c8cd30000 rw-p 00000000 00:00 0 
7c8c8cd30000-7c8c8cd70000 rw-p 00000000 00:00 0 
7c8c8cd70000-7c8c8cef0000 rw-p 00000000 00:00 0 
7c8c8cef0000-7c8c8cfd0000 rw-p 00000000 00:00 0 
7c8c8cfd0000-7c8c8d0f0000 rw-p 00000000 00:00 0 
7c8c8d0f0000-7c8c8d170000 rw-p 00000000 00:00 0 
7c8c8d170000-7c8c8d1f0000 rw-p 00000000 00:00 0 
7c8c8d1f0000-7c8c8d2f0000 rw-p 00000000 00:00 0 
7c8c8d2f0000-7c8c8d3f0000 rw-p 00000000 00:00 0 
7c8c8d3f0000-7c8c8d4f0000 rw-p 00000000 00:00 0 
7c8c8d4f0000-7c8c8d5f0000 rw-p 00000000 00:00 0 
7c8c8d5f0000-7c8c8d7b0000 rw-p 00000000 00:00 0 
7c8c8d7b0000-7c8c8d7f0000 rw-p 00000000 00:00 0 
7c8c8d7f0000-7c8c8d8f0000 rw-p 00000000 00:00 0 
7c8c8d8f0000-7c8c8d9f0000 rw-p 00000000 00:00 0 
7c8c8d9f0000-7c8c8dcf0000 rw-p 00000000 00:00 0 
7c8c8dcf0000-7c8c8ddf0000 rw-p 00000000 00:00 0 
7c8c8ddf0000-7c8c8def0000 rw-p 00000000 00:00 0 
7c8c8def0000-7c8c8dff0000 rw-p 00000000 00:00 0 
7c8c8dff0000-7c8c8e6f0000 rw-p 00000000 00:00 0 
7c8c8e6f0000-7c8c8e7f0000 rw-p 00000000 00:00 0 
7c8c8e7f0000-7c8c8eb70000 rw-p 00000000 00:00 0 
7c8c8eb70000-7c8c8ebf0000 rw-p 00000000 00:00 0 
7c8c8ebf0000-7c8c8f0f0000 rw-p 00000000 00:00 0 
7c8c8f0f0000-7c8c8f1f0000 rw-p 00000000 00:00 0 
7c8c8f1f0000-7c8c8f3f0000 rw-p 00000000 00:00 0 
7c8c8f3f0000-7c8c8f4f0000 rw-p 00000000 00:00 0 
7c8c8f4f0000-7c8c8f6f0000 rw-p 00000000 00:00 0 
7c8c8f6f0000-7c8c8f7f0000 rw-p 00000000 00:00 0 
7c8c8f7f0000-7c8c8faf0000 rw-p 00000000 00:00 0 
7c8c8faf0000-7c8c8fbf0000 rw-p 00000000 00:00 0 
7c8c8fbf0000-7c8c8fc70000 rw-p 00000000 00:00 0 
7c8c8fc70000-7c8c90000000 rw-p 00000000 00:00 0 
7c8c90000000-7c8c90003000 r--s 00000000 08:03 967752                     /var/cache/fontconfig/81d1cc3e-2e4b-4baf-862a-f495e7b69a2d-le64.cache-7
7c8c90003000-7c8c9000a000 r--s 00000000 08:03 701957                     /usr/lib/x86_64-linux-gnu/gconv/gconv-modules.cache
7c8c9000a000-7c8c90038000 r--p 00000000 08:03 958238                     /usr/share/locale-langpack/ru/LC_MESSAGES/libc.mo
7c8c90038000-7c8c9003c000 r--p 00000000 08:03 660392                     /home/ilmi/pycharm-community-2024.1/jbr/lib/libverify.so
7c8c9003c000-7c8c90043000 r-xp 00004000 08:03 660392                     /home/ilmi/pycharm-community-2024.1/jbr/lib/libverify.so
7c8c90043000-7c8c90045000 r--p 0000b000 08:03 660392                     /home/ilmi/pycharm-community-2024.1/jbr/lib/libverify.so
7c8c90045000-7c8c90047000 r--p 0000c000 08:03 660392                     /home/ilmi/pycharm-community-2024.1/jbr/lib/libverify.so
7c8c90047000-7c8c90048000 rw-p 00000000 00:00 0 
7c8c90048000-7c8c9008a000 r--s 00000000 08:03 659877                     /home/ilmi/pycharm-community-2024.1/plugins/marketplace/lib/boot/marketplace-bootstrap.jar
7c8c9008a000-7c8c900c7000 r--s 00000000 08:03 659922                     /home/ilmi/pycharm-community-2024.1/lib/trove.jar
7c8c900c7000-7c8c900d6000 r--s 00000000 08:03 659907                     /home/ilmi/pycharm-community-2024.1/lib/jsch-agent.jar
7c8c900d6000-7c8c900e2000 r--s 00000000 08:03 659916                     /home/ilmi/pycharm-community-2024.1/lib/annotations.jar
7c8c900e2000-7c8c900f2000 r--s 00000000 08:03 659920                     /home/ilmi/pycharm-community-2024.1/lib/forms_rt.jar
7c8c900f2000-7c8c9018a000 r--s 00000000 08:03 659897                     /home/ilmi/pycharm-community-2024.1/lib/intellij-test-discovery.jar
7c8c9018a000-7c8c902b2000 r--s 00000000 08:03 659906                     /home/ilmi/pycharm-community-2024.1/lib/jps-model.jar
7c8c902b2000-7c8c902ff000 r--s 00000000 08:03 659892                     /home/ilmi/pycharm-community-2024.1/lib/util_rt.jar
7c8c902ff000-7c8c90300000 ---p 00000000 00:00 0 
7c8c90300000-7c8c90400000 rw-p 00000000 00:00 0 
7c8c90400000-7c8c90404000 ---p 00000000 00:00 0 
7c8c90404000-7c8c90500000 rw-p 00000000 00:00 0 
7c8c90500000-7c8c90504000 ---p 00000000 00:00 0 
7c8c90504000-7c8c90600000 rw-p 00000000 00:00 0 
7c8c90600000-7c8c90604000 ---p 00000000 00:00 0 
7c8c90604000-7c8c90700000 rw-p 00000000 00:00 0 
7c8c90700000-7c8c90704000 ---p 00000000 00:00 0 
7c8c90704000-7c8c90800000 rw-p 00000000 00:00 0 
7c8c90800000-7c8c95800000 rwxp 00000000 00:00 0 
7c8c95800000-7c8ca0538000 ---p 00000000 00:00 0 
7c8ca0538000-7c8ca07a8000 rwxp 00000000 00:00 0 
7c8ca07a8000-7c8ca0ac7000 ---p 00000000 00:00 0 
7c8ca0ac7000-7c8ca2657000 rwxp 00000000 00:00 0 
7c8ca2657000-7c8cb0800000 ---p 00000000 00:00 0 
7c8cb0800000-7c8cb3f80000 r--s 00000000 08:03 660368                     /home/ilmi/pycharm-community-2024.1/jbr/lib/modules
7c8cb3f80000-7c8cb3f81000 r--s 00000000 08:03 958794                     /var/cache/fontconfig/513e02c6-6aec-4b91-9c46-efef978ff249-le64.cache-7
7c8cb3f81000-7c8cb3f82000 r--p 00000000 08:03 660452                     /home/ilmi/pycharm-community-2024.1/jbr/lib/libextnet.so
7c8cb3f82000-7c8cb3f83000 r-xp 00001000 08:03 660452                     /home/ilmi/pycharm-community-2024.1/jbr/lib/libextnet.so
7c8cb3f83000-7c8cb3f84000 r--p 00002000 08:03 660452                     /home/ilmi/pycharm-community-2024.1/jbr/lib/libextnet.so
7c8cb3f84000-7c8cb3f85000 r--p 00002000 08:03 660452                     /home/ilmi/pycharm-community-2024.1/jbr/lib/libextnet.so
7c8cb3f85000-7c8cb3f86000 rw-p 00000000 00:00 0 
7c8cb3f86000-7c8cb3f95000 r--s 00000000 08:03 659887                     /home/ilmi/pycharm-community-2024.1/lib/external-system-rt.jar
7c8cb3f95000-7c8cb4000000 r--s 00000000 08:03 659911                     /home/ilmi/pycharm-community-2024.1/lib/platform-loader.jar
7c8cb4000000-7c8cb7f57000 rw-p 00000000 00:00 0 
7c8cb7f57000-7c8cb8000000 ---p 00000000 00:00 0 
7c8cb8000000-7c8cb8004000 ---p 00000000 00:00 0 
7c8cb8004000-7c8cb8100000 rw-p 00000000 00:00 0 
7c8cb8100000-7c8cb8104000 ---p 00000000 00:00 0 
7c8cb8104000-7c8cb8200000 rw-p 00000000 00:00 0 
7c8cb8200000-7c8cb8204000 ---p 00000000 00:00 0 
7c8cb8204000-7c8cb8300000 rw-p 00000000 00:00 0 
7c8cb8300000-7c8cb8304000 ---p 00000000 00:00 0 
7c8cb8304000-7c8cb8400000 rw-p 00000000 00:00 0 
7c8cb8400000-7c8cb898c000 r--p 00000000 08:03 654378                     /usr/lib/locale/locale-archive
7c8cb898c000-7c8cb898d000 r--s 00000000 08:03 958907                     /var/cache/fontconfig/d5e2f615-0279-4812-8aea-b43f3127963b-le64.cache-7
7c8cb898d000-7c8cb8991000 r--s 00000000 08:03 659902                     /home/ilmi/pycharm-community-2024.1/lib/externalProcess-rt.jar
7c8cb8991000-7c8cb89c2000 rw-p 00000000 00:00 0 
7c8cb89c2000-7c8cb89c6000 ---p 00000000 00:00 0 
7c8cb89c6000-7c8cb8ac2000 rw-p 00000000 00:00 0 
7c8cb8ac2000-7c8cb8ac6000 ---p 00000000 00:00 0 
7c8cb8ac6000-7c8cb8bc2000 rw-p 00000000 00:00 0 
7c8cb8bc2000-7c8cb8bc3000 ---p 00000000 00:00 0 
7c8cb8bc3000-7c8cb8cc3000 rw-p 00000000 00:00 0 
7c8cb8e5e000-7c8cb8f35000 rw-p 00000000 00:00 0 
7c8cb8f35000-7c8cb9109000 ---p 00000000 00:00 0 
7c8cb9109000-7c8cb9175000 rw-p 00000000 00:00 0 
7c8cb9175000-7c8cb925e000 ---p 00000000 00:00 0 
7c8cb925e000-7c8cb9336000 rw-p 00000000 00:00 0 
7c8cb9336000-7c8cb9509000 ---p 00000000 00:00 0 
7c8cb9509000-7c8cb9542000 rw-p 00000000 00:00 0 
7c8cb9542000-7c8cb9705000 ---p 00000000 00:00 0 
7c8cb9705000-7c8cb97a5000 rw-p 00000000 00:00 0 
7c8cb97a5000-7c8cb9900000 ---p 00000000 00:00 0 
7c8cb9900000-7c8cb9904000 ---p 00000000 00:00 0 
7c8cb9904000-7c8cb9a00000 rw-p 00000000 00:00 0 
7c8cb9a00000-7c8cb9c53000 r--p 00000000 08:03 660345                     /home/ilmi/pycharm-community-2024.1/jbr/lib/server/libjvm.so
7c8cb9c53000-7c8cba979000 r-xp 00253000 08:03 660345                     /home/ilmi/pycharm-community-2024.1/jbr/lib/server/libjvm.so
7c8cba979000-7c8cbac0a000 r--p 00f79000 08:03 660345                     /home/ilmi/pycharm-community-2024.1/jbr/lib/server/libjvm.so
7c8cbac0a000-7c8cbac0b000 ---p 0120a000 08:03 660345                     /home/ilmi/pycharm-community-2024.1/jbr/lib/server/libjvm.so
7c8cbac0b000-7c8cbacc4000 r--p 0120a000 08:03 660345                     /home/ilmi/pycharm-community-2024.1/jbr/lib/server/libjvm.so
7c8cbacc4000-7c8cbacf9000 rw-p 012c3000 08:03 660345                     /home/ilmi/pycharm-community-2024.1/jbr/lib/server/libjvm.so
7c8cbacf9000-7c8cbad63000 rw-p 00000000 00:00 0 
7c8cbad63000-7c8cbad64000 r--s 00000000 08:03 958898                     /var/cache/fontconfig/d3d4d11f-532e-429f-a99c-38cc8b7a4593-le64.cache-7
7c8cbad64000-7c8cbadbf000 rw-p 00000000 00:00 0 
7c8cbadc5000-7c8cbadc6000 r--p 00000000 08:03 660326                     /home/ilmi/pycharm-community-2024.1/jbr/lib/libjawt.so
7c8cbadc6000-7c8cbadc7000 r-xp 00001000 08:03 660326                     /home/ilmi/pycharm-community-2024.1/jbr/lib/libjawt.so
7c8cbadc7000-7c8cbadc8000 r--p 00002000 08:03 660326                     /home/ilmi/pycharm-community-2024.1/jbr/lib/libjawt.so
7c8cbadc8000-7c8cbadc9000 r--p 00002000 08:03 660326                     /home/ilmi/pycharm-community-2024.1/jbr/lib/libjawt.so
7c8cbadc9000-7c8cbadca000 rw-p 00000000 00:00 0 
7c8cbadca000-7c8cbadcb000 r--p 00000000 08:03 680652                     /usr/lib/x86_64-linux-gnu/libnss_mdns4_minimal.so.2
7c8cbadcb000-7c8cbadcd000 r-xp 00001000 08:03 680652                     /usr/lib/x86_64-linux-gnu/libnss_mdns4_minimal.so.2
7c8cbadcd000-7c8cbadce000 r--p 00003000 08:03 680652                     /usr/lib/x86_64-linux-gnu/libnss_mdns4_minimal.so.2
7c8cbadce000-7c8cbadcf000 r--p 00003000 08:03 680652                     /usr/lib/x86_64-linux-gnu/libnss_mdns4_minimal.so.2
7c8cbadcf000-7c8cbadd0000 rw-p 00004000 08:03 680652                     /usr/lib/x86_64-linux-gnu/libnss_mdns4_minimal.so.2
7c8cbadd0000-7c8cbadd4000 ---p 00000000 00:00 0 
7c8cbadd4000-7c8cbadf2000 rw-p 00000000 00:00 0 
7c8cbadf2000-7c8cbadf3000 r--p 00000000 08:03 656568                     /usr/lib/x86_64-linux-gnu/libutil.so.1
7c8cbadf3000-7c8cbadf4000 r-xp 00001000 08:03 656568                     /usr/lib/x86_64-linux-gnu/libutil.so.1
7c8cbadf4000-7c8cbadf5000 r--p 00002000 08:03 656568                     /usr/lib/x86_64-linux-gnu/libutil.so.1
7c8cbadf5000-7c8cbadf6000 r--p 00002000 08:03 656568                     /usr/lib/x86_64-linux-gnu/libutil.so.1
7c8cbadf6000-7c8cbadf7000 rw-p 00003000 08:03 656568                     /usr/lib/x86_64-linux-gnu/libutil.so.1
7c8cbadf7000-7c8cbae00000 rw-s 00000000 00:01 32773                      /SYSV00000000 (deleted)
7c8cbae00000-7c8cbae28000 r--p 00000000 08:03 656471                     /usr/lib/x86_64-linux-gnu/libc.so.6
7c8cbae28000-7c8cbafbd000 r-xp 00028000 08:03 656471                     /usr/lib/x86_64-linux-gnu/libc.so.6
7c8cbafbd000-7c8cbb015000 r--p 001bd000 08:03 656471                     /usr/lib/x86_64-linux-gnu/libc.so.6
7c8cbb015000-7c8cbb016000 ---p 00215000 08:03 656471                     /usr/lib/x86_64-linux-gnu/libc.so.6
7c8cbb016000-7c8cbb01a000 r--p 00215000 08:03 656471                     /usr/lib/x86_64-linux-gnu/libc.so.6
7c8cbb01a000-7c8cbb01c000 rw-p 00219000 08:03 656471                     /usr/lib/x86_64-linux-gnu/libc.so.6
7c8cbb01c000-7c8cbb029000 rw-p 00000000 00:00 0 
7c8cbb029000-7c8cbb02a000 r--s 00000000 08:03 958776                     /var/cache/fontconfig/3a1d578d-058a-4a68-8a17-6b2e6b0d6b14-le64.cache-7
7c8cbb02a000-7c8cbb02b000 r--p 00000000 08:03 523400                     /home/ilmi/.config/dconf/user
7c8cbb02b000-7c8cbb02c000 r--s 00000000 00:32 53                         /run/user/1000/dconf/user
7c8cbb02c000-7c8cbb030000 r--p 00000000 08:03 660372                     /home/ilmi/pycharm-community-2024.1/jbr/lib/libnet.so
7c8cbb030000-7c8cbb03e000 r-xp 00004000 08:03 660372                     /home/ilmi/pycharm-community-2024.1/jbr/lib/libnet.so
7c8cbb03e000-7c8cbb042000 r--p 00012000 08:03 660372                     /home/ilmi/pycharm-community-2024.1/jbr/lib/libnet.so
7c8cbb042000-7c8cbb043000 r--p 00015000 08:03 660372                     /home/ilmi/pycharm-community-2024.1/jbr/lib/libnet.so
7c8cbb043000-7c8cbb044000 rw-p 00016000 08:03 660372                     /home/ilmi/pycharm-community-2024.1/jbr/lib/libnet.so
7c8cbb044000-7c8cbb04b000 r--p 00000000 08:03 660373                     /home/ilmi/pycharm-community-2024.1/jbr/lib/libnio.so
7c8cbb04b000-7c8cbb054000 r-xp 00007000 08:03 660373                     /home/ilmi/pycharm-community-2024.1/jbr/lib/libnio.so
7c8cbb054000-7c8cbb058000 r--p 00010000 08:03 660373                     /home/ilmi/pycharm-community-2024.1/jbr/lib/libnio.so
7c8cbb058000-7c8cbb059000 ---p 00014000 08:03 660373                     /home/ilmi/pycharm-community-2024.1/jbr/lib/libnio.so
7c8cbb059000-7c8cbb05a000 r--p 00014000 08:03 660373                     /home/ilmi/pycharm-community-2024.1/jbr/lib/libnio.so
7c8cbb05a000-7c8cbb05b000 rw-p 00015000 08:03 660373                     /home/ilmi/pycharm-community-2024.1/jbr/lib/libnio.so
7c8cbb05b000-7c8cbb060000 rw-p 00000000 00:00 0 
7c8cbb060000-7c8cbb067000 ---p 00000000 00:00 0 
7c8cbb067000-7c8cbb073000 r--p 00000000 08:03 660346                     /home/ilmi/pycharm-community-2024.1/jbr/lib/libjava.so
7c8cbb073000-7c8cbb085000 r-xp 0000c000 08:03 660346                     /home/ilmi/pycharm-community-2024.1/jbr/lib/libjava.so
7c8cbb085000-7c8cbb08b000 r--p 0001e000 08:03 660346                     /home/ilmi/pycharm-community-2024.1/jbr/lib/libjava.so
7c8cbb08b000-7c8cbb08c000 ---p 00024000 08:03 660346                     /home/ilmi/pycharm-community-2024.1/jbr/lib/libjava.so
7c8cbb08c000-7c8cbb08d000 r--p 00024000 08:03 660346                     /home/ilmi/pycharm-community-2024.1/jbr/lib/libjava.so
7c8cbb08d000-7c8cbb08e000 rw-p 00025000 08:03 660346                     /home/ilmi/pycharm-community-2024.1/jbr/lib/libjava.so
7c8cbb08e000-7c8cbb08f000 rw-p 00000000 00:00 0 
7c8cbb08f000-7c8cbb092000 r--p 00000000 08:03 660338                     /home/ilmi/pycharm-community-2024.1/jbr/lib/libjimage.so
7c8cbb092000-7c8cbb0a6000 r-xp 00003000 08:03 660338                     /home/ilmi/pycharm-community-2024.1/jbr/lib/libjimage.so
7c8cbb0a6000-7c8cbb0ac000 r--p 00017000 08:03 660338                     /home/ilmi/pycharm-community-2024.1/jbr/lib/libjimage.so
7c8cbb0ac000-7c8cbb0ae000 r--p 0001c000 08:03 660338                     /home/ilmi/pycharm-community-2024.1/jbr/lib/libjimage.so
7c8cbb0ae000-7c8cbb0af000 rw-p 0001e000 08:03 660338                     /home/ilmi/pycharm-community-2024.1/jbr/lib/libjimage.so
7c8cbb0af000-7c8cbb0bd000 r--p 00000000 08:03 656479                     /usr/lib/x86_64-linux-gnu/libm.so.6
7c8cbb0bd000-7c8cbb139000 r-xp 0000e000 08:03 656479                     /usr/lib/x86_64-linux-gnu/libm.so.6
7c8cbb139000-7c8cbb194000 r--p 0008a000 08:03 656479                     /usr/lib/x86_64-linux-gnu/libm.so.6
7c8cbb194000-7c8cbb195000 r--p 000e4000 08:03 656479                     /usr/lib/x86_64-linux-gnu/libm.so.6
7c8cbb195000-7c8cbb196000 rw-p 000e5000 08:03 656479                     /usr/lib/x86_64-linux-gnu/libm.so.6
7c8cbb196000-7c8cbb197000 r--p 00000000 08:03 656547                     /usr/lib/x86_64-linux-gnu/librt.so.1
7c8cbb197000-7c8cbb198000 r-xp 00001000 08:03 656547                     /usr/lib/x86_64-linux-gnu/librt.so.1
7c8cbb198000-7c8cbb199000 r--p 00002000 08:03 656547                     /usr/lib/x86_64-linux-gnu/librt.so.1
7c8cbb199000-7c8cbb19a000 r--p 00002000 08:03 656547                     /usr/lib/x86_64-linux-gnu/librt.so.1
7c8cbb19a000-7c8cbb19b000 rw-p 00003000 08:03 656547                     /usr/lib/x86_64-linux-gnu/librt.so.1
7c8cbb19b000-7c8cbb19f000 rw-p 00000000 00:00 0 
7c8cbb19f000-7c8cbb1a0000 r--p 00000000 08:03 656474                     /usr/lib/x86_64-linux-gnu/libdl.so.2
7c8cbb1a0000-7c8cbb1a1000 r-xp 00001000 08:03 656474                     /usr/lib/x86_64-linux-gnu/libdl.so.2
7c8cbb1a1000-7c8cbb1a2000 r--p 00002000 08:03 656474                     /usr/lib/x86_64-linux-gnu/libdl.so.2
7c8cbb1a2000-7c8cbb1a3000 r--p 00002000 08:03 656474                     /usr/lib/x86_64-linux-gnu/libdl.so.2
7c8cbb1a3000-7c8cbb1a4000 rw-p 00003000 08:03 656474                     /usr/lib/x86_64-linux-gnu/libdl.so.2
7c8cbb1a4000-7c8cbb1a5000 r--p 00000000 08:03 656526                     /usr/lib/x86_64-linux-gnu/libpthread.so.0
7c8cbb1a5000-7c8cbb1a6000 r-xp 00001000 08:03 656526                     /usr/lib/x86_64-linux-gnu/libpthread.so.0
7c8cbb1a6000-7c8cbb1a7000 r--p 00002000 08:03 656526                     /usr/lib/x86_64-linux-gnu/libpthread.so.0
7c8cbb1a7000-7c8cbb1a8000 r--p 00002000 08:03 656526                     /usr/lib/x86_64-linux-gnu/libpthread.so.0
7c8cbb1a8000-7c8cbb1a9000 rw-p 00003000 08:03 656526                     /usr/lib/x86_64-linux-gnu/libpthread.so.0
7c8cbb1a9000-7c8cbb1ab000 r--p 00000000 08:03 660353                     /home/ilmi/pycharm-community-2024.1/jbr/lib/libjli.so
7c8cbb1ab000-7c8cbb1b5000 r-xp 00002000 08:03 660353                     /home/ilmi/pycharm-community-2024.1/jbr/lib/libjli.so
7c8cbb1b5000-7c8cbb1b8000 r--p 0000c000 08:03 660353                     /home/ilmi/pycharm-community-2024.1/jbr/lib/libjli.so
7c8cbb1b8000-7c8cbb1b9000 ---p 0000f000 08:03 660353                     /home/ilmi/pycharm-community-2024.1/jbr/lib/libjli.so
7c8cbb1b9000-7c8cbb1ba000 r--p 0000f000 08:03 660353                     /home/ilmi/pycharm-community-2024.1/jbr/lib/libjli.so
7c8cbb1ba000-7c8cbb1bb000 rw-p 00010000 08:03 660353                     /home/ilmi/pycharm-community-2024.1/jbr/lib/libjli.so
7c8cbb1bb000-7c8cbb1bd000 r--p 00000000 08:03 681314                     /usr/lib/x86_64-linux-gnu/libz.so.1.2.11
7c8cbb1bd000-7c8cbb1ce000 r-xp 00002000 08:03 681314                     /usr/lib/x86_64-linux-gnu/libz.so.1.2.11
7c8cbb1ce000-7c8cbb1d4000 r--p 00013000 08:03 681314                     /usr/lib/x86_64-linux-gnu/libz.so.1.2.11
7c8cbb1d4000-7c8cbb1d5000 ---p 00019000 08:03 681314                     /usr/lib/x86_64-linux-gnu/libz.so.1.2.11
7c8cbb1d5000-7c8cbb1d6000 r--p 00019000 08:03 681314                     /usr/lib/x86_64-linux-gnu/libz.so.1.2.11
7c8cbb1d6000-7c8cbb1d7000 rw-p 0001a000 08:03 681314                     /usr/lib/x86_64-linux-gnu/libz.so.1.2.11
7c8cbb1d7000-7c8cbb1d9000 r--p 00000000 08:03 660350                     /home/ilmi/pycharm-community-2024.1/jbr/lib/libzip.so
7c8cbb1d9000-7c8cbb1dd000 r-xp 00002000 08:03 660350                     /home/ilmi/pycharm-community-2024.1/jbr/lib/libzip.so
7c8cbb1dd000-7c8cbb1df000 r--p 00006000 08:03 660350                     /home/ilmi/pycharm-community-2024.1/jbr/lib/libzip.so
7c8cbb1df000-7c8cbb1e0000 r--p 00007000 08:03 660350                     /home/ilmi/pycharm-community-2024.1/jbr/lib/libzip.so
7c8cbb1e0000-7c8cbb1e1000 rw-p 00000000 00:00 0 
7c8cbb1e1000-7c8cbb1e9000 rw-s 00000000 08:03 1439032                    /tmp/hsperfdata_ilmi/1664
7c8cbb1e9000-7c8cbb1ea000 ---p 00000000 00:00 0 
7c8cbb1ea000-7c8cbb1eb000 r--p 00000000 00:00 0 
7c8cbb1eb000-7c8cbb1ed000 rw-p 00000000 00:00 0 
7c8cbb1ed000-7c8cbb1ef000 r--p 00000000 08:03 654161                     /usr/lib/x86_64-linux-gnu/ld-linux-x86-64.so.2
7c8cbb1ef000-7c8cbb219000 r-xp 00002000 08:03 654161                     /usr/lib/x86_64-linux-gnu/ld-linux-x86-64.so.2
7c8cbb219000-7c8cbb224000 r--p 0002c000 08:03 654161                     /usr/lib/x86_64-linux-gnu/ld-linux-x86-64.so.2
7c8cbb224000-7c8cbb225000 ---p 00000000 00:00 0 
7c8cbb225000-7c8cbb227000 r--p 00037000 08:03 654161                     /usr/lib/x86_64-linux-gnu/ld-linux-x86-64.so.2
7c8cbb227000-7c8cbb229000 rw-p 00039000 08:03 654161                     /usr/lib/x86_64-linux-gnu/ld-linux-x86-64.so.2
7fffb2779000-7fffb279b000 rw-p 00000000 00:00 0                          [stack]
7fffb27f6000-7fffb27fa000 r--p 00000000 00:00 0                          [vvar]
7fffb27fa000-7fffb27fc000 r-xp 00000000 00:00 0                          [vdso]
ffffffffff600000-ffffffffff601000 --xp 00000000 00:00 0                  [vsyscall]


VM Arguments:
jvm_args: -XX:ErrorFile=/home/ilmi/java_error_in_pycharm_%p.log -XX:HeapDumpPath=/home/ilmi/java_error_in_pycharm_.hprof -Xms256m -Xmx1500m -XX:+HeapDumpOnOutOfMemoryError -XX:-OmitStackTraceInFastThrow -XX:+IgnoreUnrecognizedVMOptions -ea -Dsun.io.useCanonCaches=false -Dsun.java2d.metal=true -Djbr.catch.SIGABRT=true -Djdk.http.auth.tunneling.disabledSchemes="" -Djdk.attach.allowAttachSelf=true -Djdk.module.illegalAccess.silent=true -Dkotlinx.coroutines.debug=off -XX:CICompilerCount=2 -XX:ReservedCodeCacheSize=512m -XX:CompileCommand=exclude,com/intellij/openapi/vfs/impl/FilePartNodeRoot,trieDescend -XX:SoftRefLRUPolicyMSPerMB=50 -Dide.show.tips.on.startup.default.value=false -Dsun.tools.attach.tmp.only=true -Dawt.lock.fair=true -Xmx2048m -Djb.vmOptionsFile=/home/ilmi/.config/JetBrains/PyCharmCE2024.1/pycharm64.vmoptions -Djava.system.class.loader=com.intellij.util.lang.PathClassLoader -Didea.vendor.name=JetBrains -Didea.paths.selector=PyCharmCE2024.1 -Djna.boot.library.path=/home/ilmi/pycharm-community-2024.1/lib/jna/amd64 -Dpty4j.preferred.native.folder=/home/ilmi/pycharm-community-2024.1/lib/pty4j -Djna.nosys=true -Djna.noclasspath=true -Dintellij.platform.runtime.repository.path=/home/ilmi/pycharm-community-2024.1/modules/module-descriptors.jar -Didea.platform.prefix=PyCharmCore -Dsplash=true -Daether.connector.resumeDownloads=false --add-opens=java.base/java.io=ALL-UNNAMED --add-opens=java.base/java.lang=ALL-UNNAMED --add-opens=java.base/java.lang.ref=ALL-UNNAMED --add-opens=java.base/java.lang.reflect=ALL-UNNAMED --add-opens=java.base/java.net=ALL-UNNAMED --add-opens=java.base/java.nio=ALL-UNNAMED --add-opens=java.base/java.nio.charset=ALL-UNNAMED --add-opens=java.base/java.text=ALL-UNNAMED --add-opens=java.base/java.time=ALL-UNNAMED --add-opens=java.base/java.util=ALL-UNNAMED --add-opens=java.base/java.util.concurrent=ALL-UNNAMED --add-opens=java.base/java.util.concurrent.atomic=ALL-UNNAMED --add-opens=java.base/java.util.concurrent.locks=ALL-UNNAMED --add-opens=java.base/jdk.internal.vm=ALL-UNNAMED --add-opens=java.base/sun.nio.ch=ALL-UNNAMED --add-opens=java.base/sun.nio.fs=ALL-UNNAMED --add-opens=java.base/sun.security.ssl=ALL-UNNAMED --add-opens=java.base/sun.security.util=ALL-UNNAMED --add-opens=java.base/sun.net.dns=ALL-UNNAMED --add-opens=java.desktop/com.sun.java.swing.plaf.gtk=ALL-UNNAMED --add-opens=java.desktop/java.awt=ALL-UNNAMED --add-opens=java.desktop/java.awt.dnd.peer=ALL-UNNAMED --add-opens=java.desktop/java.awt.event=ALL-UNNAMED --add-opens=java.desktop/java.awt.image=ALL-UNNAMED --add-opens=java.desktop/java.awt.peer=ALL-UNNAMED --add-opens=java.desktop/java.awt.font=ALL-UNNAMED --add-opens=java.desktop/javax.swing=ALL-UNNAMED --add-opens=java.desktop/javax.swing.plaf.basic=ALL-UNNAMED --add-opens=java.desktop/javax.swing.text=ALL-UNNAMED --add-opens=java.desktop/javax.swing.text.html=ALL-UNNAMED --add-opens=java.desktop/sun.awt.X11=ALL-UNNAMED --add-opens=java.desktop/sun.awt.datatransfer=ALL-UNNAMED --add-opens=java.desktop/sun.awt.image=ALL-UNNAMED --add-opens=java.desktop/sun.awt=ALL-UNNAMED --add-opens=java.desktop/sun.font=ALL-UNNAMED --add-opens=java.desktop/sun.java2d=ALL-UNNAMED --add-opens=java.desktop/sun.swing=ALL-UNNAMED --add-opens=java.desktop/com.sun.java.swing=ALL-UNNAMED --add-opens=jdk.attach/sun.tools.attach=ALL-UNNAMED --add-opens=jdk.compiler/com.sun.tools.javac.api=ALL-UNNAMED --add-opens=jdk.internal.jvmstat/sun.jvmstat.monitor=ALL-UNNAMED --add-opens=jdk.jdi/com.sun.tools.jdi=ALL-UNNAMED 
java_command: com.intellij.idea.Main
java_class_path (initial): /home/ilmi/pycharm-community-2024.1/lib/platform-loader.jar:/home/ilmi/pycharm-community-2024.1/lib/util-8.jar:/home/ilmi/pycharm-community-2024.1/lib/util.jar:/home/ilmi/pycharm-community-2024.1/lib/app-client.jar:/home/ilmi/pycharm-community-2024.1/lib/util_rt.jar:/home/ilmi/pycharm-community-2024.1/lib/opentelemetry.jar:/home/ilmi/pycharm-community-2024.1/lib/app.jar:/home/ilmi/pycharm-community-2024.1/lib/modules.jar:/home/ilmi/pycharm-community-2024.1/lib/lib-client.jar:/home/ilmi/pycharm-community-2024.1/lib/stats.jar:/home/ilmi/pycharm-community-2024.1/lib/jps-model.jar:/home/ilmi/pycharm-community-2024.1/lib/external-system-rt.jar:/home/ilmi/pycharm-community-2024.1/lib/rd.jar:/home/ilmi/pycharm-community-2024.1/lib/bouncy-castle.jar:/home/ilmi/pycharm-community-2024.1/lib/protobuf.jar:/home/ilmi/pycharm-community-2024.1/lib/intellij-test-discovery.jar:/home/ilmi/pycharm-community-2024.1/lib/intellij-coverage-agent-1.0.744.jar:/home/ilmi/pycharm-community-2024.1/lib/forms_rt.jar:/home/ilmi/pycharm-community-2024.1/lib/lib.jar:/home/ilmi/pycharm-community-2024.1/lib/externalProcess-rt.jar:/home/ilmi/pycharm-community-2024.1/lib/groovy.jar:/home/ilmi/pycharm-community-2024.1/lib/annotations.jar:/home/ilmi/pycharm-community-2024.1/lib/grpc.jar:/home/ilmi/pycharm-community-2024.1/lib/jsch-agent.jar:/home/ilmi/pycharm-community-2024.1/lib/junit4.jar:/home/ilmi/pycharm-community-2024.1/lib/trove.jar
Launcher Type: SUN_STANDARD

[Global flags]
     intx CICompilerCount                          = 2                                         {product} {command line}
ccstrlist CompileCommand                           = exclude,com/intellij/openapi/vfs/impl/FilePartNodeRoot,trieDescend            {product} {command line}
    ccstr ErrorFile                                = /home/ilmi/java_error_in_pycharm_%p.log            {product} {command line}
     bool HeapDumpOnOutOfMemoryError               = true                                   {manageable} {command line}
    ccstr HeapDumpPath                             = /home/ilmi/java_error_in_pycharm_.hprof         {manageable} {command line}
     bool IgnoreUnrecognizedVMOptions              = true                                      {product} {command line}
   size_t InitialHeapSize                          = 268435456                                 {product} {command line}
   size_t MaxHeapSize                              = 2147483648                                {product} {command line}
   size_t MaxNewSize                               = 715784192                                 {product} {ergonomic}
   size_t MinHeapDeltaBytes                        = 196608                                    {product} {ergonomic}
   size_t MinHeapSize                              = 268435456                                 {product} {command line}
   size_t NewSize                                  = 89456640                                  {product} {ergonomic}
    uintx NonNMethodCodeHeapSize                   = 5826188                                {pd product} {ergonomic}
    uintx NonProfiledCodeHeapSize                  = 265522362                              {pd product} {ergonomic}
   size_t OldSize                                  = 178978816                                 {product} {ergonomic}
     bool OmitStackTraceInFastThrow                = false                                     {product} {command line}
    uintx ProfiledCodeHeapSize                     = 265522362                              {pd product} {ergonomic}
    uintx ReservedCodeCacheSize                    = 536870912                              {pd product} {command line}
     bool SegmentedCodeCache                       = true                                      {product} {ergonomic}
   size_t SoftMaxHeapSize                          = 2147483648                             {manageable} {ergonomic}
     intx SoftRefLRUPolicyMSPerMB                  = 50                                        {product} {command line}
   double SweeperThreshold                         = 0.234375                                  {product} {ergonomic}
     bool UseCompressedClassPointers               = true                           {product lp64_product} {ergonomic}
     bool UseCompressedOops                        = true                           {product lp64_product} {ergonomic}
     bool UseSerialGC                              = true                                      {product} {ergonomic}

Logging:
Log output configuration:
 #0: stdout all=warning uptime,level,tags
 #1: stderr all=off uptime,level,tags

Environment Variables:
PATH=/home/ilmi/.local/bin:/usr/local/sbin:/usr/local/bin:/usr/sbin:/usr/bin:/sbin:/bin:/usr/games:/usr/local/games:/snap/bin
SHELL=/bin/bash
DISPLAY=:0
LANG=en_US.UTF-8
LC_NUMERIC=en_US.UTF-8
LC_TIME=en_US.UTF-8

Active Locale:
LC_ALL=en_US.UTF-8
LC_COLLATE=en_US.UTF-8
LC_CTYPE=en_US.UTF-8
LC_MESSAGES=en_US.UTF-8
LC_MONETARY=en_US.UTF-8
LC_NUMERIC=en_US.UTF-8
LC_TIME=en_US.UTF-8

Signal Handlers:
   SIGSEGV: crash_handler in libjvm.so, mask=11100100010111111101111111111110, flags=SA_RESTART|SA_SIGINFO, unblocked
    SIGBUS: crash_handler in libjvm.so, mask=11100100010111111101111111111110, flags=SA_RESTART|SA_SIGINFO, unblocked
    SIGFPE: crash_handler in libjvm.so, mask=11100100010111111101111111111110, flags=SA_RESTART|SA_SIGINFO, unblocked
   SIGPIPE: SIG_IGN, mask=00000000000010000000000000000000, flags=SA_RESTART, blocked
  *** Handler was modified!
  *** Expected: javaSignalHandler in libjvm.so, mask=11100100110111111111111111111110, flags=SA_RESTART|SA_SIGINFO
   SIGXFSZ: javaSignalHandler in libjvm.so, mask=11100100010111111101111111111110, flags=SA_RESTART|SA_SIGINFO, blocked
    SIGILL: crash_handler in libjvm.so, mask=11100100010111111101111111111110, flags=SA_RESTART|SA_SIGINFO, unblocked
   SIGUSR2: SR_handler in libjvm.so, mask=00000000000000000000000000000000, flags=SA_RESTART|SA_SIGINFO, blocked
    SIGHUP: UserHandler in libjvm.so, mask=11100100010111111101111111111110, flags=SA_RESTART|SA_SIGINFO, blocked
    SIGINT: UserHandler in libjvm.so, mask=11100100010111111101111111111110, flags=SA_RESTART|SA_SIGINFO, blocked
   SIGTERM: UserHandler in libjvm.so, mask=11100100010111111101111111111110, flags=SA_RESTART|SA_SIGINFO, blocked
   SIGQUIT: UserHandler in libjvm.so, mask=11100100010111111101111111111110, flags=SA_RESTART|SA_SIGINFO, blocked
   SIGTRAP: crash_handler in libjvm.so, mask=11100100010111111101111111111110, flags=SA_RESTART|SA_SIGINFO, unblocked


Periodic native trim disabled

JNI global refs:
JNI global refs: 131, weak refs: 205

JNI global refs memory usage: 2131, weak refs: 3393

OOME stack traces (most recent first):
Classloader memory used:
Loader com.intellij.util.lang.PathClassLoader                                          : 23663K
Loader bootstrap                                                                       : 6301K
Loader com.intellij.ide.plugins.cl.PluginClassLoader                                   : 5405K
Loader jdk.internal.loader.ClassLoaders$PlatformClassLoader                            : 254K
Loader jdk.internal.reflect.DelegatingClassLoader                                      : 112K
Loader jdk.internal.loader.ClassLoaders$AppClassLoader                                 : 58413B
Loader sun.reflect.misc.MethodUtil                                                     : 531B

Classes loaded by more than one classloader:
Class ai.grazie.nlp.patterns.Pattern$Exclusion                                        : loaded 2 times (x 92B)
Class ai.grazie.utils.mpp.TextRegex                                                   : loaded 2 times (x 70B)
Class ai.grazie.nlp.patterns.standard.StrictPatterns                                  : loaded 2 times (x 70B)
Class ai.grazie.nlp.patterns.LambdaMatchPattern                                       : loaded 2 times (x 74B)
Class ai.grazie.nlp.langs.alphabet.Alphabet$Group$Companion                           : loaded 2 times (x 70B)
Class ai.grazie.nlp.langs.alphabet.NoneAlphabet                                       : loaded 2 times (x 75B)
Class ai.grazie.nlp.langs.Language$Companion$1                                        : loaded 2 times (x 77B)
Class ai.grazie.nlp.patterns.AhoCorasickPattern                                       : loaded 2 times (x 95B)
Class ai.grazie.text.TextRange                                                        : loaded 2 times (x 70B)
Class ai.grazie.utils.CollectionsKt                                                   : loaded 2 times (x 70B)
Class ai.grazie.nlp.langs.LanguageISO                                                 : loaded 2 times (x 78B)
Class ai.grazie.nlp.tokenizer.Tokenizer                                               : loaded 2 times (x 69B)
Class ai.grazie.text.Text                                                             : loaded 2 times (x 84B)
Class ai.grazie.nlp.patterns.standard.LikelyPatterns$IsIPv4$1                         : loaded 2 times (x 94B)
Class ai.grazie.nlp.patterns.standard.LikelyPatterns$IsEncodedBinary$1                : loaded 2 times (x 77B)
Class ai.grazie.nlp.tokenizer.sequence.CharSequenceTokenizer                          : loaded 2 times (x 69B)
Class ai.grazie.nlp.patterns.standard.LikelyPatterns$IsCompositeInflection$1$1        : loaded 2 times (x 94B)
Class ai.grazie.nlp.patterns.standard.StrictPatterns$HasNoLetters$1                   : loaded 2 times (x 77B)
Class ai.grazie.nlp.patterns.AhoCorasickPattern$AhoCorasickBuilder$AutomataBuilderNode: loaded 2 times (x 71B)
Class ai.grazie.nlp.patterns.standard.LikelyPatterns$ChainedName$1$1                  : loaded 2 times (x 94B)
Class ai.grazie.nlp.patterns.ext.AbbreviationPatterns$German$2                        : loaded 2 times (x 77B)
Class ai.grazie.nlp.patterns.standard.LikelyPatterns$Chemical$1$1                     : loaded 2 times (x 94B)
Class ai.grazie.nlp.tokenizer.Tokenizer$Keys                                          : loaded 2 times (x 70B)
Class ai.grazie.nlp.patterns.standard.LikelyPatterns$HyphenatedName$1$1               : loaded 2 times (x 94B)
Class [Lai.grazie.nlp.langs.Language;                                                 : loaded 2 times (x 68B)
Class ai.grazie.nlp.patterns.Pattern$before$1                                         : loaded 2 times (x 95B)
Class ai.grazie.nlp.patterns.Pattern                                                  : loaded 2 times (x 69B)
Class ai.grazie.nlp.patterns.standard.LikelyPatterns$IsEmail$1                        : loaded 2 times (x 94B)
Class [Lai.grazie.nlp.patterns.MatchPattern;                                          : loaded 2 times (x 68B)
Class ai.grazie.nlp.patterns.ext.AbbreviationPatterns                                 : loaded 2 times (x 70B)
Class ai.grazie.nlp.patterns.standard.LikelyPatterns$IsMention$1$1                    : loaded 2 times (x 94B)
Class ai.grazie.nlp.patterns.standard.LikelyPatterns$IsGermanNumeral$1                : loaded 2 times (x 94B)
Class ai.grazie.nlp.langs.alphabet.Alphabet$Group$1                                   : loaded 2 times (x 77B)
Class ai.grazie.nlp.langs.alphabet.Alphabet$Group$2                                   : loaded 2 times (x 77B)
Class ai.grazie.nlp.langs.alphabet.Alphabet$Group$3                                   : loaded 2 times (x 77B)
Class ai.grazie.nlp.langs.alphabet.Alphabet$Group$4                                   : loaded 2 times (x 77B)
Class ai.grazie.nlp.langs.alphabet.Alphabet$Group$5                                   : loaded 2 times (x 77B)
Class ai.grazie.nlp.langs.alphabet.Alphabet$Group$6                                   : loaded 2 times (x 77B)
Class ai.grazie.nlp.langs.alphabet.Alphabet$Group$7                                   : loaded 2 times (x 77B)
Class ai.grazie.nlp.langs.alphabet.Alphabet$Group$8                                   : loaded 2 times (x 77B)
Class ai.grazie.nlp.langs.alphabet.SetBasedAlphabet                                   : loaded 2 times (x 75B)
Class ai.grazie.nlp.langs.Language$Companion$all$2                                    : loaded 2 times (x 77B)
Class ai.grazie.utils.CollectionFactory                                               : loaded 2 times (x 70B)
Class ai.grazie.utils.mpp.DataLoader$Path                                             : loaded 2 times (x 71B)
Class ai.grazie.nlp.patterns.ext.AbbreviationPatterns$Ukrainian$1$1                   : loaded 2 times (x 94B)
Class [Lai.grazie.nlp.langs.alphabet.Alphabet$Group;                                  : loaded 2 times (x 68B)
Class ai.grazie.nlp.patterns.standard.LikelyPatterns                                  : loaded 2 times (x 70B)
Class ai.grazie.utils.mpp.StreamDataLoader                                            : loaded 2 times (x 69B)
Class ai.grazie.nlp.patterns.ext.AbbreviationPatterns$CaseDotVaryingAhoCorasickPattern: loaded 2 times (x 95B)
Class ai.grazie.nlp.patterns.ext.AbbreviationPatterns$All$1                           : loaded 2 times (x 94B)
Class ai.grazie.nlp.patterns.standard.LikelyPatterns$ChatTextEmoji$1                  : loaded 2 times (x 94B)
Class ai.grazie.nlp.langs.Language                                                    : loaded 2 times (x 78B)
Class ai.grazie.nlp.langs.alphabet.Alphabet$Companion                                 : loaded 2 times (x 70B)
Class ai.grazie.nlp.patterns.AhoCorasickPattern$TrieNode                              : loaded 2 times (x 71B)
Class ai.grazie.DataHolder                                                            : loaded 2 times (x 71B)
Class ai.grazie.nlp.patterns.Pattern$afterWordBoundary$1                              : loaded 2 times (x 92B)
Class ai.grazie.nlp.tokenizer.word.HeuristicWordTokenizer                             : loaded 2 times (x 85B)
Class [Lai.grazie.nlp.patterns.AhoCorasickPattern$AhoCorasickBuilder$AutomataBuilderNode;: loaded 2 times (x 68B)
Class ai.grazie.nlp.utils.Symbols                                                     : loaded 2 times (x 70B)
Class ai.grazie.utils.mpp.RootDataLoader                                              : loaded 2 times (x 69B)
Class ai.grazie.nlp.langs.LanguageISO$Companion$1                                     : loaded 2 times (x 77B)
Class ai.grazie.nlp.patterns.standard.StrictPatterns$IsNumber$1                       : loaded 2 times (x 77B)
Class ai.grazie.nlp.patterns.standard.LikelyPatterns$PunctuationOperator$1            : loaded 2 times (x 94B)
Class ai.grazie.DataHolder$Key                                                        : loaded 2 times (x 70B)
Class ai.grazie.nlp.patterns.Pattern$After                                            : loaded 2 times (x 92B)
Class [Lai.grazie.nlp.patterns.Pattern;                                               : loaded 2 times (x 68B)
Class ai.grazie.nlp.patterns.standard.StrictPatterns$HasNumber$1                      : loaded 2 times (x 77B)
Class ai.grazie.utils.mpp.DataLoader                                                  : loaded 2 times (x 69B)
Class ai.grazie.nlp.patterns.standard.LikelyPatterns$TicketName$1                     : loaded 2 times (x 94B)
Class ai.grazie.nlp.tokenizer.sequence.NonDestructiveCharSequenceTokenizer            : loaded 2 times (x 69B)
Class ai.grazie.nlp.patterns.Pattern$beforeWordBoundary$1                             : loaded 2 times (x 95B)
Class ai.grazie.nlp.patterns.ext.AbbreviationPatterns$UpperCaseSequence$1             : loaded 2 times (x 94B)
Class ai.grazie.nlp.patterns.ext.AbbreviationPatterns$Russian$1                       : loaded 2 times (x 94B)
Class ai.grazie.nlp.tokenizer.NonDestructiveTokenizer                                 : loaded 2 times (x 69B)
Class ai.grazie.nlp.patterns.standard.LikelyPatterns$IsFilePath$1$1                   : loaded 2 times (x 94B)
Class ai.grazie.nlp.patterns.standard.LikelyPatterns$NameInitials$1                   : loaded 2 times (x 94B)
Class ai.grazie.text.TextRange$Companion                                              : loaded 2 times (x 70B)
Class ai.grazie.nlp.patterns.AhoCorasickPattern$AhoCorasickBuilder                    : loaded 2 times (x 71B)
Class ai.grazie.nlp.langs.Language$Companion                                          : loaded 2 times (x 70B)
Class ai.grazie.nlp.patterns.standard.LikelyPatterns$IsOrdinalNumeral$1               : loaded 2 times (x 94B)
Class [Lai.grazie.nlp.langs.alphabet.Alphabet;                                        : loaded 2 times (x 68B)
Class ai.grazie.nlp.patterns.standard.LikelyPatterns$ActionNameEllipsis$1             : loaded 2 times (x 94B)
Class ai.grazie.DataHolder$data$2                                                     : loaded 2 times (x 77B)
Class ai.grazie.nlp.patterns.standard.LikelyPatterns$IsURL$1                          : loaded 2 times (x 92B)
Class ai.grazie.utils.mpp.Resources                                                   : loaded 2 times (x 70B)
Class ai.grazie.nlp.langs.alphabet.RegexAlphabet                                      : loaded 2 times (x 75B)
Class [Lai.grazie.nlp.langs.LanguageISO;                                              : loaded 2 times (x 68B)
Class ai.grazie.nlp.patterns.standard.LikelyPatterns$CommandLineOption$1              : loaded 2 times (x 94B)
Class ai.grazie.nlp.patterns.RegexPattern                                             : loaded 2 times (x 94B)
Class ai.grazie.nlp.patterns.standard.LikelyPatterns$GeneratedId$1                    : loaded 2 times (x 94B)
Class ai.grazie.nlp.patterns.Pattern$Before                                           : loaded 2 times (x 95B)
Class ai.grazie.nlp.langs.LanguageISO$Companion                                       : loaded 2 times (x 70B)
Class ai.grazie.nlp.tokenizer.Tokenizer$Token                                         : loaded 2 times (x 71B)
Class ai.grazie.nlp.patterns.standard.StrictPatterns$IsApostrophe$1                   : loaded 2 times (x 77B)
Class ai.grazie.nlp.patterns.AggregatedPattern                                        : loaded 2 times (x 94B)
Class ai.grazie.utils.mpp.RootStreamDataLoader                                        : loaded 2 times (x 69B)
Class ai.grazie.utils.mpp.FromResourcesDataLoader                                     : loaded 2 times (x 94B)
Class ai.grazie.nlp.langs.alphabet.Alphabet$Group                                     : loaded 2 times (x 78B)
Class ai.grazie.nlp.langs.alphabet.Alphabet                                           : loaded 2 times (x 75B)
Class ai.grazie.nlp.patterns.MatchPattern                                             : loaded 2 times (x 69B)


---------------  S Y S T E M  ---------------

OS:
DISTRIB_ID=Ubuntu
DISTRIB_RELEASE=22.04
DISTRIB_CODENAME=jammy
DISTRIB_DESCRIPTION="Ubuntu 22.04.4 LTS"
uname: Linux 6.5.0-28-generic #29~22.04.1-Ubuntu SMP PREEMPT_DYNAMIC Thu Apr  4 14:39:20 UTC 2 x86_64
OS uptime: 0 days 0:41 hours
libc: glibc 2.35 NPTL 2.35 
rlimit (soft/hard): STACK 8192k/infinity , CORE 0k/infinity , NPROC 19078/19078 , NOFILE 1048576/1048576 , AS infinity/infinity , CPU infinity/infinity , DATA infinity/infinity , FSIZE infinity/infinity , MEMLOCK 626876k/626876k
load average: 0.26 0.52 0.51

/proc/meminfo:
MemTotal:        5015028 kB
MemFree:          381048 kB
MemAvailable:    2287636 kB
Buffers:           78768 kB
Cached:          2057596 kB
SwapCached:            0 kB
Active:          3509824 kB
Inactive:         836620 kB
Active(anon):    2277264 kB
Inactive(anon):        0 kB
Active(file):    1232560 kB
Inactive(file):   836620 kB
Unevictable:           0 kB
Mlocked:               0 kB
SwapTotal:       2904060 kB
SwapFree:        2904060 kB
Zswap:                 0 kB
Zswapped:              0 kB
Dirty:               296 kB
Writeback:             0 kB
AnonPages:       2210120 kB
Mapped:           908756 kB
Shmem:             67148 kB
KReclaimable:      88012 kB
Slab:             165636 kB
SReclaimable:      88012 kB
SUnreclaim:        77624 kB
KernelStack:        9088 kB
PageTables:        22956 kB
SecPageTables:         0 kB
NFS_Unstable:          0 kB
Bounce:                0 kB
WritebackTmp:          0 kB
CommitLimit:     5411572 kB
Committed_AS:    4521036 kB
VmallocTotal:   34359738367 kB
VmallocUsed:       31500 kB
VmallocChunk:          0 kB
Percpu:              648 kB
HardwareCorrupted:     0 kB
AnonHugePages:         0 kB
ShmemHugePages:        0 kB
ShmemPmdMapped:        0 kB
FileHugePages:         0 kB
FilePmdMapped:         0 kB
Unaccepted:            0 kB
HugePages_Total:       0
HugePages_Free:        0
HugePages_Rsvd:        0
HugePages_Surp:        0
Hugepagesize:       2048 kB
Hugetlb:               0 kB
DirectMap4k:      102336 kB
DirectMap2M:     5128192 kB

/sys/kernel/mm/transparent_hugepage/enabled: always [madvise] never
/sys/kernel/mm/transparent_hugepage/defrag (defrag/compaction efforts parameter): always defer defer+madvise [madvise] never

Process Memory:
Virtual Size: 6447728K (peak: 6498168K)
Resident Set Size: 1692136K (peak: 1692136K) (anon: 1277084K, file: 415012K, shmem: 40K)
Swapped out: 0K
C-Heap outstanding allocations: 276063K, retained: 44616K
glibc malloc tunables: (default)

/proc/sys/kernel/threads-max (system-wide limit on the number of threads): 38156
/proc/sys/vm/max_map_count (maximum number of memory map areas a process may have): 65530
/proc/sys/kernel/pid_max (system-wide limit on number of process identifiers): 4194304

container (cgroup) information:
container_type: cgroupv2
cpu_cpuset_cpus: not supported
cpu_memory_nodes: not supported
active_processor_count: 1
cpu_quota: not supported
cpu_period: not supported
cpu_shares: not supported
memory_limit_in_bytes: unlimited
memory_and_swap_limit_in_bytes: unlimited
memory_soft_limit_in_bytes: unlimited
memory_usage_in_bytes: 1943012 k
memory_max_usage_in_bytes: not supported
memory_swap_current_in_bytes: unlimited
memory_swap_max_limit_in_bytes: unlimited
maximum number of tasks: 5723
current number of tasks: 57

Steal ticks since vm start: 0
Steal ticks percentage since vm start:  0.000

CPU: total 1 (initial active 1) (1 cores per cpu, 1 threads per core) family 6 model 142 stepping 12 microcode 0x0, cx8, cmov, fxsr, mmx, 3dnowpref, sse, sse2, sse3, ssse3, sse4.1, sse4.2, popcnt, lzcnt, tsc, tscinvbit, avx, avx2, aes, clmul, bmi1, bmi2, vzeroupper, clflush, clflushopt, hv
CPU Model and flags from /proc/cpuinfo:
model name	: Intel(R) Core(TM) i5-10210U CPU @ 1.60GHz
flags		: fpu vme de pse tsc msr pae mce cx8 apic sep mtrr pge mca cmov pat pse36 clflush mmx fxsr sse sse2 ht syscall nx rdtscp lm constant_tsc rep_good nopl xtopology nonstop_tsc cpuid pni pclmulqdq monitor ssse3 cx16 pcid sse4_1 sse4_2 movbe popcnt aes xsave avx rdrand hypervisor lahf_lm abm 3dnowprefetch invpcid_single fsgsbase bmi1 avx2 bmi2 invpcid rdseed clflushopt md_clear flush_l1d arch_capabilities

Online cpus: 0
Offline cpus: 
BIOS frequency limitation: <Not Available>
Frequency switch latency (ns): <Not Available>
Available cpu frequencies: <Not Available>
Current governor: <Not Available>
Core performance/turbo boost: <Not Available>

Memory: 4k page, physical 5015028k(381048k free), swap 2904060k(2904060k free)
Page Sizes: 4k

vm_info: OpenJDK 64-Bit Server VM (17.0.10+8-b1207.12) for linux-amd64 JRE (17.0.10+8-b1207.12), built on 2024-03-15 by "builduser" with gcc 10.2.1 20210130 (Red Hat 10.2.1-11)

END.
